ISO-10303-21;
HEADER;
/* Generated by software containing ST-Developer
 * from STEP Tools, Inc. (www.steptools.com) 
 */
/* OPTION: using custom renumber hook */

FILE_DESCRIPTION(
/* description */ ('STEP AP242 Edition 2',
'CAx-IF Rec.Pracs.---Representation and Presentation of Product Manufa
cturing Information (PMI)---4.0---2014-10-13',
'CAx-IF Rec.Pracs.---3D Tessellated Geometry---0.4---2014-09-14','2;1',
'CAx-IF Rec.Pracs.---User Defined Attributes---1.5---2016-08-15'),
/* implementation_level */ '2;1');

FILE_NAME(
/* name */ 'inline - spine',
/* time_stamp */ '2026-10-07T20:31:03Z',
/* author */ (''),
/* organization */ (''),
/* preprocessor_version */ 'ST-DEVELOPER v20',
/* originating_system */ 'ONSHAPE BY PTC INC, 1.221',
/* authorisation */ '  ');

FILE_SCHEMA (('AP242_MANAGED_MODEL_BASED_3D_ENGINEERING_MIM_LF { 1 0 10303 442 3 1 4 }'));
ENDSEC;

DATA;
#10=SHAPE_REPRESENTATION_RELATIONSHIP('','',#913,#11);
#11=ADVANCED_BREP_SHAPE_REPRESENTATION('',(#911),#2829);
#12=TOROIDAL_SURFACE('',#957,0.0065181777825013,0.000285);
#13=TOROIDAL_SURFACE('',#959,0.0065181777825013,0.000285);
#14=TOROIDAL_SURFACE('',#979,0.00579500008847565,0.000285);
#15=TOROIDAL_SURFACE('',#981,0.00579500008847565,0.000285);
#16=TOROIDAL_SURFACE('',#982,0.00579500008847565,0.000285);
#17=TOROIDAL_SURFACE('',#984,0.00579500008847565,0.000285);
#18=TOROIDAL_SURFACE('',#988,0.0065181777825013,0.000285);
#19=TOROIDAL_SURFACE('',#990,0.0065181777825013,0.000285);
#20=B_SPLINE_SURFACE_WITH_KNOTS('',3,3,((#1471,#1472,#1473,#1474,#1475,
#1476,#1477,#1478,#1479,#1480),(#1481,#1482,#1483,#1484,#1485,#1486,#1487,
#1488,#1489,#1490),(#1491,#1492,#1493,#1494,#1495,#1496,#1497,#1498,#1499,
#1500),(#1501,#1502,#1503,#1504,#1505,#1506,#1507,#1508,#1509,#1510),(#1511,
#1512,#1513,#1514,#1515,#1516,#1517,#1518,#1519,#1520),(#1521,#1522,#1523,
#1524,#1525,#1526,#1527,#1528,#1529,#1530),(#1531,#1532,#1533,#1534,#1535,
#1536,#1537,#1538,#1539,#1540)),.UNSPECIFIED.,.F.,.F.,.F.,(4,3,4),(4,1,
1,1,1,1,1,4),(0.,1.,1.01),(1.65115559012893,2.01911940706381,2.3870832239987,
2.75504704093358,3.12301085786847,3.49097467480335,3.85893849173824,4.22690230867312),
 .UNSPECIFIED.);
#21=B_SPLINE_SURFACE_WITH_KNOTS('',3,3,((#1728,#1729,#1730,#1731,#1732),
(#1733,#1734,#1735,#1736,#1737),(#1738,#1739,#1740,#1741,#1742),(#1743,
#1744,#1745,#1746,#1747),(#1748,#1749,#1750,#1751,#1752)),.UNSPECIFIED.,
 .F.,.F.,.F.,(4,1,4),(4,1,4),(0.,0.5,1.),(1.84961419132971E-16,0.108341498665602,
0.189597622664803),.UNSPECIFIED.);
#22=B_SPLINE_SURFACE_WITH_KNOTS('',3,3,((#1774,#1775,#1776,#1777,#1778),
(#1779,#1780,#1781,#1782,#1783),(#1784,#1785,#1786,#1787,#1788),(#1789,
#1790,#1791,#1792,#1793),(#1794,#1795,#1796,#1797,#1798)),.UNSPECIFIED.,
 .F.,.F.,.F.,(4,1,4),(4,1,4),(0.,0.5,1.),(5.13736986451435E-18,0.0812558576361207,
0.189597001150948),.UNSPECIFIED.);
#23=B_SPLINE_SURFACE_WITH_KNOTS('',3,3,((#1824,#1825,#1826,#1827,#1828,
#1829,#1830,#1831,#1832,#1833,#1834,#1835,#1836,#1837,#1838,#1839,#1840),
(#1841,#1842,#1843,#1844,#1845,#1846,#1847,#1848,#1849,#1850,#1851,#1852,
#1853,#1854,#1855,#1856,#1857),(#1858,#1859,#1860,#1861,#1862,#1863,#1864,
#1865,#1866,#1867,#1868,#1869,#1870,#1871,#1872,#1873,#1874),(#1875,#1876,
#1877,#1878,#1879,#1880,#1881,#1882,#1883,#1884,#1885,#1886,#1887,#1888,
#1889,#1890,#1891),(#1892,#1893,#1894,#1895,#1896,#1897,#1898,#1899,#1900,
#1901,#1902,#1903,#1904,#1905,#1906,#1907,#1908),(#1909,#1910,#1911,#1912,
#1913,#1914,#1915,#1916,#1917,#1918,#1919,#1920,#1921,#1922,#1923,#1924,
#1925),(#1926,#1927,#1928,#1929,#1930,#1931,#1932,#1933,#1934,#1935,#1936,
#1937,#1938,#1939,#1940,#1941,#1942),(#1943,#1944,#1945,#1946,#1947,#1948,
#1949,#1950,#1951,#1952,#1953,#1954,#1955,#1956,#1957,#1958,#1959),(#1960,
#1961,#1962,#1963,#1964,#1965,#1966,#1967,#1968,#1969,#1970,#1971,#1972,
#1973,#1974,#1975,#1976)),.UNSPECIFIED.,.F.,.F.,.F.,(4,1,1,3,4),(4,2,1,
1,1,1,1,1,1,1,1,1,1,4),(0.,0.285714285714286,0.571428571428571,1.,1.01),
(-0.0018417035649794,0.,0.0655616944560707,0.131123388912141,0.262246777824283,
0.393370166736424,0.524493555648566,0.655616944560707,0.786740333472848,
0.91786372238499,0.983425416841061,1.04898711129713,1.18011050020927,1.31123388912141),
 .UNSPECIFIED.);
#24=B_SPLINE_SURFACE_WITH_KNOTS('',3,1,((#2081,#2082),(#2083,#2084),(#2085,
#2086),(#2087,#2088),(#2089,#2090),(#2091,#2092),(#2093,#2094),(#2095,#2096),
(#2097,#2098),(#2099,#2100)),.SURF_OF_LINEAR_EXTRUSION.,.F.,.F.,.F.,(4,
1,1,1,1,1,1,4),(2,2),(-0.893289345562795,-0.781996815415358,-0.670704285267922,
-0.559411755120486,-0.44811922497305,-0.336826694825614,-0.225534164678177,
-0.00294910438330486),(0.,1.),.UNSPECIFIED.);
#25=B_SPLINE_SURFACE_WITH_KNOTS('',3,3,((#2264,#2265,#2266,#2267,#2268,
#2269),(#2270,#2271,#2272,#2273,#2274,#2275),(#2276,#2277,#2278,#2279,#2280,
#2281),(#2282,#2283,#2284,#2285,#2286,#2287),(#2288,#2289,#2290,#2291,#2292,
#2293)),.UNSPECIFIED.,.F.,.F.,.F.,(4,1,4),(4,1,1,4),(0.,0.5,1.),(0.,0.081386029143894,
0.13564338190649,0.189900734669086),.UNSPECIFIED.);
#26=B_SPLINE_SURFACE_WITH_KNOTS('',3,3,((#2303,#2304,#2305,#2306,#2307),
(#2308,#2309,#2310,#2311,#2312),(#2313,#2314,#2315,#2316,#2317),(#2318,
#2319,#2320,#2321,#2322),(#2323,#2324,#2325,#2326,#2327)),.UNSPECIFIED.,
 .F.,.F.,.F.,(4,1,4),(4,1,4),(0.,0.5,1.),(0.,0.0813857135356095,0.189899998249755),
 .UNSPECIFIED.);
#27=B_SPLINE_SURFACE_WITH_KNOTS('',3,3,((#2346,#2347,#2348,#2349,#2350,
#2351),(#2352,#2353,#2354,#2355,#2356,#2357),(#2358,#2359,#2360,#2361,#2362,
#2363),(#2364,#2365,#2366,#2367,#2368,#2369),(#2370,#2371,#2372,#2373,#2374,
#2375)),.UNSPECIFIED.,.F.,.F.,.F.,(4,1,4),(4,1,1,4),(0.,0.5,1.),(0.,0.0813860283344386,
0.135643380557398,0.189900732780357),.UNSPECIFIED.);
#28=B_SPLINE_SURFACE_WITH_KNOTS('',3,3,((#2385,#2386,#2387,#2388,#2389),
(#2390,#2391,#2392,#2393,#2394),(#2395,#2396,#2397,#2398,#2399),(#2400,
#2401,#2402,#2403,#2404),(#2405,#2406,#2407,#2408,#2409)),.UNSPECIFIED.,
 .F.,.F.,.F.,(4,1,4),(4,1,4),(0.,0.5,1.),(0.,0.0813857148419132,0.189900001297797),
 .UNSPECIFIED.);
#29=B_SPLINE_SURFACE_WITH_KNOTS('',3,3,((#2415,#2416,#2417,#2418,#2419,
#2420,#2421,#2422,#2423,#2424,#2425,#2426,#2427,#2428,#2429,#2430,#2431,
#2432,#2433,#2434,#2435,#2436,#2437,#2438,#2439,#2440,#2441),(#2442,#2443,
#2444,#2445,#2446,#2447,#2448,#2449,#2450,#2451,#2452,#2453,#2454,#2455,
#2456,#2457,#2458,#2459,#2460,#2461,#2462,#2463,#2464,#2465,#2466,#2467,
#2468),(#2469,#2470,#2471,#2472,#2473,#2474,#2475,#2476,#2477,#2478,#2479,
#2480,#2481,#2482,#2483,#2484,#2485,#2486,#2487,#2488,#2489,#2490,#2491,
#2492,#2493,#2494,#2495),(#2496,#2497,#2498,#2499,#2500,#2501,#2502,#2503,
#2504,#2505,#2506,#2507,#2508,#2509,#2510,#2511,#2512,#2513,#2514,#2515,
#2516,#2517,#2518,#2519,#2520,#2521,#2522),(#2523,#2524,#2525,#2526,#2527,
#2528,#2529,#2530,#2531,#2532,#2533,#2534,#2535,#2536,#2537,#2538,#2539,
#2540,#2541,#2542,#2543,#2544,#2545,#2546,#2547,#2548,#2549)),
 .UNSPECIFIED.,.F.,.F.,.F.,(4,1,4),(4,2,1,1,1,1,1,1,1,1,1,1,1,1,1,1,1,1,
1,1,1,2,4),(0.,0.5,1.),(-2.44158382680029,-2.43973382008906,-2.31775031267373,
-2.19576680525839,-2.07378329784306,-1.95179979042773,-1.8298162830124,
-1.70783277559707,-1.58584926818174,-1.46386576076641,-1.34188225335107,
-1.21989874593574,-1.09791523852041,-0.975931731105079,-0.853948223689747,
-0.731964716274416,-0.609981208859084,-0.487997701443752,-0.366014194028421,
-0.244030686613089,-0.122047179197758,-6.36717824259215E-5,0.00178633493236061),
 .UNSPECIFIED.);
#30=B_SPLINE_SURFACE_WITH_KNOTS('',3,3,((#2609,#2610,#2611,#2612,#2613),
(#2614,#2615,#2616,#2617,#2618),(#2619,#2620,#2621,#2622,#2623),(#2624,
#2625,#2626,#2627,#2628),(#2629,#2630,#2631,#2632,#2633)),.UNSPECIFIED.,
 .F.,.F.,.F.,(4,1,4),(4,1,4),(0.,0.5,1.),(0.,0.0812561262064653,0.189597627815086),
 .UNSPECIFIED.);
#31=B_SPLINE_SURFACE_WITH_KNOTS('',3,3,((#2643,#2644,#2645,#2646,#2647,
#2648),(#2649,#2650,#2651,#2652,#2653,#2654),(#2655,#2656,#2657,#2658,#2659,
#2660),(#2661,#2662,#2663,#2664,#2665,#2666),(#2667,#2668,#2669,#2670,#2671,
#2672)),.UNSPECIFIED.,.F.,.F.,.F.,(4,1,4),(4,1,1,4),(0.,0.5,1.),(0.,0.081255848972137,
0.135426414953562,0.189596980934986),.UNSPECIFIED.);
#32=B_SPLINE_SURFACE_WITH_KNOTS('',3,3,((#2684,#2685,#2686,#2687,#2688,
#2689,#2690,#2691,#2692,#2693,#2694,#2695,#2696,#2697,#2698,#2699),(#2700,
#2701,#2702,#2703,#2704,#2705,#2706,#2707,#2708,#2709,#2710,#2711,#2712,
#2713,#2714,#2715),(#2716,#2717,#2718,#2719,#2720,#2721,#2722,#2723,#2724,
#2725,#2726,#2727,#2728,#2729,#2730,#2731),(#2732,#2733,#2734,#2735,#2736,
#2737,#2738,#2739,#2740,#2741,#2742,#2743,#2744,#2745,#2746,#2747),(#2748,
#2749,#2750,#2751,#2752,#2753,#2754,#2755,#2756,#2757,#2758,#2759,#2760,
#2761,#2762,#2763),(#2764,#2765,#2766,#2767,#2768,#2769,#2770,#2771,#2772,
#2773,#2774,#2775,#2776,#2777,#2778,#2779),(#2780,#2781,#2782,#2783,#2784,
#2785,#2786,#2787,#2788,#2789,#2790,#2791,#2792,#2793,#2794,#2795),(#2796,
#2797,#2798,#2799,#2800,#2801,#2802,#2803,#2804,#2805,#2806,#2807,#2808,
#2809,#2810,#2811),(#2812,#2813,#2814,#2815,#2816,#2817,#2818,#2819,#2820,
#2821,#2822,#2823,#2824,#2825,#2826,#2827)),.UNSPECIFIED.,.F.,.F.,.F.,(4,
1,1,3,4),(4,1,1,1,1,1,1,1,1,1,1,2,4),(0.,0.285714285714286,0.571428571428571,
1.,1.01),(-1.30539898309053,-1.17486542294066,-1.0443318627908,-0.979065082715869,
-0.913798302640938,-0.783264742491075,-0.652731182341213,-0.52219762219135,
-0.391664062041487,-0.261130501891624,-0.130596941741761,-6.33815918986346E-5,
0.00177814450983194),.UNSPECIFIED.);
#33=CONICAL_SURFACE('',#939,0.00230607619036754,0.785398163397449);
#34=(
BOUNDED_SURFACE()
B_SPLINE_SURFACE(1,3,((#1331,#1332,#1333,#1334),(#1335,#1336,#1337,#1338)),
 .SURF_OF_REVOLUTION.,.F.,.F.,.F.)
B_SPLINE_SURFACE_WITH_KNOTS((2,2),(4,4),(0.0119421453028708,0.14693711479272),
(0.,1.),.PIECEWISE_BEZIER_KNOTS.)
GEOMETRIC_REPRESENTATION_ITEM()
RATIONAL_B_SPLINE_SURFACE(((0.877325051229855,0.781784825437603,0.781784825437603,
0.877325051229855),(0.877325051229855,0.781784825437603,0.781784825437603,
0.877325051229855)))
REPRESENTATION_ITEM('')
SURFACE()
);
#35=(
BOUNDED_SURFACE()
B_SPLINE_SURFACE(1,3,((#1342,#1343,#1344,#1345),(#1346,#1347,#1348,#1349)),
 .SURF_OF_REVOLUTION.,.F.,.F.,.F.)
B_SPLINE_SURFACE_WITH_KNOTS((2,2),(4,4),(0.00416854378504812,0.14693711479272),
(0.,1.),.PIECEWISE_BEZIER_KNOTS.)
GEOMETRIC_REPRESENTATION_ITEM()
RATIONAL_B_SPLINE_SURFACE(((1.,0.871106601426601,0.871106601426601,1.),
(1.,0.871106601426601,0.871106601426601,1.)))
REPRESENTATION_ITEM('')
SURFACE()
);
#36=(
BOUNDED_SURFACE()
B_SPLINE_SURFACE(1,3,((#1351,#1352,#1353,#1354),(#1355,#1356,#1357,#1358)),
 .SURF_OF_REVOLUTION.,.F.,.F.,.F.)
B_SPLINE_SURFACE_WITH_KNOTS((2,2),(4,4),(0.00416854378504812,0.14693711479272),
(0.,1.),.PIECEWISE_BEZIER_KNOTS.)
GEOMETRIC_REPRESENTATION_ITEM()
RATIONAL_B_SPLINE_SURFACE(((0.877325051229855,0.497801683975239,0.497801683975239,
0.877325051229855),(0.877325051229855,0.497801683975239,0.497801683975239,
0.877325051229855)))
REPRESENTATION_ITEM('')
SURFACE()
);
#37=LINE('',#1247,#67);
#38=LINE('',#1256,#68);
#39=LINE('',#1271,#69);
#40=LINE('',#1274,#70);
#41=LINE('',#1322,#71);
#42=LINE('',#1326,#72);
#43=LINE('',#1328,#73);
#44=LINE('',#1330,#74);
#45=LINE('',#1339,#75);
#46=LINE('',#1384,#76);
#47=LINE('',#1400,#77);
#48=LINE('',#1562,#78);
#49=LINE('',#1636,#79);
#50=LINE('',#1646,#80);
#51=LINE('',#1668,#81);
#52=LINE('',#1678,#82);
#53=LINE('',#1768,#83);
#54=LINE('',#2020,#84);
#55=LINE('',#2034,#85);
#56=LINE('',#2046,#86);
#57=LINE('',#2048,#87);
#58=LINE('',#2050,#88);
#59=LINE('',#2062,#89);
#60=LINE('',#2076,#90);
#61=LINE('',#2145,#91);
#62=LINE('',#2232,#92);
#63=LINE('',#2244,#93);
#64=LINE('',#2246,#94);
#65=LINE('',#2248,#95);
#66=LINE('',#2595,#96);
#67=VECTOR('',#1007,1.);
#68=VECTOR('',#1010,1.);
#69=VECTOR('',#1015,1.);
#70=VECTOR('',#1016,1.);
#71=VECTOR('',#1029,1.);
#72=VECTOR('',#1032,1.);
#73=VECTOR('',#1035,1.);
#74=VECTOR('',#1036,1.);
#75=VECTOR('',#1037,1.);
#76=VECTOR('',#1046,1.);
#77=VECTOR('',#1049,1.);
#78=VECTOR('',#1070,1.);
#79=VECTOR('',#1075,1.);
#80=VECTOR('',#1080,1.);
#81=VECTOR('',#1085,1.);
#82=VECTOR('',#1090,1.);
#83=VECTOR('',#1097,1.);
#84=VECTOR('',#1108,1.);
#85=VECTOR('',#1113,1.);
#86=VECTOR('',#1116,1.);
#87=VECTOR('',#1117,1.);
#88=VECTOR('',#1118,1.);
#89=VECTOR('',#1121,1.);
#90=VECTOR('',#1126,1.);
#91=VECTOR('',#1131,1.);
#92=VECTOR('',#1140,1.);
#93=VECTOR('',#1143,1.);
#94=VECTOR('',#1146,1.);
#95=VECTOR('',#1147,1.);
#96=VECTOR('',#1166,1.);
#97=PLANE('',#921);
#98=PLANE('',#924);
#99=PLANE('',#930);
#100=PLANE('',#932);
#101=PLANE('',#950);
#102=PLANE('',#953);
#103=PLANE('',#962);
#104=PLANE('',#966);
#105=PLANE('',#968);
#106=PLANE('',#973);
#107=PLANE('',#977);
#108=CYLINDRICAL_SURFACE('',#920,0.00153273762824093);
#109=CYLINDRICAL_SURFACE('',#923,0.00153943613676263);
#110=CYLINDRICAL_SURFACE('',#936,0.00301857619036754);
#111=CYLINDRICAL_SURFACE('',#945,0.00551000008847565);
#112=CYLINDRICAL_SURFACE('',#954,0.0068031777825013);
#113=CYLINDRICAL_SURFACE('',#958,0.000285);
#114=CYLINDRICAL_SURFACE('',#965,0.001425);
#115=CYLINDRICAL_SURFACE('',#967,0.001425);
#116=CYLINDRICAL_SURFACE('',#976,0.001425);
#117=CYLINDRICAL_SURFACE('',#978,0.001425);
#118=CYLINDRICAL_SURFACE('',#980,0.000285);
#119=CYLINDRICAL_SURFACE('',#983,0.000285);
#120=CYLINDRICAL_SURFACE('',#985,0.0068031777825013);
#121=CYLINDRICAL_SURFACE('',#989,0.000285);
#122=B_SPLINE_CURVE_WITH_KNOTS('',3,(#1182,#1183,#1184,#1185,#1186),
 .UNSPECIFIED.,.F.,.F.,(4,1,4),(9.5384527120676E-23,0.00024192754783767,
0.000483855095675339),.UNSPECIFIED.);
#123=B_SPLINE_CURVE_WITH_KNOTS('',3,(#1188,#1189,#1190,#1191,#1192,#1193,
#1194,#1195,#1196,#1197,#1198,#1199,#1200),.UNSPECIFIED.,.F.,.F.,(4,1,1,
1,1,1,1,1,1,1,4),(6.11627480901076E-15,0.0020425178647967,0.00408503572958728,
0.00612755359437785,0.00714881252677314,0.00817007145916843,0.00919133039156372,
0.010212589323959,0.0122551071887496,0.0142976250535402,0.0163401429183308),
 .UNSPECIFIED.);
#124=B_SPLINE_CURVE_WITH_KNOTS('',3,(#1202,#1203,#1204,#1205,#1206),
 .UNSPECIFIED.,.F.,.F.,(4,1,4),(1.25599469969907E-13,0.000242413135411843,
0.000484826270698086),.UNSPECIFIED.);
#125=B_SPLINE_CURVE_WITH_KNOTS('',3,(#1212,#1213,#1214,#1215,#1216,#1217,
#1218),.UNSPECIFIED.,.F.,.F.,(4,1,1,1,4),(0.,0.0012130955251355,0.002426191050271,
0.00363928657540649,0.00485238210054199),.UNSPECIFIED.);
#126=B_SPLINE_CURVE_WITH_KNOTS('',3,(#1220,#1221,#1222,#1223,#1224,#1225,
#1226),.UNSPECIFIED.,.F.,.F.,(4,1,1,1,4),(0.,0.00121546082511019,0.00243092165022037,
0.00364638247533056,0.00486184330044074),.UNSPECIFIED.);
#127=B_SPLINE_CURVE_WITH_KNOTS('',3,(#1229,#1230,#1231,#1232),
 .UNSPECIFIED.,.F.,.F.,(4,4),(0.,1.),.UNSPECIFIED.);
#128=B_SPLINE_CURVE_WITH_KNOTS('',3,(#1234,#1235,#1236,#1237,#1238,#1239,
#1240),.UNSPECIFIED.,.F.,.F.,(4,1,1,1,4),(2.62346300524355E-10,0.00121156433146168,
0.00242312840057705,0.00363469246969242,0.0048462565388078),
 .UNSPECIFIED.);
#129=B_SPLINE_CURVE_WITH_KNOTS('',3,(#1242,#1243,#1244,#1245),
 .UNSPECIFIED.,.F.,.F.,(4,4),(0.,1.),.UNSPECIFIED.);
#130=B_SPLINE_CURVE_WITH_KNOTS('',3,(#1252,#1253,#1254,#1255),
 .UNSPECIFIED.,.F.,.F.,(4,4),(0.,0.999979007885539),.UNSPECIFIED.);
#131=B_SPLINE_CURVE_WITH_KNOTS('',3,(#1258,#1259,#1260,#1261,#1262,#1263,
#1264),.UNSPECIFIED.,.F.,.F.,(4,1,1,1,4),(0.,0.00121697908015427,0.00243395816030853,
0.0036509372404628,0.00486791632061706),.UNSPECIFIED.);
#132=B_SPLINE_CURVE_WITH_KNOTS('',3,(#1266,#1267,#1268,#1269),
 .UNSPECIFIED.,.F.,.F.,(4,4),(2.44833067767061E-5,0.999987383899437),
 .UNSPECIFIED.);
#133=B_SPLINE_CURVE_WITH_KNOTS('',3,(#1279,#1280,#1281,#1282,#1283,#1284,
#1285,#1286),.UNSPECIFIED.,.F.,.F.,(4,2,2,4),(0.,0.141176441525623,0.283000183891661,
0.422978434389831),.UNSPECIFIED.);
#134=B_SPLINE_CURVE_WITH_KNOTS('',3,(#1290,#1291,#1292,#1293,#1294,#1295,
#1296,#1297,#1298,#1299),.UNSPECIFIED.,.F.,.F.,(4,2,2,2,4),(0.760142074233675,
0.845404372959161,0.984224303708585,1.12340388960406,1.15517683573015),
 .UNSPECIFIED.);
#135=B_SPLINE_CURVE_WITH_KNOTS('',3,(#1301,#1302,#1303,#1304,#1305,#1306,
#1307,#1308,#1309,#1310),.UNSPECIFIED.,.F.,.F.,(4,2,2,2,4),(1.15517683573015,
1.26342743851526,1.40438614177902,1.47987406478217,1.55603295303728),
 .UNSPECIFIED.);
#136=B_SPLINE_CURVE_WITH_KNOTS('',3,(#1313,#1314,#1315,#1316,#1317,#1318,
#1319,#1320),.UNSPECIFIED.,.F.,.F.,(4,2,2,4),(2.95836090442791E-5,0.140775751899316,
0.256619312530331,0.373018587717585),.UNSPECIFIED.);
#137=B_SPLINE_CURVE_WITH_KNOTS('',3,(#1361,#1362,#1363,#1364,#1365,#1366,
#1367,#1368,#1369,#1370,#1371,#1372,#1373,#1374,#1375),.UNSPECIFIED.,.F.,
 .F.,(4,1,1,1,1,1,1,1,1,1,1,1,4),(0.,0.125,0.1875,0.25,0.3125,0.375,0.5,
0.5625,0.625,0.6875,0.75,0.875,1.),.UNSPECIFIED.);
#138=B_SPLINE_CURVE_WITH_KNOTS('',3,(#1378,#1379,#1380,#1381,#1382),
 .UNSPECIFIED.,.F.,.F.,(4,1,4),(0.,0.5,1.),.UNSPECIFIED.);
#139=B_SPLINE_CURVE_WITH_KNOTS('',3,(#1386,#1387,#1388,#1389,#1390),
 .UNSPECIFIED.,.F.,.F.,(4,1,4),(4.0657581468207E-20,0.000326650837814932,
0.000653301675629864),.UNSPECIFIED.);
#140=B_SPLINE_CURVE_WITH_KNOTS('',3,(#1394,#1395,#1396,#1397,#1398),
 .UNSPECIFIED.,.F.,.F.,(4,1,4),(1.3184105562719E-15,0.000323801027222931,
0.000647602054444543),.UNSPECIFIED.);
#141=B_SPLINE_CURVE_WITH_KNOTS('',3,(#1408,#1409,#1410,#1411,#1412,#1413,
#1414,#1415,#1416,#1417,#1418,#1419,#1420,#1421,#1422,#1423,#1424,#1425,
#1426,#1427,#1428,#1429,#1430,#1431,#1432,#1433,#1434,#1435,#1436,#1437,
#1438,#1439,#1440,#1441,#1442),.UNSPECIFIED.,.F.,.F.,(4,1,1,1,1,1,1,1,1,
1,1,1,1,1,1,1,1,1,1,1,1,1,1,1,1,1,1,1,1,1,1,1,4),(0.,0.125,0.1875,0.21875,
0.25,0.28125,0.3125,0.375,0.4375,0.46875,0.5,0.53125,0.5625,0.625,0.65625,
0.6875,0.71875,0.734375,0.75,0.765625,0.78125,0.8125,0.84375,0.859375,0.8671875,
0.875,0.8828125,0.890625,0.90625,0.921875,0.9375,0.96875,1.),
 .UNSPECIFIED.);
#142=B_SPLINE_CURVE_WITH_KNOTS('',3,(#1445,#1446,#1447,#1448,#1449),
 .UNSPECIFIED.,.F.,.F.,(4,1,4),(0.,0.00390008443958235,0.0078001688791647),
 .UNSPECIFIED.);
#143=B_SPLINE_CURVE_WITH_KNOTS('',3,(#1451,#1452,#1453,#1454),
 .UNSPECIFIED.,.F.,.F.,(4,4),(1.62630325872826E-19,0.000517844726231966),
 .UNSPECIFIED.);
#144=B_SPLINE_CURVE_WITH_KNOTS('',3,(#1459,#1460,#1461,#1462),
 .UNSPECIFIED.,.F.,.F.,(4,4),(2.66992350068687E-22,0.000519749587363723),
 .UNSPECIFIED.);
#145=B_SPLINE_CURVE_WITH_KNOTS('',3,(#1464,#1465,#1466,#1467,#1468,#1469,
#1470),.UNSPECIFIED.,.F.,.F.,(4,1,1,1,4),(3.11851781485194E-9,0.00195174494567356,
0.0039034867728293,0.00585522859998504,0.00780697042714078),
 .UNSPECIFIED.);
#146=B_SPLINE_CURVE_WITH_KNOTS('',3,(#1541,#1542,#1543,#1544,#1545),
 .UNSPECIFIED.,.F.,.F.,(4,1,4),(1.74843358355621E-18,0.000702001833057896,
0.00140400366611579),.UNSPECIFIED.);
#147=B_SPLINE_CURVE_WITH_KNOTS('',3,(#1546,#1547,#1548,#1549,#1550),
 .UNSPECIFIED.,.F.,.F.,(4,1,4),(2.18527934146085E-19,0.000697886012396903,
0.00139577202479381),.UNSPECIFIED.);
#148=B_SPLINE_CURVE_WITH_KNOTS('',3,(#1556,#1557,#1558,#1559,#1560),
 .UNSPECIFIED.,.F.,.F.,(4,1,4),(0.,0.5,1.),.UNSPECIFIED.);
#149=B_SPLINE_CURVE_WITH_KNOTS('',3,(#1564,#1565,#1566,#1567,#1568),
 .UNSPECIFIED.,.F.,.F.,(4,1,4),(0.,0.5,1.),.UNSPECIFIED.);
#150=B_SPLINE_CURVE_WITH_KNOTS('',3,(#1572,#1573,#1574,#1575,#1576,#1577,
#1578,#1579,#1580,#1581,#1582,#1583,#1584,#1585,#1586,#1587,#1588,#1589,
#1590,#1591,#1592,#1593,#1594,#1595,#1596,#1597,#1598,#1599,#1600,#1601,
#1602,#1603,#1604,#1605,#1606,#1607,#1608,#1609,#1610,#1611,#1612,#1613,
#1614,#1615,#1616,#1617,#1618,#1619,#1620,#1621,#1622,#1623,#1624,#1625,
#1626),.UNSPECIFIED.,.F.,.F.,(4,1,1,1,1,1,1,1,1,1,1,1,1,1,1,1,1,1,1,1,1,
1,1,1,1,1,1,1,1,1,1,1,1,1,1,1,1,1,1,1,1,1,1,1,1,1,1,1,1,1,1,1,4),(0.,0.0625,
0.09375,0.125,0.15625,0.1875,0.21875,0.234375,0.25,0.265625,0.2734375,0.28125,
0.2890625,0.296875,0.3046875,0.3125,0.328125,0.3359375,0.34375,0.3515625,
0.359375,0.375,0.40625,0.421875,0.4375,0.46875,0.5,0.53125,0.5625,0.578125,
0.59375,0.625,0.640625,0.6484375,0.65625,0.6640625,0.671875,0.6875,0.6953125,
0.703125,0.7109375,0.71875,0.7265625,0.734375,0.75,0.765625,0.78125,0.8125,
0.84375,0.875,0.90625,0.9375,1.),.UNSPECIFIED.);
#151=B_SPLINE_CURVE_WITH_KNOTS('',3,(#1630,#1631,#1632,#1633,#1634),
 .UNSPECIFIED.,.F.,.F.,(4,1,4),(0.,0.5,1.),.UNSPECIFIED.);
#152=B_SPLINE_CURVE_WITH_KNOTS('',3,(#1638,#1639,#1640,#1641,#1642),
 .UNSPECIFIED.,.F.,.F.,(4,1,4),(0.,0.5,1.),.UNSPECIFIED.);
#153=B_SPLINE_CURVE_WITH_KNOTS('',3,(#1650,#1651,#1652,#1653,#1654,#1655,
#1656,#1657),.UNSPECIFIED.,.F.,.F.,(4,1,1,1,1,4),(0.,0.25,0.5,0.625,0.75,
1.),.UNSPECIFIED.);
#154=B_SPLINE_CURVE_WITH_KNOTS('',3,(#1659,#1660,#1661,#1662,#1663,#1664,
#1665,#1666),.UNSPECIFIED.,.F.,.F.,(4,1,1,1,1,4),(0.,0.25,0.5,0.625,0.75,
1.),.UNSPECIFIED.);
#155=B_SPLINE_CURVE_WITH_KNOTS('',3,(#1672,#1673,#1674,#1675,#1676),
 .UNSPECIFIED.,.F.,.F.,(4,1,4),(0.,0.5,1.),.UNSPECIFIED.);
#156=B_SPLINE_CURVE_WITH_KNOTS('',3,(#1680,#1681,#1682,#1683,#1684),
 .UNSPECIFIED.,.F.,.F.,(4,1,4),(0.,0.5,1.),.UNSPECIFIED.);
#157=B_SPLINE_CURVE_WITH_KNOTS('',3,(#1688,#1689,#1690,#1691,#1692,#1693,
#1694,#1695,#1696,#1697,#1698,#1699,#1700,#1701,#1702,#1703,#1704,#1705,
#1706,#1707,#1708,#1709,#1710,#1711,#1712,#1713,#1714,#1715,#1716,#1717,
#1718,#1719,#1720,#1721,#1722),.UNSPECIFIED.,.F.,.F.,(4,1,1,1,1,1,1,1,1,
1,1,1,1,1,1,1,1,1,1,1,1,1,1,1,1,1,1,1,1,1,1,1,4),(0.,0.125,0.1875,0.21875,
0.25,0.28125,0.3125,0.375,0.4375,0.46875,0.5,0.53125,0.546875,0.5625,0.578125,
0.59375,0.609375,0.6171875,0.625,0.6328125,0.640625,0.65625,0.671875,0.6875,
0.703125,0.71875,0.75,0.8125,0.84375,0.875,0.90625,0.9375,1.),
 .UNSPECIFIED.);
#158=B_SPLINE_CURVE_WITH_KNOTS('',3,(#1724,#1725,#1726,#1727),
 .UNSPECIFIED.,.F.,.F.,(4,4),(0.,1.),.UNSPECIFIED.);
#159=B_SPLINE_CURVE_WITH_KNOTS('',3,(#1753,#1754,#1755,#1756,#1757,#1758,
#1759,#1760,#1761),.UNSPECIFIED.,.F.,.F.,(4,1,1,1,1,1,4),(0.,0.25,0.375,
0.5,0.625,0.75,1.),.UNSPECIFIED.);
#160=B_SPLINE_CURVE_WITH_KNOTS('',3,(#1763,#1764,#1765,#1766),
 .UNSPECIFIED.,.F.,.F.,(4,4),(0.,1.),.UNSPECIFIED.);
#161=B_SPLINE_CURVE_WITH_KNOTS('',3,(#1770,#1771,#1772,#1773),
 .UNSPECIFIED.,.F.,.F.,(4,4),(0.,1.),.UNSPECIFIED.);
#162=B_SPLINE_CURVE_WITH_KNOTS('',3,(#1799,#1800,#1801,#1802,#1803,#1804,
#1805,#1806,#1807),.UNSPECIFIED.,.F.,.F.,(4,1,1,1,1,1,4),(0.,0.25,0.375,
0.5,0.625,0.75,1.),.UNSPECIFIED.);
#163=B_SPLINE_CURVE_WITH_KNOTS('',3,(#1809,#1810,#1811,#1812),
 .UNSPECIFIED.,.F.,.F.,(4,4),(0.,1.),.UNSPECIFIED.);
#164=B_SPLINE_CURVE_WITH_KNOTS('',3,(#1818,#1819,#1820,#1821,#1822,#1823),
 .UNSPECIFIED.,.F.,.F.,(4,1,1,4),(0.,0.5,0.75,1.),.UNSPECIFIED.);
#165=B_SPLINE_CURVE_WITH_KNOTS('',3,(#1977,#1978,#1979,#1980,#1981,#1982,
#1983,#1984,#1985,#1986,#1987,#1988,#1989,#1990,#1991,#1992,#1993,#1994,
#1995,#1996,#1997,#1998,#1999,#2000,#2001,#2002,#2003,#2004,#2005,#2006,
#2007,#2008,#2009,#2010,#2011,#2012,#2013,#2014,#2015,#2016),
 .UNSPECIFIED.,.F.,.F.,(4,1,1,1,1,1,1,1,1,1,1,1,1,1,1,1,1,1,1,1,1,1,1,1,
1,1,1,1,1,1,1,1,1,1,1,1,1,4),(0.,0.125,0.1875,0.25,0.28125,0.3125,0.34375,
0.359375,0.3671875,0.375,0.3828125,0.390625,0.40625,0.421875,0.4375,0.46875,
0.5,0.53125,0.5625,0.59375,0.609375,0.625,0.640625,0.65625,0.6875,0.71875,
0.75,0.78125,0.8125,0.875,0.90625,0.9375,0.953125,0.9609375,0.96875,0.9765625,
0.984375,1.),.UNSPECIFIED.);
#166=B_SPLINE_CURVE_WITH_KNOTS('',3,(#2024,#2025,#2026,#2027,#2028,#2029,
#2030,#2031,#2032),.UNSPECIFIED.,.F.,.F.,(4,1,1,1,1,1,4),(0.,0.25,0.375,
0.5,0.625,0.75,1.),.UNSPECIFIED.);
#167=B_SPLINE_CURVE_WITH_KNOTS('',3,(#2036,#2037,#2038,#2039,#2040,#2041,
#2042,#2043,#2044),.UNSPECIFIED.,.F.,.F.,(4,1,1,1,1,1,4),(0.,0.25,0.375,
0.5,0.625,0.75,1.),.UNSPECIFIED.);
#168=B_SPLINE_CURVE_WITH_KNOTS('',3,(#2052,#2053,#2054,#2055,#2056,#2057,
#2058,#2059,#2060),.UNSPECIFIED.,.F.,.F.,(4,1,1,1,1,1,4),(0.,0.25,0.375,
0.5,0.625,0.75,1.),.UNSPECIFIED.);
#169=B_SPLINE_CURVE_WITH_KNOTS('',3,(#2064,#2065,#2066,#2067,#2068,#2069,
#2070,#2071,#2072),.UNSPECIFIED.,.F.,.F.,(4,1,1,1,1,1,4),(0.,0.25,0.375,
0.5,0.625,0.75,1.),.UNSPECIFIED.);
#170=B_SPLINE_CURVE_WITH_KNOTS('',3,(#2101,#2102,#2103,#2104,#2105,#2106,
#2107,#2108,#2109,#2110,#2111,#2112,#2113,#2114,#2115,#2116,#2117,#2118,
#2119,#2120,#2121,#2122,#2123,#2124,#2125,#2126,#2127,#2128,#2129,#2130,
#2131,#2132,#2133,#2134,#2135,#2136,#2137,#2138,#2139,#2140,#2141,#2142,
#2143),.UNSPECIFIED.,.F.,.F.,(4,1,1,1,1,1,1,1,1,1,1,1,1,1,1,1,1,1,1,1,1,
1,1,1,1,1,1,1,1,1,1,1,1,1,1,1,1,1,1,1,4),(0.,0.015625,0.0234375,0.03125,
0.0390625,0.046875,0.0625,0.09375,0.125,0.1875,0.21875,0.25,0.28125,0.3125,
0.34375,0.359375,0.375,0.390625,0.40625,0.4375,0.46875,0.5,0.53125,0.546875,
0.5625,0.578125,0.59375,0.609375,0.6171875,0.625,0.6328125,0.640625,0.65625,
0.671875,0.6875,0.703125,0.71875,0.75,0.8125,0.875,1.),.UNSPECIFIED.);
#171=B_SPLINE_CURVE_WITH_KNOTS('',3,(#2147,#2148,#2149,#2150,#2151,#2152,
#2153,#2154,#2155,#2156,#2157,#2158,#2159,#2160,#2161,#2162,#2163,#2164,
#2165,#2166,#2167,#2168,#2169,#2170,#2171,#2172,#2173,#2174,#2175,#2176,
#2177,#2178,#2179,#2180,#2181,#2182,#2183,#2184,#2185,#2186,#2187,#2188,
#2189,#2190,#2191,#2192,#2193,#2194,#2195,#2196,#2197,#2198,#2199,#2200,
#2201,#2202,#2203,#2204,#2205,#2206,#2207,#2208,#2209,#2210,#2211,#2212,
#2213,#2214,#2215,#2216,#2217,#2218,#2219,#2220,#2221,#2222,#2223,#2224,
#2225),.UNSPECIFIED.,.F.,.F.,(4,1,1,1,1,1,1,1,1,1,1,1,1,1,1,1,1,1,1,1,1,
1,1,1,1,1,1,1,1,1,1,1,1,1,1,1,1,1,1,1,1,1,1,1,1,1,1,1,1,1,1,1,1,1,1,1,1,
1,1,1,1,1,1,1,1,1,1,1,1,1,1,1,1,1,1,1,4),(0.,0.0078125,0.01171875,0.015625,
0.01953125,0.0234375,0.03125,0.046875,0.0625,0.09375,0.125,0.140625,0.15625,
0.171875,0.1796875,0.1875,0.1953125,0.203125,0.21875,0.234375,0.2421875,
0.24609375,0.25,0.25390625,0.2578125,0.265625,0.28125,0.296875,0.3125,0.34375,
0.359375,0.3671875,0.375,0.3828125,0.390625,0.40625,0.4375,0.46875,0.5,
0.53125,0.5625,0.59375,0.609375,0.6171875,0.625,0.6328125,0.640625,0.65625,
0.6875,0.703125,0.71875,0.734375,0.7421875,0.74609375,0.75,0.75390625,0.7578125,
0.765625,0.78125,0.796875,0.8046875,0.8125,0.8203125,0.828125,0.84375,0.859375,
0.875,0.90625,0.9375,0.953125,0.96875,0.9765625,0.98046875,0.984375,0.98828125,
0.9921875,1.),.UNSPECIFIED.);
#172=B_SPLINE_CURVE_WITH_KNOTS('',3,(#2234,#2235,#2236,#2237,#2238,#2239,
#2240,#2241,#2242),.UNSPECIFIED.,.F.,.F.,(4,1,1,1,1,1,4),(0.,0.25,0.375,
0.5,0.625,0.75,1.),.UNSPECIFIED.);
#173=B_SPLINE_CURVE_WITH_KNOTS('',3,(#2250,#2251,#2252,#2253,#2254,#2255,
#2256,#2257,#2258),.UNSPECIFIED.,.F.,.F.,(4,1,1,1,1,1,4),(0.,0.25,0.375,
0.5,0.625,0.75,1.),.UNSPECIFIED.);
#174=B_SPLINE_CURVE_WITH_KNOTS('',3,(#2260,#2261,#2262,#2263),
 .UNSPECIFIED.,.F.,.F.,(4,4),(0.,1.),.UNSPECIFIED.);
#175=B_SPLINE_CURVE_WITH_KNOTS('',3,(#2294,#2295,#2296,#2297),
 .UNSPECIFIED.,.F.,.F.,(4,4),(0.,1.),.UNSPECIFIED.);
#176=B_SPLINE_CURVE_WITH_KNOTS('',3,(#2299,#2300,#2301,#2302),
 .UNSPECIFIED.,.F.,.F.,(4,4),(0.,1.),.UNSPECIFIED.);
#177=B_SPLINE_CURVE_WITH_KNOTS('',3,(#2328,#2329,#2330,#2331),
 .UNSPECIFIED.,.F.,.F.,(4,4),(0.,1.),.UNSPECIFIED.);
#178=B_SPLINE_CURVE_WITH_KNOTS('',3,(#2333,#2334,#2335,#2336),
 .UNSPECIFIED.,.F.,.F.,(4,4),(0.,1.),.UNSPECIFIED.);
#179=B_SPLINE_CURVE_WITH_KNOTS('',3,(#2338,#2339,#2340,#2341),
 .UNSPECIFIED.,.F.,.F.,(4,4),(0.,1.),.UNSPECIFIED.);
#180=B_SPLINE_CURVE_WITH_KNOTS('',3,(#2342,#2343,#2344,#2345),
 .UNSPECIFIED.,.F.,.F.,(4,4),(0.,1.),.UNSPECIFIED.);
#181=B_SPLINE_CURVE_WITH_KNOTS('',3,(#2376,#2377,#2378,#2379),
 .UNSPECIFIED.,.F.,.F.,(4,4),(0.,1.),.UNSPECIFIED.);
#182=B_SPLINE_CURVE_WITH_KNOTS('',3,(#2381,#2382,#2383,#2384),
 .UNSPECIFIED.,.F.,.F.,(4,4),(0.,1.),.UNSPECIFIED.);
#183=B_SPLINE_CURVE_WITH_KNOTS('',3,(#2410,#2411,#2412,#2413),
 .UNSPECIFIED.,.F.,.F.,(4,4),(0.,1.),.UNSPECIFIED.);
#184=B_SPLINE_CURVE_WITH_KNOTS('',3,(#2551,#2552,#2553,#2554,#2555,#2556,
#2557,#2558,#2559,#2560,#2561,#2562,#2563,#2564,#2565,#2566,#2567,#2568,
#2569,#2570,#2571,#2572,#2573,#2574,#2575,#2576,#2577,#2578,#2579,#2580,
#2581,#2582,#2583,#2584,#2585),.UNSPECIFIED.,.F.,.F.,(4,1,1,1,1,1,1,1,1,
1,1,1,1,1,1,1,1,1,1,1,1,1,1,1,1,1,1,1,1,1,1,1,4),(0.,0.0625,0.09375,0.125,
0.15625,0.1875,0.25,0.28125,0.296875,0.3125,0.328125,0.34375,0.359375,0.3671875,
0.375,0.3828125,0.390625,0.40625,0.421875,0.4375,0.453125,0.46875,0.5,0.53125,
0.5625,0.625,0.6875,0.71875,0.75,0.78125,0.8125,0.875,1.),.UNSPECIFIED.);
#185=B_SPLINE_CURVE_WITH_KNOTS('',3,(#2589,#2590,#2591,#2592,#2593),
 .UNSPECIFIED.,.F.,.F.,(4,1,4),(0.,0.5,1.),.UNSPECIFIED.);
#186=B_SPLINE_CURVE_WITH_KNOTS('',3,(#2597,#2598,#2599,#2600,#2601),
 .UNSPECIFIED.,.F.,.F.,(4,1,4),(0.,0.5,1.),.UNSPECIFIED.);
#187=B_SPLINE_CURVE_WITH_KNOTS('',3,(#2605,#2606,#2607,#2608),
 .UNSPECIFIED.,.F.,.F.,(4,4),(0.,1.),.UNSPECIFIED.);
#188=B_SPLINE_CURVE_WITH_KNOTS('',3,(#2634,#2635,#2636,#2637),
 .UNSPECIFIED.,.F.,.F.,(4,4),(0.,1.),.UNSPECIFIED.);
#189=B_SPLINE_CURVE_WITH_KNOTS('',3,(#2639,#2640,#2641,#2642),
 .UNSPECIFIED.,.F.,.F.,(4,4),(0.,1.),.UNSPECIFIED.);
#190=B_SPLINE_CURVE_WITH_KNOTS('',3,(#2673,#2674,#2675,#2676),
 .UNSPECIFIED.,.F.,.F.,(4,4),(0.,1.),.UNSPECIFIED.);
#191=B_SPLINE_CURVE_WITH_KNOTS('',3,(#2678,#2679,#2680,#2681,#2682,#2683),
 .UNSPECIFIED.,.F.,.F.,(4,1,1,4),(0.,0.25,0.5,1.),.UNSPECIFIED.);
#192=ORIENTED_EDGE('',*,*,#468,.T.);
#193=ORIENTED_EDGE('',*,*,#469,.T.);
#194=ORIENTED_EDGE('',*,*,#470,.T.);
#195=ORIENTED_EDGE('',*,*,#471,.T.);
#196=ORIENTED_EDGE('',*,*,#472,.T.);
#197=ORIENTED_EDGE('',*,*,#473,.T.);
#198=ORIENTED_EDGE('',*,*,#474,.T.);
#199=ORIENTED_EDGE('',*,*,#475,.T.);
#200=ORIENTED_EDGE('',*,*,#476,.F.);
#201=ORIENTED_EDGE('',*,*,#477,.T.);
#202=ORIENTED_EDGE('',*,*,#478,.F.);
#203=ORIENTED_EDGE('',*,*,#479,.F.);
#204=ORIENTED_EDGE('',*,*,#480,.T.);
#205=ORIENTED_EDGE('',*,*,#481,.F.);
#206=ORIENTED_EDGE('',*,*,#482,.T.);
#207=ORIENTED_EDGE('',*,*,#474,.F.);
#208=ORIENTED_EDGE('',*,*,#483,.F.);
#209=ORIENTED_EDGE('',*,*,#475,.F.);
#210=ORIENTED_EDGE('',*,*,#482,.F.);
#211=ORIENTED_EDGE('',*,*,#484,.F.);
#212=ORIENTED_EDGE('',*,*,#485,.T.);
#213=ORIENTED_EDGE('',*,*,#486,.T.);
#214=ORIENTED_EDGE('',*,*,#487,.F.);
#215=ORIENTED_EDGE('',*,*,#488,.F.);
#216=ORIENTED_EDGE('',*,*,#477,.F.);
#217=ORIENTED_EDGE('',*,*,#489,.F.);
#218=ORIENTED_EDGE('',*,*,#490,.T.);
#219=ORIENTED_EDGE('',*,*,#491,.T.);
#220=ORIENTED_EDGE('',*,*,#484,.T.);
#221=ORIENTED_EDGE('',*,*,#481,.T.);
#222=ORIENTED_EDGE('',*,*,#492,.T.);
#223=ORIENTED_EDGE('',*,*,#493,.T.);
#224=ORIENTED_EDGE('',*,*,#489,.T.);
#225=ORIENTED_EDGE('',*,*,#476,.T.);
#226=ORIENTED_EDGE('',*,*,#494,.T.);
#227=ORIENTED_EDGE('',*,*,#495,.T.);
#228=ORIENTED_EDGE('',*,*,#496,.T.);
#229=ORIENTED_EDGE('',*,*,#494,.F.);
#230=ORIENTED_EDGE('',*,*,#479,.T.);
#231=ORIENTED_EDGE('',*,*,#497,.F.);
#232=ORIENTED_EDGE('',*,*,#498,.F.);
#233=ORIENTED_EDGE('',*,*,#499,.T.);
#234=ORIENTED_EDGE('',*,*,#500,.F.);
#235=ORIENTED_EDGE('',*,*,#468,.F.);
#236=ORIENTED_EDGE('',*,*,#485,.F.);
#237=ORIENTED_EDGE('',*,*,#491,.F.);
#238=ORIENTED_EDGE('',*,*,#499,.F.);
#239=ORIENTED_EDGE('',*,*,#490,.F.);
#240=ORIENTED_EDGE('',*,*,#501,.T.);
#241=ORIENTED_EDGE('',*,*,#502,.F.);
#242=ORIENTED_EDGE('',*,*,#495,.F.);
#243=ORIENTED_EDGE('',*,*,#496,.F.);
#244=ORIENTED_EDGE('',*,*,#503,.F.);
#245=ORIENTED_EDGE('',*,*,#501,.F.);
#246=ORIENTED_EDGE('',*,*,#480,.F.);
#247=ORIENTED_EDGE('',*,*,#504,.F.);
#248=ORIENTED_EDGE('',*,*,#486,.F.);
#249=ORIENTED_EDGE('',*,*,#493,.F.);
#250=ORIENTED_EDGE('',*,*,#492,.F.);
#251=ORIENTED_EDGE('',*,*,#505,.F.);
#252=ORIENTED_EDGE('',*,*,#506,.F.);
#253=ORIENTED_EDGE('',*,*,#507,.T.);
#254=ORIENTED_EDGE('',*,*,#508,.T.);
#255=ORIENTED_EDGE('',*,*,#509,.T.);
#256=ORIENTED_EDGE('',*,*,#510,.T.);
#257=ORIENTED_EDGE('',*,*,#511,.T.);
#258=ORIENTED_EDGE('',*,*,#512,.F.);
#259=ORIENTED_EDGE('',*,*,#512,.T.);
#260=ORIENTED_EDGE('',*,*,#513,.T.);
#261=ORIENTED_EDGE('',*,*,#513,.F.);
#262=ORIENTED_EDGE('',*,*,#514,.F.);
#263=ORIENTED_EDGE('',*,*,#515,.T.);
#264=ORIENTED_EDGE('',*,*,#516,.T.);
#265=ORIENTED_EDGE('',*,*,#517,.T.);
#266=ORIENTED_EDGE('',*,*,#497,.T.);
#267=ORIENTED_EDGE('',*,*,#478,.T.);
#268=ORIENTED_EDGE('',*,*,#488,.T.);
#269=ORIENTED_EDGE('',*,*,#518,.T.);
#270=ORIENTED_EDGE('',*,*,#519,.T.);
#271=ORIENTED_EDGE('',*,*,#520,.T.);
#272=ORIENTED_EDGE('',*,*,#521,.F.);
#273=ORIENTED_EDGE('',*,*,#506,.T.);
#274=ORIENTED_EDGE('',*,*,#505,.T.);
#275=ORIENTED_EDGE('',*,*,#522,.F.);
#276=ORIENTED_EDGE('',*,*,#514,.T.);
#277=ORIENTED_EDGE('',*,*,#523,.F.);
#278=ORIENTED_EDGE('',*,*,#471,.F.);
#279=ORIENTED_EDGE('',*,*,#524,.F.);
#280=ORIENTED_EDGE('',*,*,#525,.F.);
#281=ORIENTED_EDGE('',*,*,#526,.F.);
#282=ORIENTED_EDGE('',*,*,#527,.F.);
#283=ORIENTED_EDGE('',*,*,#528,.F.);
#284=ORIENTED_EDGE('',*,*,#529,.F.);
#285=ORIENTED_EDGE('',*,*,#530,.F.);
#286=ORIENTED_EDGE('',*,*,#531,.F.);
#287=ORIENTED_EDGE('',*,*,#532,.F.);
#288=ORIENTED_EDGE('',*,*,#533,.F.);
#289=ORIENTED_EDGE('',*,*,#534,.F.);
#290=ORIENTED_EDGE('',*,*,#535,.F.);
#291=ORIENTED_EDGE('',*,*,#536,.F.);
#292=ORIENTED_EDGE('',*,*,#518,.F.);
#293=ORIENTED_EDGE('',*,*,#487,.T.);
#294=ORIENTED_EDGE('',*,*,#504,.T.);
#295=ORIENTED_EDGE('',*,*,#483,.T.);
#296=ORIENTED_EDGE('',*,*,#473,.F.);
#297=ORIENTED_EDGE('',*,*,#537,.F.);
#298=ORIENTED_EDGE('',*,*,#509,.F.);
#299=ORIENTED_EDGE('',*,*,#538,.F.);
#300=ORIENTED_EDGE('',*,*,#539,.T.);
#301=ORIENTED_EDGE('',*,*,#540,.F.);
#302=ORIENTED_EDGE('',*,*,#541,.F.);
#303=ORIENTED_EDGE('',*,*,#542,.F.);
#304=ORIENTED_EDGE('',*,*,#543,.F.);
#305=ORIENTED_EDGE('',*,*,#544,.F.);
#306=ORIENTED_EDGE('',*,*,#545,.F.);
#307=ORIENTED_EDGE('',*,*,#507,.F.);
#308=ORIENTED_EDGE('',*,*,#521,.T.);
#309=ORIENTED_EDGE('',*,*,#520,.F.);
#310=ORIENTED_EDGE('',*,*,#519,.F.);
#311=ORIENTED_EDGE('',*,*,#536,.T.);
#312=ORIENTED_EDGE('',*,*,#546,.F.);
#313=ORIENTED_EDGE('',*,*,#540,.T.);
#314=ORIENTED_EDGE('',*,*,#546,.T.);
#315=ORIENTED_EDGE('',*,*,#547,.T.);
#316=ORIENTED_EDGE('',*,*,#548,.F.);
#317=ORIENTED_EDGE('',*,*,#541,.T.);
#318=ORIENTED_EDGE('',*,*,#548,.T.);
#319=ORIENTED_EDGE('',*,*,#549,.T.);
#320=ORIENTED_EDGE('',*,*,#550,.F.);
#321=ORIENTED_EDGE('',*,*,#542,.T.);
#322=ORIENTED_EDGE('',*,*,#550,.T.);
#323=ORIENTED_EDGE('',*,*,#551,.T.);
#324=ORIENTED_EDGE('',*,*,#552,.F.);
#325=ORIENTED_EDGE('',*,*,#543,.T.);
#326=ORIENTED_EDGE('',*,*,#544,.T.);
#327=ORIENTED_EDGE('',*,*,#552,.T.);
#328=ORIENTED_EDGE('',*,*,#553,.T.);
#329=ORIENTED_EDGE('',*,*,#554,.T.);
#330=ORIENTED_EDGE('',*,*,#555,.F.);
#331=ORIENTED_EDGE('',*,*,#556,.T.);
#332=ORIENTED_EDGE('',*,*,#538,.T.);
#333=ORIENTED_EDGE('',*,*,#508,.F.);
#334=ORIENTED_EDGE('',*,*,#545,.T.);
#335=ORIENTED_EDGE('',*,*,#555,.T.);
#336=ORIENTED_EDGE('',*,*,#557,.F.);
#337=ORIENTED_EDGE('',*,*,#558,.F.);
#338=ORIENTED_EDGE('',*,*,#559,.F.);
#339=ORIENTED_EDGE('',*,*,#469,.F.);
#340=ORIENTED_EDGE('',*,*,#500,.T.);
#341=ORIENTED_EDGE('',*,*,#502,.T.);
#342=ORIENTED_EDGE('',*,*,#503,.T.);
#343=ORIENTED_EDGE('',*,*,#498,.T.);
#344=ORIENTED_EDGE('',*,*,#517,.F.);
#345=ORIENTED_EDGE('',*,*,#560,.F.);
#346=ORIENTED_EDGE('',*,*,#561,.T.);
#347=ORIENTED_EDGE('',*,*,#562,.F.);
#348=ORIENTED_EDGE('',*,*,#558,.T.);
#349=ORIENTED_EDGE('',*,*,#563,.F.);
#350=ORIENTED_EDGE('',*,*,#564,.F.);
#351=ORIENTED_EDGE('',*,*,#565,.F.);
#352=ORIENTED_EDGE('',*,*,#561,.F.);
#353=ORIENTED_EDGE('',*,*,#566,.F.);
#354=ORIENTED_EDGE('',*,*,#567,.T.);
#355=ORIENTED_EDGE('',*,*,#568,.F.);
#356=ORIENTED_EDGE('',*,*,#564,.T.);
#357=ORIENTED_EDGE('',*,*,#569,.F.);
#358=ORIENTED_EDGE('',*,*,#570,.F.);
#359=ORIENTED_EDGE('',*,*,#571,.F.);
#360=ORIENTED_EDGE('',*,*,#572,.F.);
#361=ORIENTED_EDGE('',*,*,#567,.F.);
#362=ORIENTED_EDGE('',*,*,#573,.F.);
#363=ORIENTED_EDGE('',*,*,#539,.F.);
#364=ORIENTED_EDGE('',*,*,#556,.F.);
#365=ORIENTED_EDGE('',*,*,#554,.F.);
#366=ORIENTED_EDGE('',*,*,#574,.T.);
#367=ORIENTED_EDGE('',*,*,#575,.F.);
#368=ORIENTED_EDGE('',*,*,#570,.T.);
#369=ORIENTED_EDGE('',*,*,#576,.F.);
#370=ORIENTED_EDGE('',*,*,#577,.F.);
#371=ORIENTED_EDGE('',*,*,#578,.F.);
#372=ORIENTED_EDGE('',*,*,#574,.F.);
#373=ORIENTED_EDGE('',*,*,#553,.F.);
#374=ORIENTED_EDGE('',*,*,#579,.F.);
#375=ORIENTED_EDGE('',*,*,#580,.F.);
#376=ORIENTED_EDGE('',*,*,#579,.T.);
#377=ORIENTED_EDGE('',*,*,#551,.F.);
#378=ORIENTED_EDGE('',*,*,#581,.T.);
#379=ORIENTED_EDGE('',*,*,#582,.F.);
#380=ORIENTED_EDGE('',*,*,#581,.F.);
#381=ORIENTED_EDGE('',*,*,#549,.F.);
#382=ORIENTED_EDGE('',*,*,#583,.F.);
#383=ORIENTED_EDGE('',*,*,#584,.F.);
#384=ORIENTED_EDGE('',*,*,#583,.T.);
#385=ORIENTED_EDGE('',*,*,#547,.F.);
#386=ORIENTED_EDGE('',*,*,#535,.T.);
#387=ORIENTED_EDGE('',*,*,#472,.F.);
#388=ORIENTED_EDGE('',*,*,#523,.T.);
#389=ORIENTED_EDGE('',*,*,#585,.F.);
#390=ORIENTED_EDGE('',*,*,#534,.T.);
#391=ORIENTED_EDGE('',*,*,#586,.F.);
#392=ORIENTED_EDGE('',*,*,#584,.T.);
#393=ORIENTED_EDGE('',*,*,#585,.T.);
#394=ORIENTED_EDGE('',*,*,#533,.T.);
#395=ORIENTED_EDGE('',*,*,#586,.T.);
#396=ORIENTED_EDGE('',*,*,#532,.T.);
#397=ORIENTED_EDGE('',*,*,#587,.F.);
#398=ORIENTED_EDGE('',*,*,#582,.T.);
#399=ORIENTED_EDGE('',*,*,#588,.F.);
#400=ORIENTED_EDGE('',*,*,#580,.T.);
#401=ORIENTED_EDGE('',*,*,#587,.T.);
#402=ORIENTED_EDGE('',*,*,#531,.T.);
#403=ORIENTED_EDGE('',*,*,#577,.T.);
#404=ORIENTED_EDGE('',*,*,#588,.T.);
#405=ORIENTED_EDGE('',*,*,#530,.T.);
#406=ORIENTED_EDGE('',*,*,#589,.F.);
#407=ORIENTED_EDGE('',*,*,#528,.T.);
#408=ORIENTED_EDGE('',*,*,#590,.F.);
#409=ORIENTED_EDGE('',*,*,#572,.T.);
#410=ORIENTED_EDGE('',*,*,#591,.F.);
#411=ORIENTED_EDGE('',*,*,#592,.F.);
#412=ORIENTED_EDGE('',*,*,#568,.T.);
#413=ORIENTED_EDGE('',*,*,#590,.T.);
#414=ORIENTED_EDGE('',*,*,#527,.T.);
#415=ORIENTED_EDGE('',*,*,#592,.T.);
#416=ORIENTED_EDGE('',*,*,#526,.T.);
#417=ORIENTED_EDGE('',*,*,#593,.F.);
#418=ORIENTED_EDGE('',*,*,#565,.T.);
#419=ORIENTED_EDGE('',*,*,#594,.F.);
#420=ORIENTED_EDGE('',*,*,#562,.T.);
#421=ORIENTED_EDGE('',*,*,#593,.T.);
#422=ORIENTED_EDGE('',*,*,#525,.T.);
#423=ORIENTED_EDGE('',*,*,#594,.T.);
#424=ORIENTED_EDGE('',*,*,#524,.T.);
#425=ORIENTED_EDGE('',*,*,#470,.F.);
#426=ORIENTED_EDGE('',*,*,#559,.T.);
#427=ORIENTED_EDGE('',*,*,#529,.T.);
#428=ORIENTED_EDGE('',*,*,#591,.T.);
#429=ORIENTED_EDGE('',*,*,#571,.T.);
#430=ORIENTED_EDGE('',*,*,#575,.T.);
#431=ORIENTED_EDGE('',*,*,#578,.T.);
#432=ORIENTED_EDGE('',*,*,#589,.T.);
#433=ORIENTED_EDGE('',*,*,#595,.F.);
#434=ORIENTED_EDGE('',*,*,#596,.F.);
#435=ORIENTED_EDGE('',*,*,#597,.F.);
#436=ORIENTED_EDGE('',*,*,#598,.F.);
#437=ORIENTED_EDGE('',*,*,#599,.F.);
#438=ORIENTED_EDGE('',*,*,#600,.F.);
#439=ORIENTED_EDGE('',*,*,#515,.F.);
#440=ORIENTED_EDGE('',*,*,#522,.T.);
#441=ORIENTED_EDGE('',*,*,#511,.F.);
#442=ORIENTED_EDGE('',*,*,#516,.F.);
#443=ORIENTED_EDGE('',*,*,#600,.T.);
#444=ORIENTED_EDGE('',*,*,#601,.F.);
#445=ORIENTED_EDGE('',*,*,#557,.T.);
#446=ORIENTED_EDGE('',*,*,#602,.F.);
#447=ORIENTED_EDGE('',*,*,#560,.T.);
#448=ORIENTED_EDGE('',*,*,#601,.T.);
#449=ORIENTED_EDGE('',*,*,#599,.T.);
#450=ORIENTED_EDGE('',*,*,#602,.T.);
#451=ORIENTED_EDGE('',*,*,#598,.T.);
#452=ORIENTED_EDGE('',*,*,#603,.F.);
#453=ORIENTED_EDGE('',*,*,#563,.T.);
#454=ORIENTED_EDGE('',*,*,#604,.F.);
#455=ORIENTED_EDGE('',*,*,#566,.T.);
#456=ORIENTED_EDGE('',*,*,#603,.T.);
#457=ORIENTED_EDGE('',*,*,#597,.T.);
#458=ORIENTED_EDGE('',*,*,#569,.T.);
#459=ORIENTED_EDGE('',*,*,#604,.T.);
#460=ORIENTED_EDGE('',*,*,#596,.T.);
#461=ORIENTED_EDGE('',*,*,#605,.F.);
#462=ORIENTED_EDGE('',*,*,#576,.T.);
#463=ORIENTED_EDGE('',*,*,#595,.T.);
#464=ORIENTED_EDGE('',*,*,#510,.F.);
#465=ORIENTED_EDGE('',*,*,#537,.T.);
#466=ORIENTED_EDGE('',*,*,#573,.T.);
#467=ORIENTED_EDGE('',*,*,#605,.T.);
#468=EDGE_CURVE('',#606,#607,#694,.T.);
#469=EDGE_CURVE('',#607,#608,#695,.T.);
#470=EDGE_CURVE('',#608,#609,#122,.T.);
#471=EDGE_CURVE('',#609,#610,#123,.T.);
#472=EDGE_CURVE('',#610,#611,#124,.T.);
#473=EDGE_CURVE('',#611,#612,#696,.T.);
#474=EDGE_CURVE('',#612,#613,#697,.T.);
#475=EDGE_CURVE('',#613,#606,#125,.T.);
#476=EDGE_CURVE('',#614,#615,#126,.T.);
#477=EDGE_CURVE('',#614,#616,#127,.F.);
#478=EDGE_CURVE('',#617,#616,#128,.T.);
#479=EDGE_CURVE('',#615,#617,#129,.T.);
#480=EDGE_CURVE('',#618,#619,#37,.T.);
#481=EDGE_CURVE('',#620,#619,#698,.T.);
#482=EDGE_CURVE('',#620,#613,#130,.T.);
#483=EDGE_CURVE('',#618,#612,#38,.T.);
#484=EDGE_CURVE('',#621,#620,#131,.T.);
#485=EDGE_CURVE('',#621,#606,#132,.F.);
#486=EDGE_CURVE('',#622,#623,#39,.T.);
#487=EDGE_CURVE('',#624,#623,#40,.T.);
#488=EDGE_CURVE('',#616,#624,#699,.T.);
#489=EDGE_CURVE('',#622,#614,#700,.T.);
#490=EDGE_CURVE('',#625,#626,#133,.T.);
#491=EDGE_CURVE('',#626,#621,#701,.T.);
#492=EDGE_CURVE('',#619,#627,#134,.T.);
#493=EDGE_CURVE('',#627,#622,#135,.T.);
#494=EDGE_CURVE('',#615,#628,#702,.T.);
#495=EDGE_CURVE('',#628,#625,#136,.T.);
#496=EDGE_CURVE('',#629,#628,#41,.T.);
#497=EDGE_CURVE('',#630,#617,#703,.T.);
#498=EDGE_CURVE('',#629,#630,#42,.T.);
#499=EDGE_CURVE('',#626,#631,#43,.T.);
#500=EDGE_CURVE('',#607,#631,#44,.T.);
#501=EDGE_CURVE('',#625,#632,#45,.T.);
#502=EDGE_CURVE('',#631,#632,#704,.T.);
#503=EDGE_CURVE('',#632,#629,#705,.T.);
#504=EDGE_CURVE('',#623,#618,#706,.T.);
#505=EDGE_CURVE('',#633,#634,#137,.F.);
#506=EDGE_CURVE('',#635,#633,#138,.F.);
#507=EDGE_CURVE('',#635,#636,#46,.T.);
#508=EDGE_CURVE('',#636,#637,#139,.T.);
#509=EDGE_CURVE('',#637,#638,#707,.T.);
#510=EDGE_CURVE('',#638,#639,#140,.T.);
#511=EDGE_CURVE('',#639,#634,#47,.T.);
#512=EDGE_CURVE('',#640,#640,#708,.T.);
#513=EDGE_CURVE('',#641,#641,#709,.T.);
#514=EDGE_CURVE('',#642,#643,#141,.F.);
#515=EDGE_CURVE('',#642,#644,#142,.T.);
#516=EDGE_CURVE('',#644,#645,#143,.T.);
#517=EDGE_CURVE('',#645,#630,#710,.T.);
#518=EDGE_CURVE('',#624,#646,#711,.T.);
#519=EDGE_CURVE('',#646,#647,#144,.T.);
#520=EDGE_CURVE('',#647,#643,#145,.T.);
#521=EDGE_CURVE('',#635,#643,#146,.T.);
#522=EDGE_CURVE('',#642,#634,#147,.T.);
#523=EDGE_CURVE('',#610,#648,#712,.T.);
#524=EDGE_CURVE('',#649,#609,#713,.T.);
#525=EDGE_CURVE('',#650,#649,#148,.F.);
#526=EDGE_CURVE('',#651,#650,#48,.T.);
#527=EDGE_CURVE('',#652,#651,#149,.F.);
#528=EDGE_CURVE('',#653,#652,#714,.T.);
#529=EDGE_CURVE('',#654,#653,#150,.F.);
#530=EDGE_CURVE('',#655,#654,#715,.T.);
#531=EDGE_CURVE('',#656,#655,#151,.F.);
#532=EDGE_CURVE('',#657,#656,#49,.T.);
#533=EDGE_CURVE('',#648,#657,#152,.F.);
#534=EDGE_CURVE('',#658,#611,#716,.T.);
#535=EDGE_CURVE('',#659,#658,#50,.T.);
#536=EDGE_CURVE('',#646,#659,#717,.T.);
#537=EDGE_CURVE('',#638,#660,#153,.F.);
#538=EDGE_CURVE('',#661,#637,#154,.F.);
#539=EDGE_CURVE('',#661,#660,#51,.T.);
#540=EDGE_CURVE('',#662,#647,#718,.T.);
#541=EDGE_CURVE('',#663,#662,#155,.F.);
#542=EDGE_CURVE('',#664,#663,#52,.T.);
#543=EDGE_CURVE('',#665,#664,#156,.F.);
#544=EDGE_CURVE('',#666,#665,#719,.T.);
#545=EDGE_CURVE('',#636,#666,#157,.F.);
#546=EDGE_CURVE('',#662,#659,#158,.F.);
#547=EDGE_CURVE('',#659,#667,#159,.F.);
#548=EDGE_CURVE('',#663,#667,#160,.T.);
#549=EDGE_CURVE('',#667,#668,#53,.T.);
#550=EDGE_CURVE('',#664,#668,#161,.F.);
#551=EDGE_CURVE('',#668,#669,#162,.F.);
#552=EDGE_CURVE('',#665,#669,#163,.T.);
#553=EDGE_CURVE('',#669,#670,#720,.T.);
#554=EDGE_CURVE('',#670,#671,#721,.T.);
#555=EDGE_CURVE('',#666,#671,#164,.F.);
#556=EDGE_CURVE('',#671,#661,#165,.F.);
#557=EDGE_CURVE('',#672,#645,#722,.T.);
#558=EDGE_CURVE('',#673,#672,#54,.T.);
#559=EDGE_CURVE('',#608,#673,#723,.T.);
#560=EDGE_CURVE('',#674,#672,#166,.F.);
#561=EDGE_CURVE('',#674,#675,#55,.T.);
#562=EDGE_CURVE('',#673,#675,#167,.F.);
#563=EDGE_CURVE('',#676,#674,#56,.T.);
#564=EDGE_CURVE('',#677,#676,#57,.T.);
#565=EDGE_CURVE('',#675,#677,#58,.T.);
#566=EDGE_CURVE('',#678,#676,#168,.F.);
#567=EDGE_CURVE('',#678,#679,#59,.T.);
#568=EDGE_CURVE('',#677,#679,#169,.F.);
#569=EDGE_CURVE('',#680,#678,#724,.T.);
#570=EDGE_CURVE('',#681,#680,#60,.T.);
#571=EDGE_CURVE('',#682,#681,#725,.T.);
#572=EDGE_CURVE('',#679,#682,#726,.T.);
#573=EDGE_CURVE('',#660,#683,#170,.F.);
#574=EDGE_CURVE('',#670,#684,#61,.T.);
#575=EDGE_CURVE('',#681,#684,#171,.F.);
#576=EDGE_CURVE('',#683,#680,#727,.T.);
#577=EDGE_CURVE('',#685,#686,#728,.T.);
#578=EDGE_CURVE('',#684,#685,#729,.T.);
#579=EDGE_CURVE('',#686,#669,#62,.T.);
#580=EDGE_CURVE('',#686,#687,#172,.F.);
#581=EDGE_CURVE('',#668,#687,#63,.T.);
#582=EDGE_CURVE('',#687,#688,#64,.T.);
#583=EDGE_CURVE('',#688,#667,#65,.T.);
#584=EDGE_CURVE('',#688,#658,#173,.F.);
#585=EDGE_CURVE('',#658,#648,#174,.F.);
#586=EDGE_CURVE('',#688,#657,#175,.T.);
#587=EDGE_CURVE('',#687,#656,#176,.F.);
#588=EDGE_CURVE('',#686,#655,#177,.T.);
#589=EDGE_CURVE('',#685,#654,#178,.F.);
#590=EDGE_CURVE('',#679,#652,#179,.F.);
#591=EDGE_CURVE('',#653,#682,#180,.F.);
#592=EDGE_CURVE('',#677,#651,#181,.T.);
#593=EDGE_CURVE('',#675,#650,#182,.F.);
#594=EDGE_CURVE('',#673,#649,#183,.T.);
#595=EDGE_CURVE('',#689,#639,#184,.F.);
#596=EDGE_CURVE('',#690,#689,#730,.T.);
#597=EDGE_CURVE('',#691,#690,#185,.F.);
#598=EDGE_CURVE('',#692,#691,#66,.T.);
#599=EDGE_CURVE('',#693,#692,#186,.F.);
#600=EDGE_CURVE('',#644,#693,#731,.T.);
#601=EDGE_CURVE('',#672,#693,#187,.F.);
#602=EDGE_CURVE('',#674,#692,#188,.T.);
#603=EDGE_CURVE('',#676,#691,#189,.F.);
#604=EDGE_CURVE('',#678,#690,#190,.T.);
#605=EDGE_CURVE('',#683,#689,#191,.F.);
#606=VERTEX_POINT('',#1178);
#607=VERTEX_POINT('',#1179);
#608=VERTEX_POINT('',#1181);
#609=VERTEX_POINT('',#1187);
#610=VERTEX_POINT('',#1201);
#611=VERTEX_POINT('',#1207);
#612=VERTEX_POINT('',#1209);
#613=VERTEX_POINT('',#1211);
#614=VERTEX_POINT('',#1227);
#615=VERTEX_POINT('',#1228);
#616=VERTEX_POINT('',#1233);
#617=VERTEX_POINT('',#1241);
#618=VERTEX_POINT('',#1248);
#619=VERTEX_POINT('',#1249);
#620=VERTEX_POINT('',#1251);
#621=VERTEX_POINT('',#1265);
#622=VERTEX_POINT('',#1272);
#623=VERTEX_POINT('',#1273);
#624=VERTEX_POINT('',#1275);
#625=VERTEX_POINT('',#1287);
#626=VERTEX_POINT('',#1288);
#627=VERTEX_POINT('',#1300);
#628=VERTEX_POINT('',#1312);
#629=VERTEX_POINT('',#1323);
#630=VERTEX_POINT('',#1325);
#631=VERTEX_POINT('',#1329);
#632=VERTEX_POINT('',#1340);
#633=VERTEX_POINT('',#1376);
#634=VERTEX_POINT('',#1377);
#635=VERTEX_POINT('',#1383);
#636=VERTEX_POINT('',#1385);
#637=VERTEX_POINT('',#1391);
#638=VERTEX_POINT('',#1393);
#639=VERTEX_POINT('',#1399);
#640=VERTEX_POINT('',#1402);
#641=VERTEX_POINT('',#1405);
#642=VERTEX_POINT('',#1443);
#643=VERTEX_POINT('',#1444);
#644=VERTEX_POINT('',#1450);
#645=VERTEX_POINT('',#1455);
#646=VERTEX_POINT('',#1458);
#647=VERTEX_POINT('',#1463);
#648=VERTEX_POINT('',#1553);
#649=VERTEX_POINT('',#1555);
#650=VERTEX_POINT('',#1561);
#651=VERTEX_POINT('',#1563);
#652=VERTEX_POINT('',#1569);
#653=VERTEX_POINT('',#1571);
#654=VERTEX_POINT('',#1627);
#655=VERTEX_POINT('',#1629);
#656=VERTEX_POINT('',#1635);
#657=VERTEX_POINT('',#1637);
#658=VERTEX_POINT('',#1645);
#659=VERTEX_POINT('',#1647);
#660=VERTEX_POINT('',#1658);
#661=VERTEX_POINT('',#1667);
#662=VERTEX_POINT('',#1671);
#663=VERTEX_POINT('',#1677);
#664=VERTEX_POINT('',#1679);
#665=VERTEX_POINT('',#1685);
#666=VERTEX_POINT('',#1687);
#667=VERTEX_POINT('',#1762);
#668=VERTEX_POINT('',#1769);
#669=VERTEX_POINT('',#1808);
#670=VERTEX_POINT('',#1815);
#671=VERTEX_POINT('',#1817);
#672=VERTEX_POINT('',#2019);
#673=VERTEX_POINT('',#2021);
#674=VERTEX_POINT('',#2033);
#675=VERTEX_POINT('',#2035);
#676=VERTEX_POINT('',#2047);
#677=VERTEX_POINT('',#2049);
#678=VERTEX_POINT('',#2061);
#679=VERTEX_POINT('',#2063);
#680=VERTEX_POINT('',#2075);
#681=VERTEX_POINT('',#2077);
#682=VERTEX_POINT('',#2079);
#683=VERTEX_POINT('',#2144);
#684=VERTEX_POINT('',#2146);
#685=VERTEX_POINT('',#2229);
#686=VERTEX_POINT('',#2230);
#687=VERTEX_POINT('',#2243);
#688=VERTEX_POINT('',#2247);
#689=VERTEX_POINT('',#2586);
#690=VERTEX_POINT('',#2588);
#691=VERTEX_POINT('',#2594);
#692=VERTEX_POINT('',#2596);
#693=VERTEX_POINT('',#2602);
#694=CIRCLE('',#916,0.0054882334536983);
#695=CIRCLE('',#917,0.0049363448015713);
#696=CIRCLE('',#918,0.0049363448015713);
#697=CIRCLE('',#919,0.00548830381584353);
#698=CIRCLE('',#922,0.00342238732831376);
#699=CIRCLE('',#925,0.00548830381584353);
#700=CIRCLE('',#926,0.00342238732831376);
#701=CIRCLE('',#928,0.00342227449107946);
#702=CIRCLE('',#929,0.00342227449107946);
#703=CIRCLE('',#931,0.0054882334536983);
#704=CIRCLE('',#933,0.0043004190692431);
#705=CIRCLE('',#934,0.0043004190692431);
#706=CIRCLE('',#935,0.0043004190692431);
#707=CIRCLE('',#937,0.00301857619036754);
#708=CIRCLE('',#938,0.00301857619036754);
#709=CIRCLE('',#940,0.00226773580154079);
#710=CIRCLE('',#943,0.0049363448015713);
#711=CIRCLE('',#944,0.0049363448015713);
#712=CIRCLE('',#946,0.00551000008847565);
#713=CIRCLE('',#947,0.00551000008847565);
#714=CIRCLE('',#948,0.00551000008847565);
#715=CIRCLE('',#949,0.00551000008847565);
#716=CIRCLE('',#951,0.00579500008847565);
#717=CIRCLE('',#952,0.0065181777825013);
#718=CIRCLE('',#955,0.0068031777825013);
#719=CIRCLE('',#956,0.0068031777825013);
#720=CIRCLE('',#960,0.0065181777825013);
#721=CIRCLE('',#961,3.42308601916885E-5);
#722=CIRCLE('',#963,0.0065181777825013);
#723=CIRCLE('',#964,0.00579500008847565);
#724=CIRCLE('',#969,0.0065181777825013);
#725=CIRCLE('',#970,3.41909618050378E-5);
#726=CIRCLE('',#971,0.00579500008847565);
#727=CIRCLE('',#972,3.42307769334366E-5);
#728=CIRCLE('',#974,0.00579500008847565);
#729=CIRCLE('',#975,3.41931557497165E-5);
#730=CIRCLE('',#986,0.00680317778250131);
#731=CIRCLE('',#987,0.0068031777825013);
#732=EDGE_LOOP('',(#192,#193,#194,#195,#196,#197,#198,#199));
#733=EDGE_LOOP('',(#200,#201,#202,#203));
#734=EDGE_LOOP('',(#204,#205,#206,#207,#208));
#735=EDGE_LOOP('',(#209,#210,#211,#212));
#736=EDGE_LOOP('',(#213,#214,#215,#216,#217));
#737=EDGE_LOOP('',(#218,#219,#220,#221,#222,#223,#224,#225,#226,#227));
#738=EDGE_LOOP('',(#228,#229,#230,#231,#232));
#739=EDGE_LOOP('',(#233,#234,#235,#236,#237));
#740=EDGE_LOOP('',(#238,#239,#240,#241));
#741=EDGE_LOOP('',(#242,#243,#244,#245));
#742=EDGE_LOOP('',(#246,#247,#248,#249,#250));
#743=EDGE_LOOP('',(#251,#252,#253,#254,#255,#256,#257));
#744=EDGE_LOOP('',(#258));
#745=EDGE_LOOP('',(#259));
#746=EDGE_LOOP('',(#260));
#747=EDGE_LOOP('',(#261));
#748=EDGE_LOOP('',(#262,#263,#264,#265,#266,#267,#268,#269,#270,#271));
#749=EDGE_LOOP('',(#272,#273,#274,#275,#276));
#750=EDGE_LOOP('',(#277,#278,#279,#280,#281,#282,#283,#284,#285,#286,#287,
#288));
#751=EDGE_LOOP('',(#289,#290,#291,#292,#293,#294,#295,#296));
#752=EDGE_LOOP('',(#297,#298,#299,#300));
#753=EDGE_LOOP('',(#301,#302,#303,#304,#305,#306,#307,#308,#309));
#754=EDGE_LOOP('',(#310,#311,#312,#313));
#755=EDGE_LOOP('',(#314,#315,#316,#317));
#756=EDGE_LOOP('',(#318,#319,#320,#321));
#757=EDGE_LOOP('',(#322,#323,#324,#325));
#758=EDGE_LOOP('',(#326,#327,#328,#329,#330));
#759=EDGE_LOOP('',(#331,#332,#333,#334,#335));
#760=EDGE_LOOP('',(#336,#337,#338,#339,#340,#341,#342,#343,#344));
#761=EDGE_LOOP('',(#345,#346,#347,#348));
#762=EDGE_LOOP('',(#349,#350,#351,#352));
#763=EDGE_LOOP('',(#353,#354,#355,#356));
#764=EDGE_LOOP('',(#357,#358,#359,#360,#361));
#765=EDGE_LOOP('',(#362,#363,#364,#365,#366,#367,#368,#369));
#766=EDGE_LOOP('',(#370,#371,#372,#373,#374));
#767=EDGE_LOOP('',(#375,#376,#377,#378));
#768=EDGE_LOOP('',(#379,#380,#381,#382));
#769=EDGE_LOOP('',(#383,#384,#385,#386));
#770=EDGE_LOOP('',(#387,#388,#389,#390));
#771=EDGE_LOOP('',(#391,#392,#393,#394));
#772=EDGE_LOOP('',(#395,#396,#397,#398));
#773=EDGE_LOOP('',(#399,#400,#401,#402));
#774=EDGE_LOOP('',(#403,#404,#405,#406));
#775=EDGE_LOOP('',(#407,#408,#409,#410));
#776=EDGE_LOOP('',(#411,#412,#413,#414));
#777=EDGE_LOOP('',(#415,#416,#417,#418));
#778=EDGE_LOOP('',(#419,#420,#421,#422));
#779=EDGE_LOOP('',(#423,#424,#425,#426));
#780=EDGE_LOOP('',(#427,#428,#429,#430,#431,#432));
#781=EDGE_LOOP('',(#433,#434,#435,#436,#437,#438,#439,#440,#441));
#782=EDGE_LOOP('',(#442,#443,#444,#445));
#783=EDGE_LOOP('',(#446,#447,#448,#449));
#784=EDGE_LOOP('',(#450,#451,#452,#453));
#785=EDGE_LOOP('',(#454,#455,#456,#457));
#786=EDGE_LOOP('',(#458,#459,#460,#461,#462));
#787=EDGE_LOOP('',(#463,#464,#465,#466,#467));
#788=FACE_BOUND('',#732,.T.);
#789=FACE_BOUND('',#733,.T.);
#790=FACE_BOUND('',#734,.T.);
#791=FACE_BOUND('',#735,.T.);
#792=FACE_BOUND('',#736,.T.);
#793=FACE_BOUND('',#737,.T.);
#794=FACE_BOUND('',#738,.T.);
#795=FACE_BOUND('',#739,.T.);
#796=FACE_BOUND('',#740,.T.);
#797=FACE_BOUND('',#741,.T.);
#798=FACE_BOUND('',#742,.T.);
#799=FACE_BOUND('',#743,.T.);
#800=FACE_BOUND('',#744,.T.);
#801=FACE_BOUND('',#745,.T.);
#802=FACE_BOUND('',#746,.T.);
#803=FACE_BOUND('',#747,.T.);
#804=FACE_BOUND('',#748,.T.);
#805=FACE_BOUND('',#749,.T.);
#806=FACE_BOUND('',#750,.T.);
#807=FACE_BOUND('',#751,.T.);
#808=FACE_BOUND('',#752,.T.);
#809=FACE_BOUND('',#753,.T.);
#810=FACE_BOUND('',#754,.T.);
#811=FACE_BOUND('',#755,.T.);
#812=FACE_BOUND('',#756,.T.);
#813=FACE_BOUND('',#757,.T.);
#814=FACE_BOUND('',#758,.T.);
#815=FACE_BOUND('',#759,.T.);
#816=FACE_BOUND('',#760,.T.);
#817=FACE_BOUND('',#761,.T.);
#818=FACE_BOUND('',#762,.T.);
#819=FACE_BOUND('',#763,.T.);
#820=FACE_BOUND('',#764,.T.);
#821=FACE_BOUND('',#765,.T.);
#822=FACE_BOUND('',#766,.T.);
#823=FACE_BOUND('',#767,.T.);
#824=FACE_BOUND('',#768,.T.);
#825=FACE_BOUND('',#769,.T.);
#826=FACE_BOUND('',#770,.T.);
#827=FACE_BOUND('',#771,.T.);
#828=FACE_BOUND('',#772,.T.);
#829=FACE_BOUND('',#773,.T.);
#830=FACE_BOUND('',#774,.T.);
#831=FACE_BOUND('',#775,.T.);
#832=FACE_BOUND('',#776,.T.);
#833=FACE_BOUND('',#777,.T.);
#834=FACE_BOUND('',#778,.T.);
#835=FACE_BOUND('',#779,.T.);
#836=FACE_BOUND('',#780,.T.);
#837=FACE_BOUND('',#781,.T.);
#838=FACE_BOUND('',#782,.T.);
#839=FACE_BOUND('',#783,.T.);
#840=FACE_BOUND('',#784,.T.);
#841=FACE_BOUND('',#785,.T.);
#842=FACE_BOUND('',#786,.T.);
#843=FACE_BOUND('',#787,.T.);
#844=SPHERICAL_SURFACE('',#915,0.0057);
#845=SPHERICAL_SURFACE('',#927,0.0037525);
#846=SPHERICAL_SURFACE('',#941,0.0038);
#847=SPHERICAL_SURFACE('',#942,0.0057);
#848=ADVANCED_FACE('',(#788),#844,.T.);
#849=ADVANCED_FACE('',(#789),#108,.F.);
#850=ADVANCED_FACE('',(#790),#97,.F.);
#851=ADVANCED_FACE('',(#791),#109,.F.);
#852=ADVANCED_FACE('',(#792),#98,.F.);
#853=ADVANCED_FACE('',(#793),#845,.F.);
#854=ADVANCED_FACE('',(#794),#99,.F.);
#855=ADVANCED_FACE('',(#795),#100,.F.);
#856=ADVANCED_FACE('',(#796),#34,.F.);
#857=ADVANCED_FACE('',(#797),#35,.F.);
#858=ADVANCED_FACE('',(#798),#36,.F.);
#859=ADVANCED_FACE('',(#799,#800),#110,.T.);
#860=ADVANCED_FACE('',(#801,#802),#33,.T.);
#861=ADVANCED_FACE('',(#803),#846,.T.);
#862=ADVANCED_FACE('',(#804),#847,.T.);
#863=ADVANCED_FACE('',(#805),#20,.T.);
#864=ADVANCED_FACE('',(#806),#111,.F.);
#865=ADVANCED_FACE('',(#807),#101,.T.);
#866=ADVANCED_FACE('',(#808),#102,.T.);
#867=ADVANCED_FACE('',(#809),#112,.T.);
#868=ADVANCED_FACE('',(#810),#12,.T.);
#869=ADVANCED_FACE('',(#811),#21,.F.);
#870=ADVANCED_FACE('',(#812),#113,.T.);
#871=ADVANCED_FACE('',(#813),#22,.F.);
#872=ADVANCED_FACE('',(#814),#13,.T.);
#873=ADVANCED_FACE('',(#815),#23,.F.);
#874=ADVANCED_FACE('',(#816),#103,.T.);
#875=ADVANCED_FACE('',(#817),#114,.T.);
#876=ADVANCED_FACE('',(#818),#104,.T.);
#877=ADVANCED_FACE('',(#819),#115,.T.);
#878=ADVANCED_FACE('',(#820),#105,.F.);
#879=ADVANCED_FACE('',(#821),#24,.F.);
#880=ADVANCED_FACE('',(#822),#106,.F.);
#881=ADVANCED_FACE('',(#823),#116,.T.);
#882=ADVANCED_FACE('',(#824),#107,.F.);
#883=ADVANCED_FACE('',(#825),#117,.T.);
#884=ADVANCED_FACE('',(#826),#14,.T.);
#885=ADVANCED_FACE('',(#827),#25,.F.);
#886=ADVANCED_FACE('',(#828),#118,.T.);
#887=ADVANCED_FACE('',(#829),#26,.F.);
#888=ADVANCED_FACE('',(#830),#15,.T.);
#889=ADVANCED_FACE('',(#831),#16,.T.);
#890=ADVANCED_FACE('',(#832),#27,.F.);
#891=ADVANCED_FACE('',(#833),#119,.T.);
#892=ADVANCED_FACE('',(#834),#28,.F.);
#893=ADVANCED_FACE('',(#835),#17,.T.);
#894=ADVANCED_FACE('',(#836),#29,.F.);
#895=ADVANCED_FACE('',(#837),#120,.T.);
#896=ADVANCED_FACE('',(#838),#18,.T.);
#897=ADVANCED_FACE('',(#839),#30,.F.);
#898=ADVANCED_FACE('',(#840),#121,.T.);
#899=ADVANCED_FACE('',(#841),#31,.F.);
#900=ADVANCED_FACE('',(#842),#19,.T.);
#901=ADVANCED_FACE('',(#843),#32,.F.);
#902=CLOSED_SHELL('',(#848,#849,#850,#851,#852,#853,#854,#855,#856,#857,
#858,#859,#860,#861,#862,#863,#864,#865,#866,#867,#868,#869,#870,#871,#872,
#873,#874,#875,#876,#877,#878,#879,#880,#881,#882,#883,#884,#885,#886,#887,
#888,#889,#890,#891,#892,#893,#894,#895,#896,#897,#898,#899,#900,#901));
#903=STYLED_ITEM('',(#904),#911);
#904=PRESENTATION_STYLE_ASSIGNMENT((#905));
#905=SURFACE_STYLE_USAGE(.BOTH.,#906);
#906=SURFACE_SIDE_STYLE('',(#907));
#907=SURFACE_STYLE_FILL_AREA(#908);
#908=FILL_AREA_STYLE('',(#909));
#909=FILL_AREA_STYLE_COLOUR('',#910);
#910=COLOUR_RGB('',0.627450980392157,0.627450980392157,0.627450980392157);
#911=MANIFOLD_SOLID_BREP('spine',#902);
#912=SHAPE_DEFINITION_REPRESENTATION(#2834,#913);
#913=SHAPE_REPRESENTATION('spine',(#914),#2829);
#914=AXIS2_PLACEMENT_3D('',#1175,#991,#992);
#915=AXIS2_PLACEMENT_3D('',#1176,#993,#994);
#916=AXIS2_PLACEMENT_3D('',#1177,#995,#996);
#917=AXIS2_PLACEMENT_3D('',#1180,#997,#998);
#918=AXIS2_PLACEMENT_3D('',#1208,#999,#1000);
#919=AXIS2_PLACEMENT_3D('',#1210,#1001,#1002);
#920=AXIS2_PLACEMENT_3D('',#1219,#1003,#1004);
#921=AXIS2_PLACEMENT_3D('',#1246,#1005,#1006);
#922=AXIS2_PLACEMENT_3D('',#1250,#1008,#1009);
#923=AXIS2_PLACEMENT_3D('',#1257,#1011,#1012);
#924=AXIS2_PLACEMENT_3D('',#1270,#1013,#1014);
#925=AXIS2_PLACEMENT_3D('',#1276,#1017,#1018);
#926=AXIS2_PLACEMENT_3D('',#1277,#1019,#1020);
#927=AXIS2_PLACEMENT_3D('',#1278,#1021,#1022);
#928=AXIS2_PLACEMENT_3D('',#1289,#1023,#1024);
#929=AXIS2_PLACEMENT_3D('',#1311,#1025,#1026);
#930=AXIS2_PLACEMENT_3D('',#1321,#1027,#1028);
#931=AXIS2_PLACEMENT_3D('',#1324,#1030,#1031);
#932=AXIS2_PLACEMENT_3D('',#1327,#1033,#1034);
#933=AXIS2_PLACEMENT_3D('',#1341,#1038,#1039);
#934=AXIS2_PLACEMENT_3D('',#1350,#1040,#1041);
#935=AXIS2_PLACEMENT_3D('',#1359,#1042,#1043);
#936=AXIS2_PLACEMENT_3D('',#1360,#1044,#1045);
#937=AXIS2_PLACEMENT_3D('',#1392,#1047,#1048);
#938=AXIS2_PLACEMENT_3D('',#1401,#1050,#1051);
#939=AXIS2_PLACEMENT_3D('',#1403,#1052,#1053);
#940=AXIS2_PLACEMENT_3D('',#1404,#1054,#1055);
#941=AXIS2_PLACEMENT_3D('',#1406,#1056,#1057);
#942=AXIS2_PLACEMENT_3D('',#1407,#1058,#1059);
#943=AXIS2_PLACEMENT_3D('',#1456,#1060,#1061);
#944=AXIS2_PLACEMENT_3D('',#1457,#1062,#1063);
#945=AXIS2_PLACEMENT_3D('',#1551,#1064,#1065);
#946=AXIS2_PLACEMENT_3D('',#1552,#1066,#1067);
#947=AXIS2_PLACEMENT_3D('',#1554,#1068,#1069);
#948=AXIS2_PLACEMENT_3D('',#1570,#1071,#1072);
#949=AXIS2_PLACEMENT_3D('',#1628,#1073,#1074);
#950=AXIS2_PLACEMENT_3D('',#1643,#1076,#1077);
#951=AXIS2_PLACEMENT_3D('',#1644,#1078,#1079);
#952=AXIS2_PLACEMENT_3D('',#1648,#1081,#1082);
#953=AXIS2_PLACEMENT_3D('',#1649,#1083,#1084);
#954=AXIS2_PLACEMENT_3D('',#1669,#1086,#1087);
#955=AXIS2_PLACEMENT_3D('',#1670,#1088,#1089);
#956=AXIS2_PLACEMENT_3D('',#1686,#1091,#1092);
#957=AXIS2_PLACEMENT_3D('',#1723,#1093,#1094);
#958=AXIS2_PLACEMENT_3D('',#1767,#1095,#1096);
#959=AXIS2_PLACEMENT_3D('',#1813,#1098,#1099);
#960=AXIS2_PLACEMENT_3D('',#1814,#1100,#1101);
#961=AXIS2_PLACEMENT_3D('',#1816,#1102,#1103);
#962=AXIS2_PLACEMENT_3D('',#2017,#1104,#1105);
#963=AXIS2_PLACEMENT_3D('',#2018,#1106,#1107);
#964=AXIS2_PLACEMENT_3D('',#2022,#1109,#1110);
#965=AXIS2_PLACEMENT_3D('',#2023,#1111,#1112);
#966=AXIS2_PLACEMENT_3D('',#2045,#1114,#1115);
#967=AXIS2_PLACEMENT_3D('',#2051,#1119,#1120);
#968=AXIS2_PLACEMENT_3D('',#2073,#1122,#1123);
#969=AXIS2_PLACEMENT_3D('',#2074,#1124,#1125);
#970=AXIS2_PLACEMENT_3D('',#2078,#1127,#1128);
#971=AXIS2_PLACEMENT_3D('',#2080,#1129,#1130);
#972=AXIS2_PLACEMENT_3D('',#2226,#1132,#1133);
#973=AXIS2_PLACEMENT_3D('',#2227,#1134,#1135);
#974=AXIS2_PLACEMENT_3D('',#2228,#1136,#1137);
#975=AXIS2_PLACEMENT_3D('',#2231,#1138,#1139);
#976=AXIS2_PLACEMENT_3D('',#2233,#1141,#1142);
#977=AXIS2_PLACEMENT_3D('',#2245,#1144,#1145);
#978=AXIS2_PLACEMENT_3D('',#2249,#1148,#1149);
#979=AXIS2_PLACEMENT_3D('',#2259,#1150,#1151);
#980=AXIS2_PLACEMENT_3D('',#2298,#1152,#1153);
#981=AXIS2_PLACEMENT_3D('',#2332,#1154,#1155);
#982=AXIS2_PLACEMENT_3D('',#2337,#1156,#1157);
#983=AXIS2_PLACEMENT_3D('',#2380,#1158,#1159);
#984=AXIS2_PLACEMENT_3D('',#2414,#1160,#1161);
#985=AXIS2_PLACEMENT_3D('',#2550,#1162,#1163);
#986=AXIS2_PLACEMENT_3D('',#2587,#1164,#1165);
#987=AXIS2_PLACEMENT_3D('',#2603,#1167,#1168);
#988=AXIS2_PLACEMENT_3D('',#2604,#1169,#1170);
#989=AXIS2_PLACEMENT_3D('',#2638,#1171,#1172);
#990=AXIS2_PLACEMENT_3D('',#2677,#1173,#1174);
#991=DIRECTION('',(0.,0.,1.));
#992=DIRECTION('',(1.,0.,0.));
#993=DIRECTION('',(-1.12481983699639E-32,7.40148683083438E-17,1.));
#994=DIRECTION('',(-1.83697019872103E-16,1.,0.));
#995=DIRECTION('',(1.,0.,0.));
#996=DIRECTION('',(0.,0.,1.));
#997=DIRECTION('',(0.,0.,1.));
#998=DIRECTION('',(0.,1.,0.));
#999=DIRECTION('',(0.,0.,1.));
#1000=DIRECTION('',(0.,1.,0.));
#1001=DIRECTION('',(-1.,0.,0.));
#1002=DIRECTION('',(0.,0.,-1.));
#1003=DIRECTION('',(0.,1.,0.));
#1004=DIRECTION('',(0.,0.,1.));
#1005=DIRECTION('',(-1.,0.,0.));
#1006=DIRECTION('',(0.,0.,1.));
#1007=DIRECTION('',(0.,0.760858755457526,0.64891752499345));
#1008=DIRECTION('',(1.,0.,0.));
#1009=DIRECTION('',(0.,0.,-1.));
#1010=DIRECTION('',(0.,-1.,0.));
#1011=DIRECTION('',(-2.46821633360984E-17,1.,5.59290902892618E-17));
#1012=DIRECTION('',(-0.0788519324522287,0.,0.99688633893165));
#1013=DIRECTION('',(-1.,0.,0.));
#1014=DIRECTION('',(0.,0.,1.));
#1015=DIRECTION('',(-5.22064391716981E-10,0.760858755457528,-0.648917524993447));
#1016=DIRECTION('',(0.,-1.,0.));
#1017=DIRECTION('',(-1.,0.,0.));
#1018=DIRECTION('',(0.,0.,-1.));
#1019=DIRECTION('',(1.,0.,0.));
#1020=DIRECTION('',(0.,0.,-1.));
#1021=DIRECTION('',(6.12323399573677E-17,0.,1.));
#1022=DIRECTION('',(1.,0.,0.));
#1023=DIRECTION('',(-1.,0.,0.));
#1024=DIRECTION('',(0.,0.,1.));
#1025=DIRECTION('',(-1.,0.,0.));
#1026=DIRECTION('',(0.,0.,1.));
#1027=DIRECTION('',(1.,0.,0.));
#1028=DIRECTION('',(0.,0.,-1.));
#1029=DIRECTION('',(0.,-0.76086908230893,0.648905416517976));
#1030=DIRECTION('',(1.,0.,0.));
#1031=DIRECTION('',(0.,0.,1.));
#1032=DIRECTION('',(0.,1.,0.));
#1033=DIRECTION('',(1.,0.,0.));
#1034=DIRECTION('',(0.,0.,-1.));
#1035=DIRECTION('',(0.,-0.760868643163678,-0.648905931434029));
#1036=DIRECTION('',(0.,1.,0.));
#1037=DIRECTION('',(0.695247285627724,-0.30909101828371,-0.648917524993447));
#1038=DIRECTION('',(0.,0.,1.));
#1039=DIRECTION('',(-0.357872116256208,0.933770608022283,0.));
#1040=DIRECTION('',(0.,0.,1.));
#1041=DIRECTION('',(0.998630208307871,-0.0523231024976368,0.));
#1042=DIRECTION('',(0.,0.,1.));
#1043=DIRECTION('',(-0.357872116256208,0.933770608022283,0.));
#1044=DIRECTION('',(0.,0.,1.));
#1045=DIRECTION('',(1.,0.,0.));
#1046=DIRECTION('',(0.,0.,1.));
#1047=DIRECTION('',(0.,0.,1.));
#1048=DIRECTION('',(1.,0.,0.));
#1049=DIRECTION('',(0.,0.,-1.));
#1050=DIRECTION('',(0.,0.,1.));
#1051=DIRECTION('',(1.,0.,0.));
#1052=DIRECTION('',(0.,0.,-1.));
#1053=DIRECTION('',(1.,0.,0.));
#1054=DIRECTION('',(0.,0.,-1.));
#1055=DIRECTION('',(1.,0.,0.));
#1056=DIRECTION('',(6.12323399573677E-17,0.,1.));
#1057=DIRECTION('',(1.,0.,0.));
#1058=DIRECTION('',(-1.12481983699639E-32,7.40148683083438E-17,1.));
#1059=DIRECTION('',(-1.83697019872103E-16,1.,0.));
#1060=DIRECTION('',(0.,0.,1.));
#1061=DIRECTION('',(0.,1.,0.));
#1062=DIRECTION('',(0.,0.,1.));
#1063=DIRECTION('',(0.,1.,0.));
#1064=DIRECTION('',(0.,0.,1.));
#1065=DIRECTION('',(6.12323399573677E-17,1.,0.));
#1066=DIRECTION('',(0.,0.,1.));
#1067=DIRECTION('',(-0.987391924833108,0.158294620168753,0.));
#1068=DIRECTION('',(0.,0.,1.));
#1069=DIRECTION('',(0.987391924833108,0.158294620168753,0.));
#1070=DIRECTION('',(0.,0.,-1.));
#1071=DIRECTION('',(0.,0.,-1.));
#1072=DIRECTION('',(0.85402423924477,-0.520233215762308,0.));
#1073=DIRECTION('',(0.,0.,-1.));
#1074=DIRECTION('',(-0.85402423924477,-0.520233215762308,0.));
#1075=DIRECTION('',(0.,0.,1.));
#1076=DIRECTION('',(0.,0.,-1.));
#1077=DIRECTION('',(-1.,0.,0.));
#1078=DIRECTION('',(0.,0.,-1.));
#1079=DIRECTION('',(-0.987391924833108,0.158294620168753,0.));
#1080=DIRECTION('',(0.425779291565073,0.904827052466019,0.));
#1081=DIRECTION('',(0.,0.,1.));
#1082=DIRECTION('',(-0.997498963676994,0.0706810969306771,0.));
#1083=DIRECTION('',(0.,0.,1.));
#1084=DIRECTION('',(1.,0.,0.));
#1085=DIRECTION('',(1.,-1.88027094746321E-15,0.));
#1086=DIRECTION('',(0.,0.,1.));
#1087=DIRECTION('',(6.12323399573677E-17,1.,0.));
#1088=DIRECTION('',(0.,0.,-1.));
#1089=DIRECTION('',(-0.997498963676994,0.0706810969306771,0.));
#1090=DIRECTION('',(0.,0.,-1.));
#1091=DIRECTION('',(0.,0.,1.));
#1092=DIRECTION('',(-0.852121871852412,-0.523343401134228,0.));
#1093=DIRECTION('',(0.,0.,-1.));
#1094=DIRECTION('',(0.996510363621883,0.0834691271919319,0.));
#1095=DIRECTION('',(0.,0.,-1.));
#1096=DIRECTION('',(0.318082526005361,-0.948063028838299,0.));
#1097=DIRECTION('',(0.,0.,1.));
#1098=DIRECTION('',(0.,0.,-1.));
#1099=DIRECTION('',(-1.,0.,0.));
#1100=DIRECTION('',(0.,0.,-1.));
#1101=DIRECTION('',(-0.852121871852412,-0.523343401134229,0.));
#1102=DIRECTION('',(-1.16392138982402E-12,-0.120263213673952,0.992742040732039));
#1103=DIRECTION('',(0.00101177350350837,0.992741532604031,0.120263152118086));
#1104=DIRECTION('',(0.,0.,-1.));
#1105=DIRECTION('',(-1.,0.,0.));
#1106=DIRECTION('',(0.,0.,1.));
#1107=DIRECTION('',(0.997498963676994,0.0706810969306772,0.));
#1108=DIRECTION('',(0.425779291565073,-0.904827052466019,0.));
#1109=DIRECTION('',(0.,0.,-1.));
#1110=DIRECTION('',(0.987391924833108,0.158294620168753,0.));
#1111=DIRECTION('',(0.425779291565073,-0.90482705246602,0.));
#1112=DIRECTION('',(-0.639809344599758,-0.301071424354467,-0.707106781186548));
#1113=DIRECTION('',(-0.425779291565073,0.904827052466019,0.));
#1114=DIRECTION('',(-0.90482705246602,-0.425779291565073,0.));
#1115=DIRECTION('',(0.425779291565073,-0.904827052466019,0.));
#1116=DIRECTION('',(0.,0.,-1.));
#1117=DIRECTION('',(0.425779291565073,-0.904827052466019,0.));
#1118=DIRECTION('',(0.,0.,1.));
#1119=DIRECTION('',(-0.425779291565073,0.90482705246602,0.));
#1120=DIRECTION('',(-0.639809344599759,-0.301071424354467,0.707106781186547));
#1121=DIRECTION('',(-0.425779291565073,0.904827052466019,0.));
#1122=DIRECTION('',(0.,0.,-1.));
#1123=DIRECTION('',(0.,1.,0.));
#1124=DIRECTION('',(0.,0.,-1.));
#1125=DIRECTION('',(0.852121871852412,-0.523343401134228,0.));
#1126=DIRECTION('',(1.,0.,0.));
#1127=DIRECTION('',(2.96176709946179E-15,2.83285352170271E-14,1.));
#1128=DIRECTION('',(-0.208182096880595,-0.978090085083372,2.40997505652961E-14));
#1129=DIRECTION('',(0.,0.,1.));
#1130=DIRECTION('',(0.85402423924477,-0.520233215762308,0.));
#1131=DIRECTION('',(1.,0.,0.));
#1132=DIRECTION('',(2.90509803713146E-12,-0.120263213657518,0.99274204073403));
#1133=DIRECTION('',(0.185188486952833,0.975570600895642,0.118183023181148));
#1134=DIRECTION('',(0.,0.,-1.));
#1135=DIRECTION('',(0.,1.,0.));
#1136=DIRECTION('',(0.,0.,1.));
#1137=DIRECTION('',(-0.85402423924477,-0.520233215762308,0.));
#1138=DIRECTION('',(9.22344350879057E-14,-8.82198483201921E-13,1.));
#1139=DIRECTION('',(-0.00136477081831903,-0.999999068699873,-8.91633557120426E-13));
#1140=DIRECTION('',(-0.425779291565073,-0.904827052466019,0.));
#1141=DIRECTION('',(-0.425779291565073,-0.904827052466019,0.));
#1142=DIRECTION('',(0.639809344599759,-0.301071424354469,0.707106781186547));
#1143=DIRECTION('',(0.425779291565073,0.904827052466019,0.));
#1144=DIRECTION('',(-0.904827052466019,0.425779291565073,0.));
#1145=DIRECTION('',(-0.425779291565073,-0.904827052466019,0.));
#1146=DIRECTION('',(0.,0.,-1.));
#1147=DIRECTION('',(-0.425779291565073,-0.904827052466019,0.));
#1148=DIRECTION('',(0.425779291565073,0.904827052466019,0.));
#1149=DIRECTION('',(0.639809344599758,-0.301071424354467,-0.707106781186548));
#1150=DIRECTION('',(0.,0.,-1.));
#1151=DIRECTION('',(0.990185647893768,0.1397583010243,0.));
#1152=DIRECTION('',(0.,0.,1.));
#1153=DIRECTION('',(0.948928231485044,0.315492014939627,0.));
#1154=DIRECTION('',(0.,0.,1.));
#1155=DIRECTION('',(1.,0.,0.));
#1156=DIRECTION('',(0.,0.,1.));
#1157=DIRECTION('',(1.,0.,0.));
#1158=DIRECTION('',(0.,0.,-1.));
#1159=DIRECTION('',(-0.948928231485044,0.315492014939628,0.));
#1160=DIRECTION('',(0.,0.,-1.));
#1161=DIRECTION('',(0.990185647893768,0.1397583010243,0.));
#1162=DIRECTION('',(0.,0.,1.));
#1163=DIRECTION('',(6.12323399573677E-17,1.,0.));
#1164=DIRECTION('',(0.,0.,1.));
#1165=DIRECTION('',(0.852121871852412,-0.523343401134228,0.));
#1166=DIRECTION('',(0.,0.,1.));
#1167=DIRECTION('',(0.,0.,-1.));
#1168=DIRECTION('',(0.997498963676994,0.0706810969306772,0.));
#1169=DIRECTION('',(0.,0.,-1.));
#1170=DIRECTION('',(0.996510363621883,0.0834691271919319,0.));
#1171=DIRECTION('',(0.,0.,1.));
#1172=DIRECTION('',(-0.318082526005366,-0.948063028838297,0.));
#1173=DIRECTION('',(0.,0.,-1.));
#1174=DIRECTION('',(-1.,0.,0.));
#1175=CARTESIAN_POINT('',(0.,0.,0.));
#1176=CARTESIAN_POINT('',(0.,0.00294499993417412,0.00285));
#1177=CARTESIAN_POINT('',(0.00153925097294328,0.00294499993417412,0.00285));
#1178=CARTESIAN_POINT('',(0.00153919294856784,-0.00254174531575998,0.00272254540632904));
#1179=CARTESIAN_POINT('',(0.00153925097294328,-0.0017452246278584,0.));
#1180=CARTESIAN_POINT('',(0.,0.00294499993417412,0.));
#1181=CARTESIAN_POINT('',(0.00239336378069557,-0.00137232676336159,0.));
#1182=CARTESIAN_POINT('',(0.00239336378069557,-0.00137232676336159,5.33101361177489E-21));
#1183=CARTESIAN_POINT('',(0.00232203438694609,-0.00141186910042782,1.14974686743614E-18));
#1184=CARTESIAN_POINT('',(0.00217962221541911,-0.00151940637435058,5.16020961851243E-5));
#1185=CARTESIAN_POINT('',(0.00220988994076807,-0.00160238930006041,0.000216691977524496));
#1186=CARTESIAN_POINT('',(0.00225073109901026,-0.00162065515853383,0.000285043256821265));
#1187=CARTESIAN_POINT('',(0.0022507310955108,-0.00162065516064086,0.000285043258022143));
#1188=CARTESIAN_POINT('',(0.00225073109579508,-0.00162065516060131,0.00028504325786291));
#1189=CARTESIAN_POINT('',(0.00259693721144986,-0.00177558922847464,0.000864621214082241));
#1190=CARTESIAN_POINT('',(0.0029773766280419,-0.00201571793644325,0.00218465076821235));
#1191=CARTESIAN_POINT('',(0.00285600450154959,-0.00193132604885621,0.00426983107045366));
#1192=CARTESIAN_POINT('',(0.00212301727090712,-0.0015225970782196,0.00582933950000466));
#1193=CARTESIAN_POINT('',(0.00103597724018313,-0.00120988928432581,0.00666066005854183));
#1194=CARTESIAN_POINT('',(8.39681806781636E-6,-0.00110570395195363,0.00690595512979695));
#1195=CARTESIAN_POINT('',(-0.00102464820270148,-0.00120732548389995,0.00666706870208488));
#1196=CARTESIAN_POINT('',(-0.00211869403120332,-0.00152043532296631,0.00583572451792589));
#1197=CARTESIAN_POINT('',(-0.00285253784000079,-0.00192924217899792,0.00428478260716903));
#1198=CARTESIAN_POINT('',(-0.00297902104698136,-0.0020167036904694,0.0021859519619906));
#1199=CARTESIAN_POINT('',(-0.00259683258556019,-0.0017755423738357,0.000864445790534858));
#1200=CARTESIAN_POINT('',(-0.00225073070133558,-0.00162065498416304,0.000285042597482535));
#1201=CARTESIAN_POINT('',(-0.00225073070105849,-0.00162065498411315,0.000285042597655874));
#1202=CARTESIAN_POINT('',(-0.00225073070430597,-0.00162065498366132,0.000285042595836202));
#1203=CARTESIAN_POINT('',(-0.00220991074180226,-0.00160239843510075,0.000216726512540042));
#1204=CARTESIAN_POINT('',(-0.0021793092125975,-0.00151993437588803,5.22021457248012E-5));
#1205=CARTESIAN_POINT('',(-0.00232196947661076,-0.00141190508427997,1.13234138655318E-18));
#1206=CARTESIAN_POINT('',(-0.00239336378069557,-0.00137232676336159,-1.31158951163724E-20));
#1207=CARTESIAN_POINT('',(-0.00239336378069557,-0.00137232676336159,0.));
#1208=CARTESIAN_POINT('',(0.,0.00294499993417412,0.));
#1209=CARTESIAN_POINT('',(-0.00153900007309857,-0.00174530696143544,0.));
#1210=CARTESIAN_POINT('',(-0.00153900007309857,0.00294499993417412,0.00285));
#1211=CARTESIAN_POINT('',(-0.00153914909194901,-0.00254243981530521,0.00275499979871346));
#1212=CARTESIAN_POINT('',(-0.00153929811260798,-0.00254239803064888,0.00275500054643373));
#1213=CARTESIAN_POINT('',(-0.00154036827904993,-0.00254919810855869,0.0031651296303867));
#1214=CARTESIAN_POINT('',(-0.00120311125999888,-0.00256250135181277,0.00396979783994504));
#1215=CARTESIAN_POINT('',(1.64099175707828E-5,-0.00257070041028755,0.00446873920381258));
#1216=CARTESIAN_POINT('',(0.00122830683748934,-0.00256204216603288,0.00394552798224279));
#1217=CARTESIAN_POINT('',(0.00154885315614776,-0.00254858392757846,0.00313255156769663));
#1218=CARTESIAN_POINT('',(0.00153913683087055,-0.00254178540078996,0.00272254607153634));
#1219=CARTESIAN_POINT('',(-2.32667381431669E-6,0.00190189998551832,0.00276668274148689));
#1220=CARTESIAN_POINT('',(-0.0015350215447099,0.006252996822155,0.00275523417090769));
#1221=CARTESIAN_POINT('',(-0.00153807112732281,0.00620600340692803,0.00316350170062526));
#1222=CARTESIAN_POINT('',(-0.00120722013381752,0.00611137574748309,0.00396688840419789));
#1223=CARTESIAN_POINT('',(1.35458162002602E-5,0.00605037899727377,0.00447157260617812));
#1224=CARTESIAN_POINT('',(0.00122700982968721,0.00611603207452468,0.00394292298755008));
#1225=CARTESIAN_POINT('',(0.00154133510186077,0.00621186598940199,0.00313150592338981));
#1226=CARTESIAN_POINT('',(0.00152979903119901,0.00625875424801571,0.00272337614772748));
#1227=CARTESIAN_POINT('',(-0.00153900007309857,0.00625122556745231,0.00275499993842095));
#1228=CARTESIAN_POINT('',(0.00153925097294328,0.00625457336013535,0.0027226251097415));
#1229=CARTESIAN_POINT('',(-0.00153900007309857,0.00843248148433013,0.00275499993842095));
#1230=CARTESIAN_POINT('',(-0.00153900007309858,0.00770539617870419,0.00275499993842095));
#1231=CARTESIAN_POINT('',(-0.00153900007309858,0.00697831087307825,0.00275499993842095));
#1232=CARTESIAN_POINT('',(-0.00153900007309857,0.00625122556745231,0.00275499993842095));
#1233=CARTESIAN_POINT('',(-0.00153900007309857,0.00843248148433013,0.00275499993842095));
#1234=CARTESIAN_POINT('',(0.00152978422212937,0.00843440741346523,0.00272285535785204));
#1235=CARTESIAN_POINT('',(0.0015414970252451,0.00844062700395556,0.00313230971691583));
#1236=CARTESIAN_POINT('',(0.0012244889058393,0.0084527934423464,0.00394442205620426));
#1237=CARTESIAN_POINT('',(1.7380638849609E-5,0.00846022339534928,0.00447005952765388));
#1238=CARTESIAN_POINT('',(-0.0012038465268745,0.00845217423639694,0.00397127256392147));
#1239=CARTESIAN_POINT('',(-0.00153813852714514,0.00843981301548922,0.0031646233139919));
#1240=CARTESIAN_POINT('',(-0.00153501987877997,0.0084335964299627,0.00275501327372944));
#1241=CARTESIAN_POINT('',(0.00153925097294328,0.00843175508449975,0.0027226251097415));
#1242=CARTESIAN_POINT('',(0.00153925097294328,0.00625457336013535,0.0027226251097415));
#1243=CARTESIAN_POINT('',(0.00153925097294328,0.00698030060159015,0.0027226251097415));
#1244=CARTESIAN_POINT('',(0.00153925097294328,0.00770602784304495,0.0027226251097415));
#1245=CARTESIAN_POINT('',(0.00153925097294328,0.00843175508449975,0.0027226251097415));
#1246=CARTESIAN_POINT('',(-0.00153900007309857,0.,-4.59953881831648E-7));
#1247=CARTESIAN_POINT('',(-0.00153900007309857,-0.000620884236153511,0.000383555659427028));
#1248=CARTESIAN_POINT('',(-0.00153900007309857,-0.00107060499486363,0.));
#1249=CARTESIAN_POINT('',(-0.00153900007309857,-0.000171163477443403,0.000767111318854055));
#1250=CARTESIAN_POINT('',(-0.00153900007309857,0.00285000004246831,0.002375));
#1251=CARTESIAN_POINT('',(-0.0015391490714229,-0.000551158938395569,0.002754992034553));
#1252=CARTESIAN_POINT('',(-0.00153900007309858,-0.000551225482515684,0.00275499993842095));
#1253=CARTESIAN_POINT('',(-0.00153900007309858,-0.00121496359344553,0.00275499993842095));
#1254=CARTESIAN_POINT('',(-0.00153900007309858,-0.00187870170437537,0.00275499993842095));
#1255=CARTESIAN_POINT('',(-0.00153900007309858,-0.00254243981530521,0.00275499993842095));
#1256=CARTESIAN_POINT('',(-0.00153900007309857,7.65888417042886E-5,0.));
#1257=CARTESIAN_POINT('',(1.32783434311715E-7,-0.0026125,0.00275901744586636));
#1258=CARTESIAN_POINT('',(0.00153913889741321,-0.000554623099397207,0.00272263337921358));
#1259=CARTESIAN_POINT('',(0.0015488030723881,-0.000508514774030657,0.00313141738114641));
#1260=CARTESIAN_POINT('',(0.00123155366461559,-0.000414901615129849,0.00394113328701665));
#1261=CARTESIAN_POINT('',(2.02488383549566E-5,-0.000351418806896935,0.00447015053192636));
#1262=CARTESIAN_POINT('',(-0.00120577234865364,-0.000411768976968069,0.00396837805953869));
#1263=CARTESIAN_POINT('',(-0.0015403693675624,-0.000504924465108806,0.00316387580619233));
#1264=CARTESIAN_POINT('',(-0.00153929806968617,-0.000551092394248194,0.00275498413068213));
#1265=CARTESIAN_POINT('',(0.00153919490198148,-0.000554598345685937,0.00272262784039887));
#1266=CARTESIAN_POINT('',(0.00153925097294328,-0.00254170656336643,0.0027226251097415));
#1267=CARTESIAN_POINT('',(0.00153925097294328,-0.00187933715747293,0.0027226251097415));
#1268=CARTESIAN_POINT('',(0.00153925097294328,-0.00121696775157943,0.0027226251097415));
#1269=CARTESIAN_POINT('',(0.00153925097294328,-0.000554598345685937,0.0027226251097415));
#1270=CARTESIAN_POINT('',(-0.00153900007309857,0.,-4.59953881831648E-7));
#1271=CARTESIAN_POINT('',(-0.00153900007512513,0.00589852015438464,0.000905825654179212));
#1272=CARTESIAN_POINT('',(-0.00153900007309857,0.00592865104928607,0.00088012776357892));
#1273=CARTESIAN_POINT('',(-0.00153900007309857,0.00696060486321187,0.));
#1274=CARTESIAN_POINT('',(-0.00153900007309857,7.65888417042886E-5,0.));
#1275=CARTESIAN_POINT('',(-0.00153900007309857,0.00763530682978368,0.));
#1276=CARTESIAN_POINT('',(-0.00153900007309857,0.00294499993417412,0.00285));
#1277=CARTESIAN_POINT('',(-0.00153900007309857,0.00285000004246831,0.002375));
#1278=CARTESIAN_POINT('',(0.,0.00285000004246831,0.002375));
#1279=CARTESIAN_POINT('',(0.0034082247944517,0.00311401894430066,0.000827242260571795));
#1280=CARTESIAN_POINT('',(0.00343900988517301,0.00266809821355921,0.000818966422685478));
#1281=CARTESIAN_POINT('',(0.0033819753659772,0.00222043698834624,0.000810707658029814));
#1282=CARTESIAN_POINT('',(0.00309809249876225,0.00137056515181557,0.000795110836517992));
#1283=CARTESIAN_POINT('',(0.00287323061747807,0.000976846871416664,0.00078792822744697));
#1284=CARTESIAN_POINT('',(0.00228791697057243,0.000303360414202713,0.000775687247972138));
#1285=CARTESIAN_POINT('',(0.00193486070956493,2.86120241752878E-5,0.000770718330870095));
#1286=CARTESIAN_POINT('',(0.00153925097294328,-0.000171036870967368,0.000767113604774207));
#1287=CARTESIAN_POINT('',(0.0034082247944517,0.00311401894430067,0.000827242260571796));
#1288=CARTESIAN_POINT('',(0.00153925097294328,-0.000171036870967368,0.000767113604774208));
#1289=CARTESIAN_POINT('',(0.00153925097294328,0.00285000004246831,0.002375));
#1290=CARTESIAN_POINT('',(-0.00153900007309857,-0.000171163477443404,0.000767111318854056));
#1291=CARTESIAN_POINT('',(-0.00177898787258054,-5.00757082895312E-5,0.000769297595871588));
#1292=CARTESIAN_POINT('',(-0.00200437924008657,9.91828597760833E-5,0.000771995628360627));
#1293=CARTESIAN_POINT('',(-0.00254543058703806,0.000558219201592227,0.000780313891292975));
#1294=CARTESIAN_POINT('',(-0.00282259040321141,0.00090462110423879,0.000786609307620217));
#1295=CARTESIAN_POINT('',(-0.00323093347851623,0.00168438706697512,0.00080085939245199));
#1296=CARTESIAN_POINT('',(-0.00335790726020549,0.00211066122701369,0.000808685610584919));
#1297=CARTESIAN_POINT('',(-0.00341011255560886,0.00264939581470931,0.000818635714025743));
#1298=CARTESIAN_POINT('',(-0.00341537160449493,0.00274973697589815,0.000820491327843761));
#1299=CARTESIAN_POINT('',(-0.00341621540388758,0.00285000004130282,0.000822347893363976));
#1300=CARTESIAN_POINT('',(-0.00341621540388758,0.00285000004188556,0.000822347893363975));
#1301=CARTESIAN_POINT('',(-0.00341621540388758,0.00285000004130282,0.000822347893363976));
#1302=CARTESIAN_POINT('',(-0.00341909023307466,0.00319159685842097,0.000828673222336484));
#1303=CARTESIAN_POINT('',(-0.00337070899334236,0.00353228719761835,0.000835010171005274));
#1304=CARTESIAN_POINT('',(-0.00314392766747716,0.00428803065505336,0.000849127039422188));
#1305=CARTESIAN_POINT('',(-0.00293311501941051,0.00468625537489726,0.000856611545716451));
#1306=CARTESIAN_POINT('',(-0.00250098907721429,0.00521819249514864,0.000866651003135879));
#1307=CARTESIAN_POINT('',(-0.00233122331194031,0.00538738624749956,0.000869852952859425));
#1308=CARTESIAN_POINT('',(-0.00195750309911626,0.00568889200058072,0.000875569140339633));
#1309=CARTESIAN_POINT('',(-0.00175430662572161,0.00582001695096878,0.000878060914079309));
#1310=CARTESIAN_POINT('',(-0.00153900007309857,0.00592865104928607,0.00088012776357892));
#1311=CARTESIAN_POINT('',(0.00153925097294328,0.00285000004246831,0.002375));
#1312=CARTESIAN_POINT('',(0.00153925097294328,0.00592852161902901,0.00088012776357892));
#1313=CARTESIAN_POINT('',(0.00153925209046922,0.00592852387948132,0.000880125344074361));
#1314=CARTESIAN_POINT('',(0.00193713436367172,0.00572772895645148,0.000876305066509059));
#1315=CARTESIAN_POINT('',(0.00229189435046224,0.00545101091138402,0.000871050243756924));
#1316=CARTESIAN_POINT('',(0.00282351204821318,0.0048366313318265,0.000859446410827808));
#1317=CARTESIAN_POINT('',(0.00301728538775586,0.00452240837613862,0.000853531508059376));
#1318=CARTESIAN_POINT('',(0.0032981289462019,0.00384282496492039,0.000840801367121145));
#1319=CARTESIAN_POINT('',(0.0033828425528644,0.00348167963495523,0.000834065671243842));
#1320=CARTESIAN_POINT('',(0.0034082247944517,0.00311401894430067,0.000827242260571795));
#1321=CARTESIAN_POINT('',(0.00153925097294328,0.,0.0027226251097415));
#1322=CARTESIAN_POINT('',(0.00153925097294328,0.00644451515733411,0.000440063881789459));
#1323=CARTESIAN_POINT('',(0.00153925097294328,0.0069605086956392,0.));
#1324=CARTESIAN_POINT('',(0.00153925097294328,0.00294499993417412,0.00285));
#1325=CARTESIAN_POINT('',(0.00153925097294328,0.00763522449620665,0.));
#1326=CARTESIAN_POINT('',(0.00153925097294328,7.65888417042886E-5,0.));
#1327=CARTESIAN_POINT('',(0.00153925097294328,0.,0.0027226251097415));
#1328=CARTESIAN_POINT('',(0.00153925097294328,-0.000620772849129165,0.000383556802387103));
#1329=CARTESIAN_POINT('',(0.00153925097294328,-0.00107050882729096,0.));
#1330=CARTESIAN_POINT('',(0.00153925097294328,7.65888417042886E-5,0.));
#1331=CARTESIAN_POINT('',(0.00151813539787808,-0.000105313652683064,0.000832205714135229));
#1332=CARTESIAN_POINT('',(0.00276810173489186,0.0005167922680173,0.000832205714135229));
#1333=CARTESIAN_POINT('',(0.00347313687362638,0.0017219300499276,0.000832205714135229));
#1334=CARTESIAN_POINT('',(0.00340290697287283,0.00311638312596789,0.000832205714135229));
#1335=CARTESIAN_POINT('',(0.00151144959574625,-0.00108105573988556,1.66433348047472E-20));
#1336=CARTESIAN_POINT('',(0.00316125835154141,-0.000461689546548552,1.51804236206099E-20));
#1337=CARTESIAN_POINT('',(0.00420232262187693,0.000960164383072173,1.86517639454397E-20));
#1338=CARTESIAN_POINT('',(0.00429452839092937,0.00271998866643133,8.27020341611291E-21));
#1339=CARTESIAN_POINT('',(0.0033240309038621,0.00315144961956336,0.000905825654179212));
#1340=CARTESIAN_POINT('',(0.00429452839092937,0.00271998866643133,0.));
#1341=CARTESIAN_POINT('',(0.,0.00294499993417412,0.));
#1342=CARTESIAN_POINT('',(0.00335156350700206,0.0031392092548522,0.00088012776357892));
#1343=CARTESIAN_POINT('',(0.00326372060494878,0.00465515639808402,0.00088012776357892));
#1344=CARTESIAN_POINT('',(0.00229691238241436,0.00582609361986566,0.00088012776357892));
#1345=CARTESIAN_POINT('',(0.000824984432112304,0.00619924268610252,0.00088012776357892));
#1346=CARTESIAN_POINT('',(0.00429452839092937,0.00271998866643132,-4.98354570941384E-20));
#1347=CARTESIAN_POINT('',(0.00439630333501652,0.00466244866522177,-2.88548912307363E-20));
#1348=CARTESIAN_POINT('',(0.00333037634353568,0.00628950386864221,9.90109743028817E-21));
#1349=CARTESIAN_POINT('',(0.00150892027417609,0.00697200425218646,2.71210604683849E-20));
#1350=CARTESIAN_POINT('',(0.,0.00294499993417412,0.));
#1351=CARTESIAN_POINT('',(-0.00153900007309857,0.00592865104928608,0.000880127763578921));
#1352=CARTESIAN_POINT('',(-0.00482139904126894,0.00423555354657645,0.000880127763578921));
#1353=CARTESIAN_POINT('',(-0.00438858773996489,0.000567666345831169,0.000880127763578921));
#1354=CARTESIAN_POINT('',(-0.000802257650216741,-0.00031491998269116,0.000880127763578921));
#1355=CARTESIAN_POINT('',(-0.00153900007309857,0.00696060486321187,-1.62382228251101E-20));
#1356=CARTESIAN_POINT('',(-0.00595668061520135,0.00526750736050224,-1.21142774290768E-20));
#1357=CARTESIAN_POINT('',(-0.0059224811350677,0.000536618340316522,4.70055647126598E-20));
#1358=CARTESIAN_POINT('',(-0.0014807848467885,-0.00109243494562657,6.27479772831072E-20));
#1359=CARTESIAN_POINT('',(0.,0.00294499993417412,0.));
#1360=CARTESIAN_POINT('',(0.,0.00285000004246831,0.));
#1361=CARTESIAN_POINT('',(0.00114348128548535,5.63907700755779E-5,0.00834817006910806));
#1362=CARTESIAN_POINT('',(0.00148938920891397,0.000197977942215419,0.00835177136941462));
#1363=CARTESIAN_POINT('',(0.00208904417928118,0.000556445581114344,0.00836210514037811));
#1364=CARTESIAN_POINT('',(0.00274837146915781,0.00149364420275388,0.00838560071798582));
#1365=CARTESIAN_POINT('',(0.00305119368697597,0.0024364526915678,0.00840837385872156));
#1366=CARTESIAN_POINT('',(0.00300475311610887,0.00350709434011988,0.00843512705951356));
#1367=CARTESIAN_POINT('',(0.00252808739846809,0.00468745148522482,0.00846252482378302));
#1368=CARTESIAN_POINT('',(0.00166097730978864,0.00545941837629865,0.00848165931426736));
#1369=CARTESIAN_POINT('',(0.000748431210069072,0.0058007740773399,0.00849164329065559));
#1370=CARTESIAN_POINT('',(0.000107626062353298,0.0058868546698337,0.00849470087597887));
#1371=CARTESIAN_POINT('',(-0.000497645938218517,0.00585044624258646,0.00849329183086091));
#1372=CARTESIAN_POINT('',(-0.00140553138628969,0.00559943341329154,0.00848548495382474));
#1373=CARTESIAN_POINT('',(-0.00253911996289796,0.00478829179785325,0.00846459917459849));
#1374=CARTESIAN_POINT('',(-0.00301857574619804,0.00353702501137729,0.00843602409503147));
#1375=CARTESIAN_POINT('',(-0.00301857619036691,0.00285000199401515,0.00841876972962308));
#1376=CARTESIAN_POINT('',(-0.00301788788806464,0.00285000103363282,0.00841876972991231));
#1377=CARTESIAN_POINT('',(0.00114348128548536,5.63907700755871E-5,0.00834817006910806));
#1378=CARTESIAN_POINT('',(-0.00301857619036689,0.00285000202570178,0.0084187697304185));
#1379=CARTESIAN_POINT('',(-0.00301857670270883,0.00207019309357344,0.00839918507616008));
#1380=CARTESIAN_POINT('',(-0.00241197529657623,0.000748554906257049,0.00836783381169672));
#1381=CARTESIAN_POINT('',(-0.00152273391718519,0.00021162661168775,0.0083521186353403));
#1382=CARTESIAN_POINT('',(-0.00114348128484309,5.63907698126914E-5,0.00834817006918883));
#1383=CARTESIAN_POINT('',(-0.00114348128548536,5.63907700755884E-5,0.00834817006910806));
#1384=CARTESIAN_POINT('',(-0.00114348128548536,5.63907700755867E-5,0.00597899448539448));
#1385=CARTESIAN_POINT('',(-0.00114348128548402,5.63907700758136E-5,0.0116618853920064));
#1386=CARTESIAN_POINT('',(-0.00114369644749838,5.64788499527701E-5,0.0116618853032664));
#1387=CARTESIAN_POINT('',(-0.00114373553025665,5.64948508379275E-5,0.0117725285056181));
#1388=CARTESIAN_POINT('',(-0.000948845733387352,-2.21771217626261E-5,0.0119178976691288));
#1389=CARTESIAN_POINT('',(-0.000747445641143735,-7.6575862027514E-5,0.0119476473992959));
#1390=CARTESIAN_POINT('',(-0.000641664086616141,-9.95879655424589E-5,0.0119579585666148));
#1391=CARTESIAN_POINT('',(-0.000641666916375388,-9.95873499449302E-5,0.011957988970789));
#1392=CARTESIAN_POINT('',(0.,0.00285000004246831,0.011957988970789));
#1393=CARTESIAN_POINT('',(0.000641666916375454,-9.95873499449159E-5,0.011957988970789));
#1394=CARTESIAN_POINT('',(0.000641665508255902,-9.95876562781777E-5,0.0119579738034257));
#1395=CARTESIAN_POINT('',(0.000747443748409989,-7.6576220388432E-5,0.0119476887096413));
#1396=CARTESIAN_POINT('',(0.000948039444935303,-2.24561572037451E-5,0.0119186249239861));
#1397=CARTESIAN_POINT('',(0.00114405129195198,5.66241526613797E-5,0.011772369452018));
#1398=CARTESIAN_POINT('',(0.00114399798898115,5.66023231556822E-5,0.0116618851009249));
#1399=CARTESIAN_POINT('',(0.00114348128548536,5.63907700755861E-5,0.0116618853920063));
#1400=CARTESIAN_POINT('',(0.00114348128548536,5.63907700755867E-5,0.00597899448539448));
#1401=CARTESIAN_POINT('',(0.,0.00285000004246831,0.012825));
#1402=CARTESIAN_POINT('',(0.00301857619036754,0.00285000004246831,0.012825));
#1403=CARTESIAN_POINT('',(0.,0.00285000004246831,0.0135375));
#1404=CARTESIAN_POINT('',(0.,0.00285000004246831,0.0135758403888268));
#1405=CARTESIAN_POINT('',(0.00226773580154079,0.00285000004246831,0.0135758403888268));
#1406=CARTESIAN_POINT('',(0.,0.00285000004246831,0.016625));
#1407=CARTESIAN_POINT('',(0.,0.00294499993417412,0.00285));
#1408=CARTESIAN_POINT('',(-0.00191852388975353,-0.000122404358614672,0.00725457682292248));
#1409=CARTESIAN_POINT('',(-0.00256557006759487,0.000294787960900022,0.00726327776364308));
#1410=CARTESIAN_POINT('',(-0.00331861667428794,0.00124172038294734,0.00727814859478613));
#1411=CARTESIAN_POINT('',(-0.00358016933426766,0.00255801108875903,0.00729838273836042));
#1412=CARTESIAN_POINT('',(-0.00354100048289136,0.00332610322723687,0.00731098134258279));
#1413=CARTESIAN_POINT('',(-0.00343732285162667,0.00384994587777745,0.00732031375949736));
#1414=CARTESIAN_POINT('',(-0.0031860739533996,0.00449505845011589,0.00733210787985368));
#1415=CARTESIAN_POINT('',(-0.00274132651698988,0.00519429340307262,0.00734438976527518));
#1416=CARTESIAN_POINT('',(-0.00200522597434563,0.00588009671569856,0.00735643607213582));
#1417=CARTESIAN_POINT('',(-0.00116006593049283,0.00625826045401873,0.00736332500138704));
#1418=CARTESIAN_POINT('',(-0.000494821054335357,0.00640119145105676,0.00736593111479463));
#1419=CARTESIAN_POINT('',(2.40763156874836E-5,0.00643171993808617,0.00736636132970389));
#1420=CARTESIAN_POINT('',(0.00040082382734013,0.00640817383439368,0.00736548309315405));
#1421=CARTESIAN_POINT('',(0.00101804374958761,0.00630327931396866,0.00736255057166282));
#1422=CARTESIAN_POINT('',(0.00167370865673477,0.0060488479917486,0.00735698080798165));
#1423=CARTESIAN_POINT('',(0.00232127810960163,0.00558867730873636,0.00734873170795671));
#1424=CARTESIAN_POINT('',(0.0027704787926693,0.00513446571233498,0.00734123423696361));
#1425=CARTESIAN_POINT('',(0.00309121484583509,0.00465385043835395,0.0073337557697213));
#1426=CARTESIAN_POINT('',(0.00329283553624649,0.00423087966615168,0.00732731944556441));
#1427=CARTESIAN_POINT('',(0.00342360489247558,0.00384625432843914,0.00732152091892451));
#1428=CARTESIAN_POINT('',(0.00348120147490829,0.00360115802701314,0.00731778137659174));
#1429=CARTESIAN_POINT('',(0.00354671048778616,0.00321678679156146,0.00731175316199597));
#1430=CARTESIAN_POINT('',(0.00356581880384383,0.00274444951516953,0.00730397238366324));
#1431=CARTESIAN_POINT('',(0.00351324461076267,0.00227166308413863,0.00729554439508931));
#1432=CARTESIAN_POINT('',(0.00343296399450479,0.0019391376323523,0.00728910700262524));
#1433=CARTESIAN_POINT('',(0.00338179988576674,0.00176670452378343,0.00728565052943304));
#1434=CARTESIAN_POINT('',(0.00332178393286411,0.00159711202213768,0.00728209595515811));
#1435=CARTESIAN_POINT('',(0.00331832164757663,0.00159013765431883,0.00728199033282115));
#1436=CARTESIAN_POINT('',(0.00328495817485172,0.00150451135488302,0.00728044354046254));
#1437=CARTESIAN_POINT('',(0.00323561671920591,0.00139003584912524,0.00727863843893896));
#1438=CARTESIAN_POINT('',(0.00314322118117787,0.00120115402619741,0.00727580927696424));
#1439=CARTESIAN_POINT('',(0.00297073961841482,0.000901896932088333,0.00727145920586654));
#1440=CARTESIAN_POINT('',(0.0026380842565097,0.000446890749805567,0.00726479221589885));
#1441=CARTESIAN_POINT('',(0.00219477090811948,5.55586321148374E-5,0.00725816720526548));
#1442=CARTESIAN_POINT('',(0.00191877418200352,-0.000122320642225524,0.00725452609483382));
#1443=CARTESIAN_POINT('',(0.00191856879405504,-0.000122427602651329,0.00725385217982111));
#1444=CARTESIAN_POINT('',(-0.00191851943545109,-0.00012237996238497,0.00725386308350132));
#1445=CARTESIAN_POINT('',(0.00191860296354301,-0.000122964743963547,0.00725415207165527));
#1446=CARTESIAN_POINT('',(0.00300118487974054,-0.000441186533747853,0.00656086581952568));
#1447=CARTESIAN_POINT('',(0.00423843423265621,-0.00133212192995341,0.00419584969726762));
#1448=CARTESIAN_POINT('',(0.00398651990357384,-0.00110308453875099,0.00145286912411217));
#1449=CARTESIAN_POINT('',(0.00345745020223791,-0.000790881902694532,0.000285));
#1450=CARTESIAN_POINT('',(0.0034574502022379,-0.000790881902694531,0.000285));
#1451=CARTESIAN_POINT('',(0.0034574502022379,-0.000790881902694533,0.000285));
#1452=CARTESIAN_POINT('',(0.00338679902804778,-0.000749190831051338,0.000129044509238444));
#1453=CARTESIAN_POINT('',(0.00322306384380519,-0.000798056464438845,1.28644105178787E-18));
#1454=CARTESIAN_POINT('',(0.00308537782262814,-0.000908303024539932,-1.31472846692925E-20));
#1455=CARTESIAN_POINT('',(0.00308537782262814,-0.000908303024539935,0.));
#1456=CARTESIAN_POINT('',(0.,0.00294499993417412,0.));
#1457=CARTESIAN_POINT('',(0.,0.00294499993417412,0.));
#1458=CARTESIAN_POINT('',(-0.00308537782262814,-0.000908303024539933,0.));
#1459=CARTESIAN_POINT('',(-0.00308537782262814,-0.000908303024539933,-1.0662027223566E-20));
#1460=CARTESIAN_POINT('',(-0.00322279204283892,-0.000798274098163073,-5.54622726326735E-19));
#1461=CARTESIAN_POINT('',(-0.00338695650431022,-0.000749288083902543,0.00012939894656857));
#1462=CARTESIAN_POINT('',(-0.00345744714573833,-0.000790880099155971,0.000284993253226907));
#1463=CARTESIAN_POINT('',(-0.00345744694706004,-0.000790879981823882,0.000284996620221089));
#1464=CARTESIAN_POINT('',(-0.00345744842108264,-0.000790880851639829,0.000284996068279953));
#1465=CARTESIAN_POINT('',(-0.00372223203208606,-0.000947128853963779,0.000869478442344323));
#1466=CARTESIAN_POINT('',(-0.00403725167882,-0.00117480734532592,0.00213066255394701));
#1467=CARTESIAN_POINT('',(-0.00396132944630239,-0.00111559719198796,0.0041241003673396));
#1468=CARTESIAN_POINT('',(-0.00331873940390453,-0.000678649397873267,0.00595748678997598));
#1469=CARTESIAN_POINT('',(-0.00245967722702887,-0.000282007702060132,0.0069076593056139));
#1470=CARTESIAN_POINT('',(-0.00191855595626676,-0.000122950920252975,0.00725418217124285));
#1471=CARTESIAN_POINT('',(0.00114305117264471,5.62147547682347E-5,0.00834816559211888));
#1472=CARTESIAN_POINT('',(0.00187564146650625,0.000355947235339758,0.00835578935870821));
#1473=CARTESIAN_POINT('',(0.00309013210221955,0.00155918617149607,0.00838637818483494));
#1474=CARTESIAN_POINT('',(0.00309438919715568,0.00412461030244502,0.00845079922696244));
#1475=CARTESIAN_POINT('',(0.0012837156970144,0.00594481086509881,0.00849596264137242));
#1476=CARTESIAN_POINT('',(-0.00128244350792825,0.00594061765881166,0.00849585855692125));
#1477=CARTESIAN_POINT('',(-0.00309870449049905,0.00412638708687726,0.00845085063801127));
#1478=CARTESIAN_POINT('',(-0.0030870585006377,0.00155865186281122,0.00838635888794073));
#1479=CARTESIAN_POINT('',(-0.00187548155566805,0.000355827195532952,0.0083557863080411));
#1480=CARTESIAN_POINT('',(-0.00114287273979847,5.61417572864404E-5,0.00834816373541033));
#1481=CARTESIAN_POINT('',(0.00114558666658946,5.72521284488639E-5,0.00792946568177032));
#1482=CARTESIAN_POINT('',(0.00187895420259546,0.000358099516600997,0.00793627719885188));
#1483=CARTESIAN_POINT('',(0.00309356362715237,0.00156745383016637,0.00796367601586524));
#1484=CARTESIAN_POINT('',(0.0030900075013695,0.00413213300767909,0.008021181615969));
#1485=CARTESIAN_POINT('',(0.00127938293418057,0.00594361518044211,0.00806142182522989));
#1486=CARTESIAN_POINT('',(-0.00127824967274482,0.00594008456070739,0.00806135243530503));
#1487=CARTESIAN_POINT('',(-0.00309373596113557,0.00413362645720793,0.00802121352441207));
#1488=CARTESIAN_POINT('',(-0.00309089553624277,0.00156664479142592,0.00796365158448325));
#1489=CARTESIAN_POINT('',(-0.00187879411899364,0.000357979013124909,0.00793627447137807));
#1490=CARTESIAN_POINT('',(-0.00114540790385665,5.71788069851966E-5,0.00792946402073616));
#1491=CARTESIAN_POINT('',(0.00122216084533103,-0.000122742089174212,0.00751482570586748));
#1492=CARTESIAN_POINT('',(0.00200467864178064,0.000198116706388887,0.00752086962612502));
#1493=CARTESIAN_POINT('',(0.00330098742525324,0.00148770752851761,0.00754521100367145));
#1494=CARTESIAN_POINT('',(0.00329872313228646,0.00422506218355958,0.00759617328848705));
#1495=CARTESIAN_POINT('',(0.00136628290585812,0.00616009317130336,0.00763177427365312));
#1496=CARTESIAN_POINT('',(-0.00136505176810215,0.00615623543268984,0.00763172337430134));
#1497=CARTESIAN_POINT('',(-0.00330278305315685,0.00422668790457586,0.00759619562332623));
#1498=CARTESIAN_POINT('',(-0.00329808701314405,0.00148688578409834,0.00754518584658514));
#1499=CARTESIAN_POINT('',(-0.00200450782135277,0.000197988187528357,0.00752086720531385));
#1500=CARTESIAN_POINT('',(-0.00122197012066679,-0.000122820280758675,0.0075148242310557));
#1501=CARTESIAN_POINT('',(0.00134612735404032,-0.000421133340750398,0.0072485324736951));
#1502=CARTESIAN_POINT('',(0.00220887073550221,-6.81499392652758E-5,0.00725463148696656));
#1503=CARTESIAN_POINT('',(0.00363912959449701,0.00134885822639612,0.00727910254786796));
#1504=CARTESIAN_POINT('',(0.00364414301128833,0.00437005944645639,0.00733063938156995));
#1505=CARTESIAN_POINT('',(0.00151178254825093,0.00651363956418524,0.00736677011309793));
#1506=CARTESIAN_POINT('',(-0.00151028434014847,0.00650870138659587,0.007366686845537));
#1507=CARTESIAN_POINT('',(-0.00364922496610298,0.00437215189706901,0.00733068051040901));
#1508=CARTESIAN_POINT('',(-0.00363550993225986,0.00134822899163097,0.00727908711035258));
#1509=CARTESIAN_POINT('',(-0.00220868241466525,-6.8291305523744E-5,0.00725462904643289));
#1510=CARTESIAN_POINT('',(-0.00134591722054767,-0.000421219307074016,0.00724853098832826));
#1511=CARTESIAN_POINT('',(0.00134736701912742,-0.000424117253266159,0.00724586954137338));
#1512=CARTESIAN_POINT('',(0.00221091265643942,-7.08126057218174E-5,0.00725196910557498));
#1513=CARTESIAN_POINT('',(0.00364251101618944,0.0013474697333749,0.00727644146330992));
#1514=CARTESIAN_POINT('',(0.00364759721007834,0.00437150941908535,0.00732798404250078));
#1515=CARTESIAN_POINT('',(0.00151323754467485,0.00651717502811406,0.00736412007149238));
#1516=CARTESIAN_POINT('',(-0.00151173666586893,0.00651222604613493,0.00736403648024936));
#1517=CARTESIAN_POINT('',(-0.00365268938523245,0.00437360653699395,0.00732802535927985));
#1518=CARTESIAN_POINT('',(-0.00363888416145102,0.0013468424237063,0.00727642612299025));
#1519=CARTESIAN_POINT('',(-0.00221072416059838,-7.0954100454265E-5,0.00725196666484407));
#1520=CARTESIAN_POINT('',(-0.00134715669154648,-0.000424203297337169,0.00724586805590099));
#1521=CARTESIAN_POINT('',(0.00134860668421451,-0.000427101165781921,0.00724320660905166));
#1522=CARTESIAN_POINT('',(0.00221295457737663,-7.3475272178359E-5,0.00724930672418339));
#1523=CARTESIAN_POINT('',(0.00364589243788188,0.00134608124035368,0.00727378037875189));
#1524=CARTESIAN_POINT('',(0.00365105140886836,0.00437295939171432,0.00732532870343162));
#1525=CARTESIAN_POINT('',(0.00151469254109878,0.00652071049204288,0.00736147002988682));
#1526=CARTESIAN_POINT('',(-0.0015131889915894,0.006515750705674,0.00736138611496171));
#1527=CARTESIAN_POINT('',(-0.0036561538043619,0.00437506117691888,0.00732537020815067));
#1528=CARTESIAN_POINT('',(-0.00364225839064217,0.00134545585578163,0.00727376513562792));
#1529=CARTESIAN_POINT('',(-0.0022127659065315,-7.36168953847861E-5,0.00724930428325527));
#1530=CARTESIAN_POINT('',(-0.00134839616254529,-0.000427187287600323,0.00724320512347372));
#1531=CARTESIAN_POINT('',(0.0013498463493016,-0.000430085078297683,0.00724054367672993));
#1532=CARTESIAN_POINT('',(0.00221499649831385,-7.61379386349006E-5,0.00724664434279181));
#1533=CARTESIAN_POINT('',(0.00364927385957432,0.00134469274733247,0.00727111929419385));
#1534=CARTESIAN_POINT('',(0.00365450560765838,0.00437440936434329,0.00732267336436245));
#1535=CARTESIAN_POINT('',(0.00151614753752271,0.0065242459559717,0.00735881998828128));
#1536=CARTESIAN_POINT('',(-0.00151464131730986,0.00651927536521305,0.00735873574967407));
#1537=CARTESIAN_POINT('',(-0.00365961822349137,0.00437651581684381,0.0073227150570215));
#1538=CARTESIAN_POINT('',(-0.00364563261983333,0.00134406928785695,0.0072711041482656));
#1539=CARTESIAN_POINT('',(-0.00221480765246462,-7.6279690315307E-5,0.00724664190166645));
#1540=CARTESIAN_POINT('',(-0.0013496356335441,-0.000430171277863476,0.00724054219104644));
#1541=CARTESIAN_POINT('',(-0.00114348127865421,5.63907712403399E-5,0.00834817006910806));
#1542=CARTESIAN_POINT('',(-0.00114348129388584,5.63907686432528E-5,0.0081101502402631));
#1543=CARTESIAN_POINT('',(-0.00137784148385488,1.74539783719818E-5,0.00767770364033933));
#1544=CARTESIAN_POINT('',(-0.00172545660527462,-6.62115698066957E-5,0.00737681776729939));
#1545=CARTESIAN_POINT('',(-0.00191792864871201,-0.000122766562687804,0.0072531205787234));
#1546=CARTESIAN_POINT('',(0.00191801319615147,-0.000122791406266351,0.00725315373909566));
#1547=CARTESIAN_POINT('',(0.00172558624938051,-6.62469566293305E-5,0.00737677329603782));
#1548=CARTESIAN_POINT('',(0.00137860221728165,1.72972442733928E-5,0.00767638455400177));
#1549=CARTESIAN_POINT('',(0.0011434812923358,5.6390768909051E-5,0.00811083392830236));
#1550=CARTESIAN_POINT('',(0.00114348128216286,5.63907706436006E-5,0.00834817006910852));
#1551=CARTESIAN_POINT('',(-1.51930273028203E-20,-0.00665000009909272,0.00597899448539448));
#1552=CARTESIAN_POINT('',(-1.51930273028203E-20,-0.00665000009909272,0.000285));
#1553=CARTESIAN_POINT('',(-0.0034999746470313,-0.010905617380421,0.000284999999955232));
#1554=CARTESIAN_POINT('',(-1.51930273028203E-20,-0.00665000009909272,0.000285));
#1555=CARTESIAN_POINT('',(0.00349997464822155,-0.0109056173794421,0.000285));
#1556=CARTESIAN_POINT('',(0.00349997464822153,-0.0109056173794421,0.000285000000000001));
#1557=CARTESIAN_POINT('',(0.00327966010230785,-0.0110868120862342,0.000285000000000001));
#1558=CARTESIAN_POINT('',(0.00280371284680851,-0.0114079355160501,0.000526852641527521));
#1559=CARTESIAN_POINT('',(0.00258852401143009,-0.0115141181525042,0.00112234488902584));
#1560=CARTESIAN_POINT('',(0.00258839832111612,-0.0115141850365971,0.001425));
#1561=CARTESIAN_POINT('',(0.00258839832111613,-0.0115141850365971,0.001425));
#1562=CARTESIAN_POINT('',(0.00258839832111613,-0.0115141850365971,0.00597899448539448));
#1563=CARTESIAN_POINT('',(0.00258839832111613,-0.0115141850365971,0.00553909334010209));
#1564=CARTESIAN_POINT('',(0.00258839832111612,-0.0115141850365971,0.00553909334010209));
#1565=CARTESIAN_POINT('',(0.00258851212226571,-0.0115141244791331,0.00584329993955331));
#1566=CARTESIAN_POINT('',(0.00280441786032196,-0.0114072686231738,0.00643738882929288));
#1567=CARTESIAN_POINT('',(0.00327742671660535,-0.0110886489039797,0.00667909334010209));
#1568=CARTESIAN_POINT('',(0.00349997464822153,-0.0109056173794421,0.00667909334010209));
#1569=CARTESIAN_POINT('',(0.00349997464822155,-0.0109056173794421,0.00667909334010209));
#1570=CARTESIAN_POINT('',(-1.51930273028203E-20,-0.00665000009909272,0.00667909334010209));
#1571=CARTESIAN_POINT('',(0.00538826326657272,-0.00780183339653847,0.00667909334010209));
#1572=CARTESIAN_POINT('',(0.00538826326657267,-0.00780183339653869,0.00667909334010374));
#1573=CARTESIAN_POINT('',(0.00549457693464589,-0.00730449924785264,0.00674245791310741));
#1574=CARTESIAN_POINT('',(0.00554251546350204,-0.00658573907829533,0.00686707019990913));
#1575=CARTESIAN_POINT('',(0.00544017763644086,-0.00571052439432857,0.00710340900194768));
#1576=CARTESIAN_POINT('',(0.00531480839285739,-0.00515058480191678,0.00729364118320715));
#1577=CARTESIAN_POINT('',(0.00508637338401776,-0.00449716818193509,0.00758531729788077));
#1578=CARTESIAN_POINT('',(0.00482369693763319,-0.00396662534605941,0.00790289396738184));
#1579=CARTESIAN_POINT('',(0.00456590713642434,-0.00355572443541158,0.00822439600774835));
#1580=CARTESIAN_POINT('',(0.00434375426386776,-0.00325596296308266,0.00851124247533126));
#1581=CARTESIAN_POINT('',(0.00416040004869079,-0.0030341106473821,0.00875440491758082));
#1582=CARTESIAN_POINT('',(0.00402793907954353,-0.00288892176835169,0.00893519351448841));
#1583=CARTESIAN_POINT('',(0.00391067838268001,-0.00276736886441965,0.00909674380263549));
#1584=CARTESIAN_POINT('',(0.00379789342323827,-0.00265748770047012,0.00925286468839706));
#1585=CARTESIAN_POINT('',(0.00375769598116177,-0.00261991706096686,0.00930909874926577));
#1586=CARTESIAN_POINT('',(0.00367090885452439,-0.00254028789374913,0.00943008128213733));
#1587=CARTESIAN_POINT('',(0.00357198322465173,-0.0024536199928228,0.00956648315536862));
#1588=CARTESIAN_POINT('',(0.00339064514394461,-0.00230420316249684,0.00981248641305911));
#1589=CARTESIAN_POINT('',(0.00325071062759777,-0.0021997263612266,0.00999189923669414));
#1590=CARTESIAN_POINT('',(0.0031157525156487,-0.00210515990331371,0.0101522555823918));
#1591=CARTESIAN_POINT('',(0.00304226556256202,-0.00205550361591507,0.010235901887574));
#1592=CARTESIAN_POINT('',(0.0029160751383633,-0.0019740718753826,0.0103686397001164));
#1593=CARTESIAN_POINT('',(0.00276112965929561,-0.00188038636492943,0.010515569666736));
#1594=CARTESIAN_POINT('',(0.00248158529713331,-0.00172363510734839,0.0107496492175349));
#1595=CARTESIAN_POINT('',(0.00209073244346469,-0.00154489568706023,0.0109794430065233));
#1596=CARTESIAN_POINT('',(0.00170511149021806,-0.0014067867132186,0.0111242413195749));
#1597=CARTESIAN_POINT('',(0.00124220591374333,-0.00127305652776045,0.0112493105998309));
#1598=CARTESIAN_POINT('',(0.000735907006946506,-0.00117625618902037,0.0113271465470504));
#1599=CARTESIAN_POINT('',(3.04318250270061E-6,-0.00112210225357926,0.011366413544292));
#1600=CARTESIAN_POINT('',(-0.000729067918308965,-0.00117534032692994,0.0113278731698855));
#1601=CARTESIAN_POINT('',(-0.00123639799589688,-0.00127171818889408,0.0112505569375352));
#1602=CARTESIAN_POINT('',(-0.00169913565756551,-0.00140484644217681,0.0111263473775204));
#1603=CARTESIAN_POINT('',(-0.00208570438326374,-0.00154280473117886,0.010981925757575));
#1604=CARTESIAN_POINT('',(-0.00247751308932654,-0.00172153603755745,0.0107524395039703));
#1605=CARTESIAN_POINT('',(-0.0027583555004219,-0.00187877421405898,0.0105181500008344));
#1606=CARTESIAN_POINT('',(-0.00291347984649436,-0.00197245590937946,0.0103714481205003));
#1607=CARTESIAN_POINT('',(-0.00303961066570944,-0.00205374528378368,0.0102390781450848));
#1608=CARTESIAN_POINT('',(-0.00311324816357537,-0.00210344906411039,0.0101553724710992));
#1609=CARTESIAN_POINT('',(-0.00324748928352249,-0.00219737773132064,0.00999600767554955));
#1610=CARTESIAN_POINT('',(-0.00338797047858805,-0.00230215612300951,0.00981596049738386));
#1611=CARTESIAN_POINT('',(-0.00356767267728953,-0.00244996816552766,0.00957221705555913));
#1612=CARTESIAN_POINT('',(-0.00366697284915228,-0.0025367682042546,0.00943542120219305));
#1613=CARTESIAN_POINT('',(-0.00375430148886093,-0.00261673981974924,0.00931379800079143));
#1614=CARTESIAN_POINT('',(-0.0037967433673257,-0.00265639329724507,0.00925449774204735));
#1615=CARTESIAN_POINT('',(-0.00390858970277042,-0.00276527623667553,0.00909975833922648));
#1616=CARTESIAN_POINT('',(-0.0040266807731803,-0.00288754029218994,0.00893707607606956));
#1617=CARTESIAN_POINT('',(-0.00415978487258696,-0.00303341841534531,0.00875531795072619));
#1618=CARTESIAN_POINT('',(-0.0043423622691438,-0.00325420486672368,0.00851295657230255));
#1619=CARTESIAN_POINT('',(-0.00456436409858775,-0.00355350183394626,0.00822614898061279));
#1620=CARTESIAN_POINT('',(-0.00482140924160575,-0.00396249557289612,0.00790568860626807));
#1621=CARTESIAN_POINT('',(-0.00508543187362943,-0.00449488281373396,0.00758651149938045));
#1622=CARTESIAN_POINT('',(-0.00531369995594545,-0.00514680440772273,0.00729497182827038));
#1623=CARTESIAN_POINT('',(-0.00543968227448674,-0.00570742798660067,0.00710417124846149));
#1624=CARTESIAN_POINT('',(-0.00554253963869697,-0.00658330452810587,0.00686748207411607));
#1625=CARTESIAN_POINT('',(-0.00549480624467744,-0.00730342653809882,0.00674259458539509));
#1626=CARTESIAN_POINT('',(-0.00538826326656994,-0.00780183339655149,0.0066790933401021));
#1627=CARTESIAN_POINT('',(-0.00538826326656994,-0.00780183339655149,0.0066790933401021));
#1628=CARTESIAN_POINT('',(-1.51930273028203E-20,-0.00665000009909272,0.00667909334010209));
#1629=CARTESIAN_POINT('',(-0.00349997464822155,-0.0109056173794421,0.00667909334010209));
#1630=CARTESIAN_POINT('',(-0.00349997464822154,-0.0109056173794421,0.00667909334010209));
#1631=CARTESIAN_POINT('',(-0.00327966263549888,-0.0110868100028456,0.00667909334010209));
#1632=CARTESIAN_POINT('',(-0.00280372410147549,-0.0114079289212447,0.00643722736468871));
#1633=CARTESIAN_POINT('',(-0.00258852401847963,-0.0115141181487529,0.00584174311320437));
#1634=CARTESIAN_POINT('',(-0.00258839832111613,-0.0115141850365971,0.00553909334010209));
#1635=CARTESIAN_POINT('',(-0.00258839832111613,-0.0115141850365971,0.00553909334010209));
#1636=CARTESIAN_POINT('',(-0.00258839832111613,-0.0115141850365971,0.00597899448539448));
#1637=CARTESIAN_POINT('',(-0.00258839832111613,-0.0115141850365971,0.001425));
#1638=CARTESIAN_POINT('',(-0.00258839832111613,-0.0115141850365971,0.001425));
#1639=CARTESIAN_POINT('',(-0.00258851181386203,-0.0115141246432452,0.00112079089066712));
#1640=CARTESIAN_POINT('',(-0.00280441733141142,-0.0114072687092013,0.00052669057275468));
#1641=CARTESIAN_POINT('',(-0.00327742437950773,-0.0110886508260939,0.000285000000000001));
#1642=CARTESIAN_POINT('',(-0.00349997464822154,-0.0109056173794421,0.000285000000000001));
#1643=CARTESIAN_POINT('',(0.,0.000153177683408578,0.));
#1644=CARTESIAN_POINT('',(-1.51930273028203E-20,-0.00665000009909272,0.));
#1645=CARTESIAN_POINT('',(-0.00368100781541137,-0.0111257355120666,-2.40849157999438E-19));
#1646=CARTESIAN_POINT('',(-0.00128956794387508,-0.00604366709158574,0.));
#1647=CARTESIAN_POINT('',(-0.00399754961718125,-0.0117984210862515,-4.18486678246187E-19));
#1648=CARTESIAN_POINT('',(-1.51930273028203E-20,-0.00665000009909272,0.));
#1649=CARTESIAN_POINT('',(0.,-0.00114000001061708,0.011957988970789));
#1650=CARTESIAN_POINT('',(0.000506704983320125,-0.00022722453514807,0.011957988970789));
#1651=CARTESIAN_POINT('',(0.000585990693380685,-0.00022722453514807,0.011957988970789));
#1652=CARTESIAN_POINT('',(0.000699215181564323,-0.000222752318325406,0.011957988970789));
#1653=CARTESIAN_POINT('',(0.000828351029213129,-0.00022323961808275,0.011957988970789));
#1654=CARTESIAN_POINT('',(0.000865276626374955,-0.000174072767081054,0.011957988970789));
#1655=CARTESIAN_POINT('',(0.000793845335506708,-0.000140900268852428,0.011957988970789));
#1656=CARTESIAN_POINT('',(0.000714955833520625,-0.000115507797271943,0.011957988970789));
#1657=CARTESIAN_POINT('',(0.000641666916375453,-9.95873499449159E-5,0.011957988970789));
#1658=CARTESIAN_POINT('',(0.000506704983320111,-0.000227224535148065,0.011957988970789));
#1659=CARTESIAN_POINT('',(-0.000641696847477235,-9.96602800459019E-5,0.011957988970789));
#1660=CARTESIAN_POINT('',(-0.000686295302774962,-0.000109335738586255,0.011957988970789));
#1661=CARTESIAN_POINT('',(-0.000765934527963476,-0.000135361207517569,0.011957988970789));
#1662=CARTESIAN_POINT('',(-0.000814873020832263,-0.000137222196758793,0.011957988970789));
#1663=CARTESIAN_POINT('',(-0.000871746877136291,-0.000205551487787001,0.011957988970789));
#1664=CARTESIAN_POINT('',(-0.00074047459931541,-0.000224153231454087,0.011957988970789));
#1665=CARTESIAN_POINT('',(-0.000632109922817325,-0.000227224535148067,0.011957988970789));
#1666=CARTESIAN_POINT('',(-0.000506704983320116,-0.000227224535148067,0.011957988970789));
#1667=CARTESIAN_POINT('',(-0.000506704985013194,-0.000227224535244583,0.0119579889707624));
#1668=CARTESIAN_POINT('',(-6.17995238316738E-18,-0.000227224535148061,0.011957988970789));
#1669=CARTESIAN_POINT('',(-1.51930273028203E-20,-0.00665000009909272,0.00597899448539448));
#1670=CARTESIAN_POINT('',(-1.51930273028203E-20,-0.00665000009909272,0.000285));
#1671=CARTESIAN_POINT('',(-0.004172337982879,-0.0120235300093979,0.000284999999955232));
#1672=CARTESIAN_POINT('',(-0.00417233798563538,-0.0120235300072577,0.000285000000000001));
#1673=CARTESIAN_POINT('',(-0.00392268422723606,-0.0122173764875468,0.000285000000000001));
#1674=CARTESIAN_POINT('',(-0.00340025084618628,-0.0125562718247744,0.000526335764553439));
#1675=CARTESIAN_POINT('',(-0.00316317372592111,-0.0126730856825133,0.00112611147274208));
#1676=CARTESIAN_POINT('',(-0.00316303305054154,-0.0126731595575083,0.001425));
#1677=CARTESIAN_POINT('',(-0.00316303305054154,-0.0126731595575083,0.001425));
#1678=CARTESIAN_POINT('',(-0.00316303305054154,-0.0126731595575083,0.00597899448539448));
#1679=CARTESIAN_POINT('',(-0.00316303305054154,-0.0126731595575083,0.00553909334010209));
#1680=CARTESIAN_POINT('',(-0.00316303305054154,-0.0126731595575083,0.00553909334010209));
#1681=CARTESIAN_POINT('',(-0.00316317365474423,-0.0126730857198915,0.00583786079010327));
#1682=CARTESIAN_POINT('',(-0.00340027222627626,-0.0125562503929821,0.00643777039732584));
#1683=CARTESIAN_POINT('',(-0.00392258867317998,-0.0122174506815728,0.00667909334010209));
#1684=CARTESIAN_POINT('',(-0.00417233798563535,-0.0120235300072577,0.00667909334010209));
#1685=CARTESIAN_POINT('',(-0.00417233798563537,-0.0120235300072577,0.00667909334010209));
#1686=CARTESIAN_POINT('',(-1.51930273028203E-20,-0.00665000009909272,0.00667909334010209));
#1687=CARTESIAN_POINT('',(-0.0066846522010487,-0.00791437855957604,0.00667909334010209));
#1688=CARTESIAN_POINT('',(-0.00668465220104858,-0.00791437855957665,0.0066790933401075));
#1689=CARTESIAN_POINT('',(-0.00679161084420494,-0.00734889808696349,0.00674472726637114));
#1690=CARTESIAN_POINT('',(-0.00683355766446332,-0.00653395201582918,0.00687639037719795));
#1691=CARTESIAN_POINT('',(-0.00674300111982059,-0.00569395749022679,0.00708449604114281));
#1692=CARTESIAN_POINT('',(-0.00665749224365276,-0.00523781777951336,0.0072231248337052));
#1693=CARTESIAN_POINT('',(-0.0065870975510283,-0.00493689059118139,0.00732556647810853));
#1694=CARTESIAN_POINT('',(-0.00647798237532825,-0.004559881222161,0.00747305556638112));
#1695=CARTESIAN_POINT('',(-0.0063211392200255,-0.00411708627207039,0.00767628400434901));
#1696=CARTESIAN_POINT('',(-0.0060984473259677,-0.00361119333433572,0.0079602268399559));
#1697=CARTESIAN_POINT('',(-0.00583881840386199,-0.00314824763647543,0.00830816842248923));
#1698=CARTESIAN_POINT('',(-0.00562059346545206,-0.00281283995276175,0.00861757350402669));
#1699=CARTESIAN_POINT('',(-0.00544277461132328,-0.00256529982726654,0.00888023805612974));
#1700=CARTESIAN_POINT('',(-0.00531742126830555,-0.00240501157973379,0.00907424303194082));
#1701=CARTESIAN_POINT('',(-0.00520302651732385,-0.00226594943608914,0.00925476467613882));
#1702=CARTESIAN_POINT('',(-0.00510116286518388,-0.00214817401719444,0.00941759708534047));
#1703=CARTESIAN_POINT('',(-0.00503935437418461,-0.00207924067238145,0.00951698254264535));
#1704=CARTESIAN_POINT('',(-0.00493832326290568,-0.00196955454451454,0.00967835236925531));
#1705=CARTESIAN_POINT('',(-0.0048354659413158,-0.00186401202410219,0.00983862531126536));
#1706=CARTESIAN_POINT('',(-0.00477962761078183,-0.00180866776489579,0.00992354558995985));
#1707=CARTESIAN_POINT('',(-0.00476289530742392,-0.00179207582190723,0.00994908608907824));
#1708=CARTESIAN_POINT('',(-0.00469690584704458,-0.00172811768693123,0.0100471644101019));
#1709=CARTESIAN_POINT('',(-0.00462850920738517,-0.0016636762158834,0.0101456114465482));
#1710=CARTESIAN_POINT('',(-0.00454183339928839,-0.0015842420079661,0.0102662039001899));
#1711=CARTESIAN_POINT('',(-0.0044429013248115,-0.00149757890554256,0.0103949767042833));
#1712=CARTESIAN_POINT('',(-0.00436651545338997,-0.00143246233284758,0.0104897646580798));
#1713=CARTESIAN_POINT('',(-0.00423862525259852,-0.00132771907693459,0.0106347465948719));
#1714=CARTESIAN_POINT('',(-0.00408160932515994,-0.00120588018374768,0.0107920149742799));
#1715=CARTESIAN_POINT('',(-0.00380810466789388,-0.00100527529455791,0.0110280338760183));
#1716=CARTESIAN_POINT('',(-0.00338619291501,-0.000741775129736526,0.0112599245369897));
#1717=CARTESIAN_POINT('',(-0.00298671439730743,-0.000533310262492876,0.0114009088459121));
#1718=CARTESIAN_POINT('',(-0.00260042749750709,-0.000359821071836525,0.011498909913607));
#1719=CARTESIAN_POINT('',(-0.00232223563279838,-0.000252860691345753,0.0115486700802661));
#1720=CARTESIAN_POINT('',(-0.00184756106579339,-9.32902023730063E-5,0.0116150776399342));
#1721=CARTESIAN_POINT('',(-0.00144274171909796,5.36471329385493E-6,0.0116468441627753));
#1722=CARTESIAN_POINT('',(-0.00114348770185445,5.63896760416597E-5,0.011662016379548));
#1723=CARTESIAN_POINT('',(-1.51930273028203E-20,-0.00665000009909272,0.000285));
#1724=CARTESIAN_POINT('',(-0.00399754961191123,-0.0117984210899456,0.));
#1725=CARTESIAN_POINT('',(-0.00408906858656869,-0.0119162878462849,-2.22804085514772E-13));
#1726=CARTESIAN_POINT('',(-0.0041723379785361,-0.01202353001277,0.000135774348812643));
#1727=CARTESIAN_POINT('',(-0.00417233797905802,-0.0120235300123648,0.000285));
#1728=CARTESIAN_POINT('',(-0.00316303305054154,-0.0126731595575083,0.001425));
#1729=CARTESIAN_POINT('',(-0.00316303305054154,-0.0126731595575083,0.00108191858755894));
#1730=CARTESIAN_POINT('',(-0.00343570545364078,-0.0125385014950107,0.000488004729625015));
#1731=CARTESIAN_POINT('',(-0.0039602129532793,-0.0121882368843625,0.000285));
#1732=CARTESIAN_POINT('',(-0.00417233798563537,-0.0120235300072577,0.000285));
#1733=CARTESIAN_POINT('',(-0.00309513561288356,-0.0127088155684179,0.001425));
#1734=CARTESIAN_POINT('',(-0.00309513561288356,-0.0127088155684179,0.00105876865445269));
#1735=CARTESIAN_POINT('',(-0.00338576146783054,-0.0125699902478629,0.000423111603577307));
#1736=CARTESIAN_POINT('',(-0.00394755045841652,-0.0121981632293318,0.000208077530035447));
#1737=CARTESIAN_POINT('',(-0.00417233798563537,-0.0120235300072577,0.000210387174477243));
#1738=CARTESIAN_POINT('',(-0.00292951042221938,-0.0127219209130857,0.001425));
#1739=CARTESIAN_POINT('',(-0.00292951042221938,-0.0127219209130857,0.00101292397942799));
#1740=CARTESIAN_POINT('',(-0.00325159258661589,-0.0125718960560099,0.000294230671270236));
#1741=CARTESIAN_POINT('',(-0.00388398566932836,-0.0121641973333112,5.50025474579405E-5));
#1742=CARTESIAN_POINT('',(-0.00413448330076601,-0.0119747771780263,6.17237031020572E-5));
#1743=CARTESIAN_POINT('',(-0.00280530413887458,-0.0126115748528068,0.001425));
#1744=CARTESIAN_POINT('',(-0.00280530413887458,-0.0126115748528068,0.000994934347848864));
#1745=CARTESIAN_POINT('',(-0.00313452831061628,-0.0124532247946925,0.000248101869283278));
#1746=CARTESIAN_POINT('',(-0.00378223921195472,-0.012045578526961,-3.67389447302218E-6));
#1747=CARTESIAN_POINT('',(-0.00404330910709867,-0.0118573544624622,-1.49807422614397E-19));
#1748=CARTESIAN_POINT('',(-0.00277265096662287,-0.0125421833295752,0.001425));
#1749=CARTESIAN_POINT('',(-0.00277265096662287,-0.0125421833295752,0.000996148234448606));
#1750=CARTESIAN_POINT('',(-0.00309979872105092,-0.0123821570512279,0.000253755912031281));
#1751=CARTESIAN_POINT('',(-0.00373751344629786,-0.0119829549155046,-2.18118641158185E-18));
#1752=CARTESIAN_POINT('',(-0.00399754961997416,-0.0117984210842238,-1.08767161943745E-18));
#1753=CARTESIAN_POINT('',(-0.00277265096662287,-0.0125421833295752,0.001425));
#1754=CARTESIAN_POINT('',(-0.00277265096662287,-0.0125421833295752,0.00118854006946868));
#1755=CARTESIAN_POINT('',(-0.00284827720682103,-0.0125036457429371,0.000877502114952336));
#1756=CARTESIAN_POINT('',(-0.00301756609452968,-0.0124124246158309,0.000572108735614433));
#1757=CARTESIAN_POINT('',(-0.00312753911101249,-0.0123516416342146,0.00042166673620435));
#1758=CARTESIAN_POINT('',(-0.00333808214619972,-0.012228694253162,0.000218902154607649));
#1759=CARTESIAN_POINT('',(-0.00362055023583515,-0.0120547864405599,5.2463660907635E-5));
#1760=CARTESIAN_POINT('',(-0.00385144843963701,-0.0119021013152512,-2.9073041262033E-18));
#1761=CARTESIAN_POINT('',(-0.00399754961997416,-0.0117984210842238,0.));
#1762=CARTESIAN_POINT('',(-0.00277265096662287,-0.0125421833295752,0.001425));
#1763=CARTESIAN_POINT('',(-0.00316303305054156,-0.0126731595575083,0.001425));
#1764=CARTESIAN_POINT('',(-0.00302723817522558,-0.0127444715793275,0.001425));
#1765=CARTESIAN_POINT('',(-0.00283795731112627,-0.0126809663760384,0.001425));
#1766=CARTESIAN_POINT('',(-0.00277265096662286,-0.0125421833295752,0.001425));
#1767=CARTESIAN_POINT('',(-0.00303052667657568,-0.0124208362314792,0.00597899448539448));
#1768=CARTESIAN_POINT('',(-0.00277265096662287,-0.0125421833295752,0.00597899448539448));
#1769=CARTESIAN_POINT('',(-0.00277265096662287,-0.0125421833295752,0.00553909334010209));
#1770=CARTESIAN_POINT('',(-0.00277265096662286,-0.0125421833295752,0.00553909334010209));
#1771=CARTESIAN_POINT('',(-0.00283795731112627,-0.0126809663760384,0.00553909334010209));
#1772=CARTESIAN_POINT('',(-0.00302723817522558,-0.0127444715793275,0.00553909334010209));
#1773=CARTESIAN_POINT('',(-0.00316303305054156,-0.0126731595575083,0.00553909334010209));
#1774=CARTESIAN_POINT('',(-0.00417233798563537,-0.0120235300072578,0.00667909334010209));
#1775=CARTESIAN_POINT('',(-0.00396021364863952,-0.0121882363444423,0.00667909334010209));
#1776=CARTESIAN_POINT('',(-0.00343567678020052,-0.0125385151196744,0.00647604079225797));
#1777=CARTESIAN_POINT('',(-0.00316303305054154,-0.0126731595575083,0.00588217362789903));
#1778=CARTESIAN_POINT('',(-0.00316303305054154,-0.0126731595575083,0.00553909334010209));
#1779=CARTESIAN_POINT('',(-0.00417233798563537,-0.0120235300072578,0.00675370616562485));
#1780=CARTESIAN_POINT('',(-0.00394755119528527,-0.0121981626568723,0.00675601580249547));
#1781=CARTESIAN_POINT('',(-0.00338573037357533,-0.0125700065761002,0.00654093079843005));
#1782=CARTESIAN_POINT('',(-0.00309513561288356,-0.0127088155684179,0.00590532348511821));
#1783=CARTESIAN_POINT('',(-0.00309513561288356,-0.0127088155684179,0.00553909334010209));
#1784=CARTESIAN_POINT('',(-0.00413446954799646,-0.0119747594659141,0.00690234721251368));
#1785=CARTESIAN_POINT('',(-0.00388397273770703,-0.0121641790002668,0.0069090683461254));
#1786=CARTESIAN_POINT('',(-0.00325155587690384,-0.0125718842426396,0.00666978449548391));
#1787=CARTESIAN_POINT('',(-0.00292952161295396,-0.0127218875584659,0.00595116800986093));
#1788=CARTESIAN_POINT('',(-0.00292952161295396,-0.0127218875584659,0.00553909334010209));
#1789=CARTESIAN_POINT('',(-0.00404330910709867,-0.0118573544624622,0.00696409334010209));
#1790=CARTESIAN_POINT('',(-0.00378224006775952,-0.0120455779099498,0.00696776722253184));
#1791=CARTESIAN_POINT('',(-0.00313448968715648,-0.0124532431522597,0.00671593447555426));
#1792=CARTESIAN_POINT('',(-0.00280530413887458,-0.0126115748528068,0.00596915758246881));
#1793=CARTESIAN_POINT('',(-0.00280530413887458,-0.0126115748528068,0.00553909334010209));
#1794=CARTESIAN_POINT('',(-0.00399754961997415,-0.0117984210842238,0.00696409334010209));
#1795=CARTESIAN_POINT('',(-0.00373751429871407,-0.0119829543105902,0.00696409334010209));
#1796=CARTESIAN_POINT('',(-0.0030997643685642,-0.0123821733427196,0.00671027765529694));
#1797=CARTESIAN_POINT('',(-0.00277265096662287,-0.0125421833295752,0.00596794369984828));
#1798=CARTESIAN_POINT('',(-0.00277265096662287,-0.0125421833295752,0.00553909334010209));
#1799=CARTESIAN_POINT('',(-0.00399754961997415,-0.0117984210842238,0.00696409334010209));
#1800=CARTESIAN_POINT('',(-0.00385141100828104,-0.0119021278782922,0.00696409334010209));
#1801=CARTESIAN_POINT('',(-0.00362044471684603,-0.0120548544423116,0.00691157893944596));
#1802=CARTESIAN_POINT('',(-0.00333798198822346,-0.0122287567378355,0.00674513972168509));
#1803=CARTESIAN_POINT('',(-0.00312729687882225,-0.0123517759192458,0.00654211650635359));
#1804=CARTESIAN_POINT('',(-0.00301782600128665,-0.0124122749312184,0.00639236067438839));
#1805=CARTESIAN_POINT('',(-0.00284822376682623,-0.0125036749113208,0.00608660681210842));
#1806=CARTESIAN_POINT('',(-0.00277265096662287,-0.0125421833295752,0.00577558675601658));
#1807=CARTESIAN_POINT('',(-0.00277265096662287,-0.0125421833295752,0.00553909334010209));
#1808=CARTESIAN_POINT('',(-0.00399754961997415,-0.0117984210842238,0.00696409334010209));
#1809=CARTESIAN_POINT('',(-0.00417233798563539,-0.0120235300072577,0.00667909334010209));
#1810=CARTESIAN_POINT('',(-0.00417233798563539,-0.0120235300072577,0.00682831899114761));
#1811=CARTESIAN_POINT('',(-0.0040890685942232,-0.0119162878407006,0.0069640933401021));
#1812=CARTESIAN_POINT('',(-0.00399754961997416,-0.0117984210842238,0.00696409334010209));
#1813=CARTESIAN_POINT('',(-1.51930273028203E-20,-0.00665000009909272,0.00667909334010209));
#1814=CARTESIAN_POINT('',(-1.51930273028203E-20,-0.00665000009909272,0.00696409334010209));
#1815=CARTESIAN_POINT('',(-0.00640134025726281,-0.00787861090607761,0.00696409334010209));
#1816=CARTESIAN_POINT('',(-0.00640137489114016,-0.00791259330268667,0.00695997662895573));
#1817=CARTESIAN_POINT('',(-0.00640771580533129,-0.00787919073647639,0.00696402313188573));
#1818=CARTESIAN_POINT('',(-0.00640771405037931,-0.00787920004351967,0.00696402212980673));
#1819=CARTESIAN_POINT('',(-0.00647429983923788,-0.00789170331773146,0.00696250735408823));
#1820=CARTESIAN_POINT('',(-0.006596614558783,-0.00791112720409257,0.00690009166656132));
#1821=CARTESIAN_POINT('',(-0.00665561711466174,-0.00791691742442431,0.00681387102859865));
#1822=CARTESIAN_POINT('',(-0.00668411408960728,-0.00791722350508665,0.00672790684704046));
#1823=CARTESIAN_POINT('',(-0.0066846522010487,-0.00791437855957601,0.00667909334010757));
#1824=CARTESIAN_POINT('',(-0.00640461749694323,-0.00789568599580101,0.00696202482171585));
#1825=CARTESIAN_POINT('',(-0.00640569379587385,-0.00788999570271206,0.00696271415782291));
#1826=CARTESIAN_POINT('',(-0.00640676249987089,-0.00788430041065567,0.00696340400420331));
#1827=CARTESIAN_POINT('',(-0.0064455981669997,-0.00767614310161144,0.00698862592240581));
#1828=CARTESIAN_POINT('',(-0.00650173066388421,-0.00727661487478264,0.00704398145539201));
#1829=CARTESIAN_POINT('',(-0.00653631261591969,-0.00647346288552829,0.00718679815555963));
#1830=CARTESIAN_POINT('',(-0.00643623768498608,-0.00549261004095777,0.00743215795279377));
#1831=CARTESIAN_POINT('',(-0.00610834642624775,-0.00441188321292593,0.00786441821540574));
#1832=CARTESIAN_POINT('',(-0.0056312916747149,-0.00349973043672982,0.00846310652792491));
#1833=CARTESIAN_POINT('',(-0.00508466808881191,-0.00277234778760046,0.00923985274725228));
#1834=CARTESIAN_POINT('',(-0.00454278054850513,-0.00220262672481554,0.010156849326909));
#1835=CARTESIAN_POINT('',(-0.00399509396598169,-0.00171225603845169,0.0109398889938716));
#1836=CARTESIAN_POINT('',(-0.00339452226660093,-0.00126747303664471,0.0114036833099254));
#1837=CARTESIAN_POINT('',(-0.00270835436790941,-0.000842230462781601,0.0117242588944827));
#1838=CARTESIAN_POINT('',(-0.001741483832767,-0.000422534784865888,0.0119049539055787));
#1839=CARTESIAN_POINT('',(-0.000920577680806759,-0.000263221735091114,0.0119480745408282));
#1840=CARTESIAN_POINT('',(-0.00050670498332008,-0.000227224535148064,0.011957988970789));
#1841=CARTESIAN_POINT('',(-0.0064459247582175,-0.00790338611595317,0.00696109201021272));
#1842=CARTESIAN_POINT('',(-0.0064470107110002,-0.00789766014433867,0.00696178567860123));
#1843=CARTESIAN_POINT('',(-0.00644808908609318,-0.00789192919815235,0.00696247995381152));
#1844=CARTESIAN_POINT('',(-0.00648727112279377,-0.00768246270304378,0.00698785525861127));
#1845=CARTESIAN_POINT('',(-0.00654387468113854,-0.00728031260024557,0.00704338181227575));
#1846=CARTESIAN_POINT('',(-0.00657921163288648,-0.00647198533495872,0.00718703578949599));
#1847=CARTESIAN_POINT('',(-0.00647970704890891,-0.00548487753785584,0.00743420722127366));
#1848=CARTESIAN_POINT('',(-0.0061526634898732,-0.0043977312696411,0.00787099657439295));
#1849=CARTESIAN_POINT('',(-0.00567811879608166,-0.00348273770942841,0.00847680191348468));
#1850=CARTESIAN_POINT('',(-0.00513562358815002,-0.00275701271384585,0.00926029014282573));
#1851=CARTESIAN_POINT('',(-0.004597638826716,-0.00218957645453725,0.0101803957784468));
#1852=CARTESIAN_POINT('',(-0.00404460082520986,-0.00169033674372536,0.010971328667853));
#1853=CARTESIAN_POINT('',(-0.00343199445014863,-0.00123304906414515,0.0114351319887888));
#1854=CARTESIAN_POINT('',(-0.00273386842150237,-0.000798699100830006,0.0117496415139411));
#1855=CARTESIAN_POINT('',(-0.00175562933304474,-0.000375107957838889,0.0119216992422566));
#1856=CARTESIAN_POINT('',(-0.000927929435773141,-0.000215382212699607,0.0119619524764621));
#1857=CARTESIAN_POINT('',(-0.000510728245873588,-0.000179264613550302,0.0119711982005167));
#1858=CARTESIAN_POINT('',(-0.00652840642134334,-0.00791648405962885,0.00694042895877171));
#1859=CARTESIAN_POINT('',(-0.0065295116303498,-0.00791068650675109,0.00694112866559788));
#1860=CARTESIAN_POINT('',(-0.00653060930059069,-0.00790488423651306,0.00694182907832103));
#1861=CARTESIAN_POINT('',(-0.00657048194432701,-0.00769277955783286,0.00696742020657389));
#1862=CARTESIAN_POINT('',(-0.00662802399029068,-0.00728481349614036,0.0070232650133261));
#1863=CARTESIAN_POINT('',(-0.00666486310005297,-0.00646505962037426,0.00716827284578058));
#1864=CARTESIAN_POINT('',(-0.0065664712982396,-0.00546337828876255,0.00741843682167807));
#1865=CARTESIAN_POINT('',(-0.00624108658884929,-0.00435915917109472,0.00786282760379759));
#1866=CARTESIAN_POINT('',(-0.0057714697725877,-0.00343074424867111,0.00848169908658287));
#1867=CARTESIAN_POINT('',(-0.00523710900818604,-0.00269841894669127,0.00927955292228055));
#1868=CARTESIAN_POINT('',(-0.00470681150965943,-0.00212815710370696,0.0102076832352901));
#1869=CARTESIAN_POINT('',(-0.00414311973960787,-0.00161293153914517,0.011009192474613));
#1870=CARTESIAN_POINT('',(-0.00350657589340318,-0.00113895656659156,0.011469101432528));
#1871=CARTESIAN_POINT('',(-0.00278466162668988,-0.0006953974737046,0.0117707634765673));
#1872=CARTESIAN_POINT('',(-0.00178381861372516,-0.000271161672284134,0.0119278163764294));
#1873=CARTESIAN_POINT('',(-0.000942593867110406,-0.000112402424262742,0.0119634849636179));
#1874=CARTESIAN_POINT('',(-0.000518751584090595,-7.6491354310731E-5,0.0119716536666514));
#1875=CARTESIAN_POINT('',(-0.00664533918344231,-0.00792712315148406,0.0068456782917521));
#1876=CARTESIAN_POINT('',(-0.00664646797903637,-0.00792122260470783,0.00684637844015003));
#1877=CARTESIAN_POINT('',(-0.00664758917192148,-0.00791531855119811,0.00684707915472861));
#1878=CARTESIAN_POINT('',(-0.00668831127523781,-0.00769937206093437,0.00687269432923174));
#1879=CARTESIAN_POINT('',(-0.00674704097476073,-0.00728112311065028,0.0069289401332735));
#1880=CARTESIAN_POINT('',(-0.00678528982107585,-0.00644145702698338,0.00707492421067995));
#1881=CARTESIAN_POINT('',(-0.00668687949882758,-0.00541205860008858,0.0073274155093242));
#1882=CARTESIAN_POINT('',(-0.00635974884305282,-0.00427103185362572,0.00777790036033443));
#1883=CARTESIAN_POINT('',(-0.00588907423183937,-0.00330163654475139,0.00841024994368535));
#1884=CARTESIAN_POINT('',(-0.00535446643992445,-0.00253290228126358,0.0092271650113628));
#1885=CARTESIAN_POINT('',(-0.00482270721998391,-0.00193843221508996,0.0101682170024807));
#1886=CARTESIAN_POINT('',(-0.00424647102344957,-0.00141388123713402,0.0109622642260796));
#1887=CARTESIAN_POINT('',(-0.00358909390507675,-0.000946069539203298,0.0114064597088981));
#1888=CARTESIAN_POINT('',(-0.00284520920494963,-0.000515814930083642,0.0116933129854491));
#1889=CARTESIAN_POINT('',(-0.00181976645966931,-0.000107736086903184,0.011840653759715));
#1890=CARTESIAN_POINT('',(-0.000961376003613187,4.58166246039619E-5,0.0118742986501242));
#1891=CARTESIAN_POINT('',(-0.000529068482670499,8.0521824443995E-5,0.0118819741446582));
#1892=CARTESIAN_POINT('',(-0.00668326730959829,-0.00792170035282982,0.00674169517728434));
#1893=CARTESIAN_POINT('',(-0.0066843969860485,-0.00791576395742672,0.00674238863741472));
#1894=CARTESIAN_POINT('',(-0.00668551893550496,-0.00790982526172258,0.00674308237411341));
#1895=CARTESIAN_POINT('',(-0.00672627352116047,-0.00769250015241422,0.00676846852785878));
#1896=CARTESIAN_POINT('',(-0.00678510078046191,-0.00726863671124476,0.00682487024270631));
#1897=CARTESIAN_POINT('',(-0.0068224564676433,-0.00641841403862032,0.00697053891388689));
#1898=CARTESIAN_POINT('',(-0.00672079428172965,-0.00537289144487311,0.00722249285167462));
#1899=CARTESIAN_POINT('',(-0.00638551447995262,-0.00420833124932713,0.00767182896479928));
#1900=CARTESIAN_POINT('',(-0.00589995077120847,-0.00320853760828976,0.00830563927593974));
#1901=CARTESIAN_POINT('',(-0.00534528603036409,-0.00241063008891122,0.00912863190066736));
#1902=CARTESIAN_POINT('',(-0.0047935756865027,-0.00179899180326468,0.0100750663705535));
#1903=CARTESIAN_POINT('',(-0.00421803090094886,-0.0012899882658556,0.0108435449114019));
#1904=CARTESIAN_POINT('',(-0.00357507484191983,-0.000850699395348779,0.0112726069380698));
#1905=CARTESIAN_POINT('',(-0.00284357403662693,-0.00044454036864847,0.0115579711162166));
#1906=CARTESIAN_POINT('',(-0.00182372596421274,-5.16771743269836E-5,0.011712667497396));
#1907=CARTESIAN_POINT('',(-0.000963860343036003,9.85850537879784E-5,0.0117496478949862));
#1908=CARTESIAN_POINT('',(-0.000530457715278602,0.000132465906759958,0.0117580652054746));
#1909=CARTESIAN_POINT('',(-0.00668465220104858,-0.00791437855957666,0.0066790933401075));
#1910=CARTESIAN_POINT('',(-0.00668577555994066,-0.00790843946481577,0.00667978267621456));
#1911=CARTESIAN_POINT('',(-0.00668689099181922,-0.00790249890431276,0.006680472092005));
#1912=CARTESIAN_POINT('',(-0.00672742470485916,-0.00768503026821598,0.00670571810146931));
#1913=CARTESIAN_POINT('',(-0.00678601153210193,-0.00725914097832513,0.0067622156635525));
#1914=CARTESIAN_POINT('',(-0.00682210554113539,-0.00640535585778539,0.00690767975447508));
#1915=CARTESIAN_POINT('',(-0.00671765494628654,-0.00535362899349581,0.00715933021260144));
#1916=CARTESIAN_POINT('',(-0.00637542701066416,-0.00418014182323299,0.0076078796788734));
#1917=CARTESIAN_POINT('',(-0.00587751357611844,-0.00316889648446189,0.0082424380861588));
#1918=CARTESIAN_POINT('',(-0.00530698948808422,-0.00236223885494753,0.00906883927989734));
#1919=CARTESIAN_POINT('',(-0.0047414085239187,-0.00174874743114736,0.0100183692969876));
#1920=CARTESIAN_POINT('',(-0.00416977496093115,-0.00125423719536407,0.0107710453897439));
#1921=CARTESIAN_POINT('',(-0.00354294393877109,-0.000831872943606102,0.0111911259396752));
#1922=CARTESIAN_POINT('',(-0.00282677411965758,-0.000437736695800723,0.0114759577489896));
#1923=CARTESIAN_POINT('',(-0.00181762825669957,-5.0493034140433E-5,0.0116353436200269));
#1924=CARTESIAN_POINT('',(-0.000960828905579128,9.89085006968442E-5,0.0116743319756189));
#1925=CARTESIAN_POINT('',(-0.000528860089404162,0.000132590478714154,0.0116832201179023));
#1926=CARTESIAN_POINT('',(-0.00668468451518243,-0.00791420771773409,0.00667763263057337));
#1927=CARTESIAN_POINT('',(-0.00668580772666481,-0.00790826855998818,0.00667832187045322));
#1928=CARTESIAN_POINT('',(-0.00668692300646655,-0.0079023279559732,0.00667901118542247));
#1929=CARTESIAN_POINT('',(-0.00672745156581213,-0.00768485597091801,0.00670425392485356));
#1930=CARTESIAN_POINT('',(-0.00678603278297354,-0.00725891941122368,0.00676075372337224));
#1931=CARTESIAN_POINT('',(-0.00682209735285021,-0.00640505116689924,0.00690621304075546));
#1932=CARTESIAN_POINT('',(-0.0067175816951262,-0.005353179536297,0.00715785641768974));
#1933=CARTESIAN_POINT('',(-0.00637519163638076,-0.00417948406995747,0.00760638752886847));
#1934=CARTESIAN_POINT('',(-0.00587699004156634,-0.00316797152490592,0.00824096339173058));
#1935=CARTESIAN_POINT('',(-0.00530609590209769,-0.00236110972615504,0.00906744411874604));
#1936=CARTESIAN_POINT('',(-0.00474019129012507,-0.00174757506246462,0.0100170463652711));
#1937=CARTESIAN_POINT('',(-0.00416864898899741,-0.00125340300371927,0.0107693537342385));
#1938=CARTESIAN_POINT('',(-0.00354219421769761,-0.000831433659732106,0.0111892247163793));
#1939=CARTESIAN_POINT('',(-0.00282638212159496,-0.000437577943434276,0.0114740441037543));
#1940=CARTESIAN_POINT('',(-0.0018174859768576,-5.04654042027469E-5,0.0116335393962216));
#1941=CARTESIAN_POINT('',(-0.000960758172038468,9.89160477913843E-5,0.011672574604167));
#1942=CARTESIAN_POINT('',(-0.000528822811467092,0.000132593385393085,0.0116814737325257));
#1943=CARTESIAN_POINT('',(-0.00668471682931626,-0.00791403687589151,0.00667617192103925));
#1944=CARTESIAN_POINT('',(-0.00668583989338895,-0.00790809765516059,0.00667686106469189));
#1945=CARTESIAN_POINT('',(-0.00668695502111388,-0.00790215700763364,0.00667755027883993));
#1946=CARTESIAN_POINT('',(-0.00672747842676509,-0.00768468167362006,0.0067027897482378));
#1947=CARTESIAN_POINT('',(-0.00678605403384513,-0.00725869784412222,0.00675929178319198));
#1948=CARTESIAN_POINT('',(-0.00682208916456503,-0.0064047464760131,0.00690474632703586));
#1949=CARTESIAN_POINT('',(-0.00671750844396586,-0.0053527300790982,0.00715638262277802));
#1950=CARTESIAN_POINT('',(-0.00637495626209737,-0.00417882631668194,0.00760489537886353));
#1951=CARTESIAN_POINT('',(-0.00587646650701424,-0.00316704656534993,0.00823948869730235));
#1952=CARTESIAN_POINT('',(-0.00530520231611116,-0.00235998059736256,0.00906604895759473));
#1953=CARTESIAN_POINT('',(-0.00473897405633144,-0.00174640269378189,0.0100157234335545));
#1954=CARTESIAN_POINT('',(-0.00416752301706366,-0.00125256881207446,0.0107676620787332));
#1955=CARTESIAN_POINT('',(-0.00354144449662415,-0.00083099437585811,0.0111873234930835));
#1956=CARTESIAN_POINT('',(-0.00282599012353234,-0.000437419191067828,0.011472130458519));
#1957=CARTESIAN_POINT('',(-0.00181734369701562,-5.04377742650607E-5,0.0116317351724163));
#1958=CARTESIAN_POINT('',(-0.000960687438497807,9.89235948859246E-5,0.0116708172327151));
#1959=CARTESIAN_POINT('',(-0.000528785533530022,0.000132596292072016,0.011679727347149));
#1960=CARTESIAN_POINT('',(-0.0066847491434501,-0.00791386603404894,0.00667471121150512));
#1961=CARTESIAN_POINT('',(-0.00668587206011311,-0.007907926750333,0.00667540025893055));
#1962=CARTESIAN_POINT('',(-0.00668698703576122,-0.00790198605929407,0.00667608937225741));
#1963=CARTESIAN_POINT('',(-0.00672750528771807,-0.0076845073763221,0.00670132557162205));
#1964=CARTESIAN_POINT('',(-0.00678607528471673,-0.00725847627702076,0.00675782984301173));
#1965=CARTESIAN_POINT('',(-0.00682208097627984,-0.00640444178512695,0.00690327961331625));
#1966=CARTESIAN_POINT('',(-0.00671743519280552,-0.00535228062189939,0.00715490882786631));
#1967=CARTESIAN_POINT('',(-0.00637472088781397,-0.00417816856340641,0.00760340322885859));
#1968=CARTESIAN_POINT('',(-0.00587594297246214,-0.00316612160579394,0.00823801400287414));
#1969=CARTESIAN_POINT('',(-0.00530430873012463,-0.00235885146857007,0.00906465379644343));
#1970=CARTESIAN_POINT('',(-0.00473775682253782,-0.00174523032509915,0.010014400501838));
#1971=CARTESIAN_POINT('',(-0.00416639704512992,-0.00125173462042966,0.0107659704232278));
#1972=CARTESIAN_POINT('',(-0.00354069477555067,-0.000830555091984114,0.0111854222697876));
#1973=CARTESIAN_POINT('',(-0.00282559812546972,-0.000437260438701381,0.0114702168132837));
#1974=CARTESIAN_POINT('',(-0.00181720141717364,-5.04101443273745E-5,0.011629930948611));
#1975=CARTESIAN_POINT('',(-0.000960616704957147,9.89311419804649E-5,0.0116690598612632));
#1976=CARTESIAN_POINT('',(-0.000528748255592952,0.000132599198750947,0.0116779809617723));
#1977=CARTESIAN_POINT('',(-0.00050670498332008,-0.000227224535148059,0.0119579889707889));
#1978=CARTESIAN_POINT('',(-0.00104681774817521,-0.000274201653679652,0.0119450504268973));
#1979=CARTESIAN_POINT('',(-0.00178205232162195,-0.000441039180768337,0.0119040649871539));
#1980=CARTESIAN_POINT('',(-0.00275945286201243,-0.000876000554964429,0.0116951763517037));
#1981=CARTESIAN_POINT('',(-0.00329935915995652,-0.00120626474443913,0.0114538420617275));
#1982=CARTESIAN_POINT('',(-0.00366107548891623,-0.00146352703600491,0.0112012087601752));
#1983=CARTESIAN_POINT('',(-0.0039418870420746,-0.00168168807782918,0.0109423560006562));
#1984=CARTESIAN_POINT('',(-0.00412405165011606,-0.00183534166969105,0.0107277338157148));
#1985=CARTESIAN_POINT('',(-0.00424289705200194,-0.00193981533918473,0.0105712317567467));
#1986=CARTESIAN_POINT('',(-0.00431138409157417,-0.00200120294825506,0.010476665988506));
#1987=CARTESIAN_POINT('',(-0.00437853160538082,-0.00206263148629346,0.0103799701849603));
#1988=CARTESIAN_POINT('',(-0.00439228334912476,-0.00207549615086658,0.0103594303923599));
#1989=CARTESIAN_POINT('',(-0.00443890696383919,-0.00211898301442685,0.0102901387704943));
#1990=CARTESIAN_POINT('',(-0.00450547655057766,-0.00218209510304066,0.0101886226325723));
#1991=CARTESIAN_POINT('',(-0.004607488171351,-0.00228032808240815,0.0100296073086163));
#1992=CARTESIAN_POINT('',(-0.00479331690527626,-0.00246774071682647,0.00973151895128408));
#1993=CARTESIAN_POINT('',(-0.00494452449868877,-0.00263351898163809,0.00948570242085354));
#1994=CARTESIAN_POINT('',(-0.00508757207500373,-0.00280060468719388,0.00925895396751398));
#1995=CARTESIAN_POINT('',(-0.00521870858113528,-0.00295970445714308,0.00905891929651398));
#1996=CARTESIAN_POINT('',(-0.00542242497477741,-0.00322756983520558,0.00876143666857887));
#1997=CARTESIAN_POINT('',(-0.00559837000662992,-0.0034937973585518,0.00852018535830092));
#1998=CARTESIAN_POINT('',(-0.00569709870591005,-0.00365789012250936,0.00838945094602737));
#1999=CARTESIAN_POINT('',(-0.00573598031028682,-0.00372364304270337,0.00833838730733676));
#2000=CARTESIAN_POINT('',(-0.0058315098738322,-0.0038961161959613,0.00821396067753498));
#2001=CARTESIAN_POINT('',(-0.0059285226103388,-0.00408741984952667,0.00808954293637689));
#2002=CARTESIAN_POINT('',(-0.00602981935140095,-0.00430321121984647,0.00796112352374684));
#2003=CARTESIAN_POINT('',(-0.00616550825298299,-0.0046456099916726,0.00778718674220608));
#2004=CARTESIAN_POINT('',(-0.00626545626982483,-0.00494823435890851,0.00765542318739861));
#2005=CARTESIAN_POINT('',(-0.00636248465195693,-0.00531058241609487,0.00751855550575961));
#2006=CARTESIAN_POINT('',(-0.00645368768295228,-0.00575897791784573,0.00737319927279038));
#2007=CARTESIAN_POINT('',(-0.00651083540969428,-0.00625667194305992,0.00724287419973689));
#2008=CARTESIAN_POINT('',(-0.00652162102302707,-0.00674736402577663,0.00713953785537662));
#2009=CARTESIAN_POINT('',(-0.00650913644769687,-0.00707436837856923,0.00708061741515803));
#2010=CARTESIAN_POINT('',(-0.00649329202884217,-0.00726813551916755,0.00704906826609549));
#2011=CARTESIAN_POINT('',(-0.0064786377734394,-0.00740772409062172,0.00702778193965475));
#2012=CARTESIAN_POINT('',(-0.00647030463441089,-0.00748121156807246,0.00701675098474288));
#2013=CARTESIAN_POINT('',(-0.00644335915981349,-0.00767903133105491,0.00698919322293784));
#2014=CARTESIAN_POINT('',(-0.00642199243167141,-0.0078069108806276,0.00697287322845481));
#2015=CARTESIAN_POINT('',(-0.00641127324177871,-0.0078601305122873,0.00696633210048107));
#2016=CARTESIAN_POINT('',(-0.00640771580533666,-0.00787919073243423,0.00696402309851045));
#2017=CARTESIAN_POINT('',(0.,0.000153177683408578,0.));
#2018=CARTESIAN_POINT('',(-1.51930273028203E-20,-0.00665000009909272,0.));
#2019=CARTESIAN_POINT('',(0.00399754961997415,-0.0117984210842238,0.));
#2020=CARTESIAN_POINT('',(0.00128956794387508,-0.00604366709158574,0.));
#2021=CARTESIAN_POINT('',(0.00368100781677439,-0.0111257355110981,0.));
#2022=CARTESIAN_POINT('',(-1.51930273028203E-20,-0.00665000009909272,0.));
#2023=CARTESIAN_POINT('',(0.00128956794387508,-0.00604366709158574,0.001425));
#2024=CARTESIAN_POINT('',(0.00399754961997415,-0.0117984210842238,-6.50521303491303E-19));
#2025=CARTESIAN_POINT('',(0.00385140633993962,-0.0119021311911656,-1.89407018763555E-18));
#2026=CARTESIAN_POINT('',(0.00362044240604372,-0.0120548573144328,5.25154156384749E-5));
#2027=CARTESIAN_POINT('',(0.00333798956088381,-0.012228754834516,0.000218951822163196));
#2028=CARTESIAN_POINT('',(0.00312732788504377,-0.0123517603974231,0.000421941413939338));
#2029=CARTESIAN_POINT('',(0.00301782613570406,-0.0124122768068827,0.000571731735662557));
#2030=CARTESIAN_POINT('',(0.00284823511601368,-0.0125036693610013,0.00087746363659782));
#2031=CARTESIAN_POINT('',(0.00277265096662287,-0.0125421833295752,0.00118849602772486));
#2032=CARTESIAN_POINT('',(0.00277265096662287,-0.0125421833295752,0.001425));
#2033=CARTESIAN_POINT('',(0.00277265096662287,-0.0125421833295752,0.001425));
#2034=CARTESIAN_POINT('',(1.89394111003952E-7,-0.00665040258206596,0.001425));
#2035=CARTESIAN_POINT('',(0.00246440528079539,-0.0118871279032828,0.001425));
#2036=CARTESIAN_POINT('',(0.0024644052807954,-0.0118871279032828,0.001425));
#2037=CARTESIAN_POINT('',(0.0024644052807954,-0.0118871279032828,0.00118513753563252));
#2038=CARTESIAN_POINT('',(0.00254179324924443,-0.0118473728499829,0.000872012704075985));
#2039=CARTESIAN_POINT('',(0.00271154780220407,-0.0117542699339076,0.000568122655861928));
#2040=CARTESIAN_POINT('',(0.00281734792053312,-0.0116943668051198,0.000422303532146364));
#2041=CARTESIAN_POINT('',(0.00303189169229973,-0.0115653057360777,0.000214912790275996));
#2042=CARTESIAN_POINT('',(0.00331370545419316,-0.0113862824024013,5.04509843465438E-5));
#2043=CARTESIAN_POINT('',(0.00354012634341389,-0.0112306402835613,9.4820959036971E-20));
#2044=CARTESIAN_POINT('',(0.00368100781677439,-0.0111257355110981,-6.50521303491303E-19));
#2045=CARTESIAN_POINT('',(0.00262134807540965,-0.0122206483188357,0.00597899448539448));
#2046=CARTESIAN_POINT('',(0.00277265096662287,-0.0125421833295752,0.00597899448539448));
#2047=CARTESIAN_POINT('',(0.00277265096662287,-0.0125421833295752,0.00553909334010209));
#2048=CARTESIAN_POINT('',(0.00290019527535686,-0.0128132287825055,0.00553909334010209));
#2049=CARTESIAN_POINT('',(0.00246440528079539,-0.0118871279032828,0.00553909334010209));
#2050=CARTESIAN_POINT('',(0.00246440528079539,-0.0118871279032828,0.00597899448539448));
#2051=CARTESIAN_POINT('',(0.00418957382512094,-0.0122064932920252,0.00553909334010209));
#2052=CARTESIAN_POINT('',(0.00277265096662287,-0.0125421833295752,0.00553909334010209));
#2053=CARTESIAN_POINT('',(0.00277265096662287,-0.0125421833295752,0.00577075668505718));
#2054=CARTESIAN_POINT('',(0.00284558827438165,-0.0125048804217127,0.00607896693765321));
#2055=CARTESIAN_POINT('',(0.00301364275112476,-0.0124143019237765,0.00638675577061455));
#2056=CARTESIAN_POINT('',(0.00312887392533645,-0.0123508145006424,0.00654401876399724));
#2057=CARTESIAN_POINT('',(0.0033352473557902,-0.012230765733186,0.00674250818401539));
#2058=CARTESIAN_POINT('',(0.00361697608716688,-0.0120573660273742,0.00691044773343854));
#2059=CARTESIAN_POINT('',(0.00384920269779741,-0.0119036949986987,0.00696409334010209));
#2060=CARTESIAN_POINT('',(0.00399754961997415,-0.0117984210842238,0.00696409334010209));
#2061=CARTESIAN_POINT('',(0.00399754961997415,-0.0117984210842238,0.00696409334010209));
#2062=CARTESIAN_POINT('',(0.00418957382512094,-0.0122064932920252,0.00696409334010209));
#2063=CARTESIAN_POINT('',(0.00368100781677439,-0.0111257355110981,0.00696409334010209));
#2064=CARTESIAN_POINT('',(0.00368100781677439,-0.0111257355110981,0.00696409334010209));
#2065=CARTESIAN_POINT('',(0.00353472278954866,-0.0112346639395836,0.00696409334010209));
#2066=CARTESIAN_POINT('',(0.00330514533637281,-0.0113928281928759,0.00691069525142837));
#2067=CARTESIAN_POINT('',(0.00302560618050811,-0.0115704107496536,0.00674307184389878));
#2068=CARTESIAN_POINT('',(0.0028207656008553,-0.011692518654215,0.00654558330762915));
#2069=CARTESIAN_POINT('',(0.00270457924103991,-0.011757744518441,0.00638677834097427));
#2070=CARTESIAN_POINT('',(0.00253694846408995,-0.0118496098521215,0.00607837080308942));
#2071=CARTESIAN_POINT('',(0.00246440528079541,-0.0118871279032828,0.0057702221927301));
#2072=CARTESIAN_POINT('',(0.00246440528079541,-0.0118871279032828,0.00553909334010209));
#2073=CARTESIAN_POINT('',(0.,-0.01490175308351,0.00696409334010209));
#2074=CARTESIAN_POINT('',(-1.51930273028203E-20,-0.00665000009909272,0.00696409334010209));
#2075=CARTESIAN_POINT('',(0.00640134025726281,-0.00787861090607761,0.00696409334010209));
#2076=CARTESIAN_POINT('',(0.,-0.00787861090607761,0.00696409334010209));
#2077=CARTESIAN_POINT('',(0.00567058974523899,-0.00787861090208071,0.00696409333925952));
#2078=CARTESIAN_POINT('',(0.00567054284866242,-0.0078444199764326,0.00696409334010209));
#2079=CARTESIAN_POINT('',(0.00566342490253948,-0.00787786181717359,0.00696409334010209));
#2080=CARTESIAN_POINT('',(-1.51930273028203E-20,-0.00665000009909272,0.00696409334010209));
#2081=CARTESIAN_POINT('',(-0.00659744101764815,-0.00790278612153292,0.00696116469501321));
#2082=CARTESIAN_POINT('',(0.00659756000631701,-0.00790278612153292,0.00696116469501321));
#2083=CARTESIAN_POINT('',(-0.00659744101764815,-0.00773802973784335,0.00698112368875398));
#2084=CARTESIAN_POINT('',(0.00659756000631701,-0.00773802973784335,0.00698112368875398));
#2085=CARTESIAN_POINT('',(-0.00659744101764814,-0.00713171588819886,0.00705427981602472));
#2086=CARTESIAN_POINT('',(0.00659756000631701,-0.00713171588819885,0.00705427981602472));
#2087=CARTESIAN_POINT('',(-0.00659744101764815,-0.00560752124284817,0.00737353705938029));
#2088=CARTESIAN_POINT('',(0.00659756000631701,-0.00560752124284817,0.00737353705938029));
#2089=CARTESIAN_POINT('',(-0.00659744101764814,-0.00410739277140823,0.00798873646786984));
#2090=CARTESIAN_POINT('',(0.00659756000631701,-0.00410739277140823,0.00798873646786984));
#2091=CARTESIAN_POINT('',(-0.00659744101764815,-0.00301862269107199,0.00890045664555385));
#2092=CARTESIAN_POINT('',(0.00659756000631701,-0.00301862269107199,0.00890045664555385));
#2093=CARTESIAN_POINT('',(-0.00659744101764815,-0.00231919564894507,0.0099462785096298));
#2094=CARTESIAN_POINT('',(0.00659756000631701,-0.00231919564894506,0.0099462785096298));
#2095=CARTESIAN_POINT('',(-0.00659744101764815,-0.00156896843584603,0.0112232772909476));
#2096=CARTESIAN_POINT('',(0.00659756000631701,-0.00156896843584603,0.0112232772909476));
#2097=CARTESIAN_POINT('',(-0.00659744101764814,-0.000842804526696837,0.0117884445417469));
#2098=CARTESIAN_POINT('',(0.00659756000631702,-0.000842804526696836,0.0117884445417469));
#2099=CARTESIAN_POINT('',(-0.00659744101764815,-0.000227224535148059,0.0119579889707889));
#2100=CARTESIAN_POINT('',(0.00659756000631701,-0.000227224535148057,0.0119579889707889));
#2101=CARTESIAN_POINT('',(0.00640771614878588,-0.00787920270279404,0.00696402164839161));
#2102=CARTESIAN_POINT('',(0.00641112862497455,-0.00786111925788955,0.00696621232140577));
#2103=CARTESIAN_POINT('',(0.00642172325788136,-0.0078091807815285,0.00697259344757409));
#2104=CARTESIAN_POINT('',(0.00644306841362405,-0.00768253144781347,0.00698872775045308));
#2105=CARTESIAN_POINT('',(0.00647015248712589,-0.00748424147429693,0.00701631077463755));
#2106=CARTESIAN_POINT('',(0.00647844889761043,-0.00741109458376515,0.0070272784003387));
#2107=CARTESIAN_POINT('',(0.00649313476317319,-0.00727162187185379,0.00704851576434524));
#2108=CARTESIAN_POINT('',(0.00650905652879195,-0.00707816220084348,0.00707996772267823));
#2109=CARTESIAN_POINT('',(0.00652170593283747,-0.00675117296753727,0.00713880079384401));
#2110=CARTESIAN_POINT('',(0.00651100877528647,-0.00626130484062319,0.00724177726694132));
#2111=CARTESIAN_POINT('',(0.00645364114165407,-0.00576105682632989,0.00737254809607482));
#2112=CARTESIAN_POINT('',(0.00636249494962599,-0.00531153186583914,0.00751822637556647));
#2113=CARTESIAN_POINT('',(0.00626584527875216,-0.00494963507654487,0.00765486251977879));
#2114=CARTESIAN_POINT('',(0.00616603341198589,-0.0046470334778797,0.00778651520013297));
#2115=CARTESIAN_POINT('',(0.00603017198134125,-0.00430420646648418,0.00796056703364157));
#2116=CARTESIAN_POINT('',(0.00592871775498493,-0.00408816032734038,0.00808907658441612));
#2117=CARTESIAN_POINT('',(0.00583131509789799,-0.003896111713662,0.00821394393827689));
#2118=CARTESIAN_POINT('',(0.00573521759850295,-0.00372265255992548,0.00833911941496149));
#2119=CARTESIAN_POINT('',(0.00569628499337686,-0.00365683457002995,0.00839027727653718));
#2120=CARTESIAN_POINT('',(0.00559734969909398,-0.00349240491141626,0.00852134792203004));
#2121=CARTESIAN_POINT('',(0.0054209744781976,-0.00322566184680029,0.00876339621599538));
#2122=CARTESIAN_POINT('',(0.00521787221102203,-0.00295858927339291,0.00906012258891102));
#2123=CARTESIAN_POINT('',(0.00508516966616432,-0.00279803452316469,0.00926265513285453));
#2124=CARTESIAN_POINT('',(0.00497135589246188,-0.00266429254711132,0.0094431896973556));
#2125=CARTESIAN_POINT('',(0.00484527694037656,-0.00252547887904731,0.00964641028372149));
#2126=CARTESIAN_POINT('',(0.00474850363476627,-0.00242264408002814,0.00980332399254945));
#2127=CARTESIAN_POINT('',(0.00460527740676352,-0.002278233592267,0.0100329362965795));
#2128=CARTESIAN_POINT('',(0.00450384499658429,-0.00218063274980821,0.0101909968663542));
#2129=CARTESIAN_POINT('',(0.00443762727914504,-0.00211782290614656,0.0102920000484235));
#2130=CARTESIAN_POINT('',(0.00439116064685451,-0.0020744805590337,0.010361039368797));
#2131=CARTESIAN_POINT('',(0.00437931253483558,-0.00206334554248542,0.0103788504848649));
#2132=CARTESIAN_POINT('',(0.00430787657772876,-0.00199801473616453,0.0104816671042553));
#2133=CARTESIAN_POINT('',(0.00423517341478835,-0.00193305602605152,0.0105815435471612));
#2134=CARTESIAN_POINT('',(0.00414070047230925,-0.00185034284755127,0.0107050501538621));
#2135=CARTESIAN_POINT('',(0.00403059361477881,-0.00175717602916927,0.0108357729083533));
#2136=CARTESIAN_POINT('',(0.00393963004154317,-0.001682046483724,0.0109363462835469));
#2137=CARTESIAN_POINT('',(0.00379526825367088,-0.00156755543880654,0.0110787087348365));
#2138=CARTESIAN_POINT('',(0.00361662718540172,-0.00143237038570789,0.0112309296596385));
#2139=CARTESIAN_POINT('',(0.00329316576355497,-0.00120171066385412,0.0114586607257697));
#2140=CARTESIAN_POINT('',(0.00275979891174617,-0.000876534440544713,0.0116942534660141));
#2141=CARTESIAN_POINT('',(0.00177592240072757,-0.000438656876878012,0.0119055046930145));
#2142=CARTESIAN_POINT('',(0.00104678586411119,-0.00027419888153361,0.011945051190408));
#2143=CARTESIAN_POINT('',(0.000506704983320106,-0.000227224535148061,0.0119579889707889));
#2144=CARTESIAN_POINT('',(0.00640771558581475,-0.00787920264905509,0.00696402208149345));
#2145=CARTESIAN_POINT('',(0.,-0.00787861090607761,0.00696409334010209));
#2146=CARTESIAN_POINT('',(-0.00567058974523488,-0.0078786109020929,0.00696409333926209));
#2147=CARTESIAN_POINT('',(-0.00567059498196804,-0.00787861200583076,0.00696409320687529));
#2148=CARTESIAN_POINT('',(-0.00567478711861888,-0.00785900694875531,0.00696646821173212));
#2149=CARTESIAN_POINT('',(-0.00568641392079835,-0.00780748377029786,0.00697279671538368));
#2150=CARTESIAN_POINT('',(-0.00570899858210295,-0.00768844208443119,0.00698800036019162));
#2151=CARTESIAN_POINT('',(-0.00573666807929629,-0.00751279866487621,0.00701224398195802));
#2152=CARTESIAN_POINT('',(-0.00574630908964224,-0.00744067002675019,0.00702288103268069));
#2153=CARTESIAN_POINT('',(-0.00576240149852582,-0.00731061573630173,0.00704242840475397));
#2154=CARTESIAN_POINT('',(-0.0057803028189935,-0.00713161335051622,0.00707101670868195));
#2155=CARTESIAN_POINT('',(-0.00579732957315805,-0.00682391377994556,0.00712490098901452));
#2156=CARTESIAN_POINT('',(-0.00579229213484107,-0.0063617162188255,0.00721966367655842));
#2157=CARTESIAN_POINT('',(-0.00573898772851475,-0.00582629553631046,0.00734981123540709));
#2158=CARTESIAN_POINT('',(-0.00559834713589454,-0.00522112255828844,0.00754787345245837));
#2159=CARTESIAN_POINT('',(-0.00547644550850473,-0.00486021549331714,0.00769302012012077));
#2160=CARTESIAN_POINT('',(-0.00535972377551169,-0.00456412854502318,0.00782640162936916));
#2161=CARTESIAN_POINT('',(-0.00524289684480388,-0.00431581918843935,0.00795652477333598));
#2162=CARTESIAN_POINT('',(-0.00514435061902272,-0.00412745342156261,0.0080656796589365));
#2163=CARTESIAN_POINT('',(-0.00504892508139506,-0.00396128218562591,0.00817123344340324));
#2164=CARTESIAN_POINT('',(-0.00500976855496552,-0.003897975273231,0.0082142997093652));
#2165=CARTESIAN_POINT('',(-0.00492232373315604,-0.0037598867458563,0.00831059370999311));
#2166=CARTESIAN_POINT('',(-0.00479716212509221,-0.00357722695657874,0.00845009260995448));
#2167=CARTESIAN_POINT('',(-0.0046400140380331,-0.00336933726772374,0.00863078873466619));
#2168=CARTESIAN_POINT('',(-0.00451066312308549,-0.0032143541841827,0.00878387328227758));
#2169=CARTESIAN_POINT('',(-0.00443767479377137,-0.00313057508362744,0.00887120414324311));
#2170=CARTESIAN_POINT('',(-0.00436476380315022,-0.00305035726196545,0.00895924789446592));
#2171=CARTESIAN_POINT('',(-0.00435012315224941,-0.00303479932758491,0.00897710044795859));
#2172=CARTESIAN_POINT('',(-0.0043057193190644,-0.00298723996377234,0.00903128017677342));
#2173=CARTESIAN_POINT('',(-0.00422857548196495,-0.00290672179706783,0.00912631546328517));
#2174=CARTESIAN_POINT('',(-0.00408522349233495,-0.00276407624784864,0.00930566843284546));
#2175=CARTESIAN_POINT('',(-0.00387640494980019,-0.00257421080672056,0.00956998232740003));
#2176=CARTESIAN_POINT('',(-0.00351896056983528,-0.00227848642534472,0.0100269797216434));
#2177=CARTESIAN_POINT('',(-0.00319025888884152,-0.00204996978524265,0.0104051428764101));
#2178=CARTESIAN_POINT('',(-0.00293011849854891,-0.0018869576575658,0.01065147435814));
#2179=CARTESIAN_POINT('',(-0.00278088200187592,-0.00179896454374102,0.010777352489402));
#2180=CARTESIAN_POINT('',(-0.00269330160570808,-0.00174882019095634,0.0108470491933612));
#2181=CARTESIAN_POINT('',(-0.00252892041710183,-0.00165996291241505,0.0109644076485441));
#2182=CARTESIAN_POINT('',(-0.00233227072412816,-0.0015610880156572,0.0110861566393919));
#2183=CARTESIAN_POINT('',(-0.00196729185994306,-0.00139425065164279,0.0112738012586501));
#2184=CARTESIAN_POINT('',(-0.00142621916352692,-0.00120128853027165,0.0114504613699672));
#2185=CARTESIAN_POINT('',(-0.000736847939878824,-0.00105278629242357,0.011563447580927));
#2186=CARTESIAN_POINT('',(3.58755642450022E-6,-0.0010023121321291,0.0115979926865187));
#2187=CARTESIAN_POINT('',(0.000742561109022472,-0.00105356804481133,0.0115628969416481));
#2188=CARTESIAN_POINT('',(0.00143136136758236,-0.00120268746366268,0.0114493103077034));
#2189=CARTESIAN_POINT('',(0.00197180640051829,-0.00139599260121036,0.011272060299048));
#2190=CARTESIAN_POINT('',(0.00233647528726314,-0.0015630318353218,0.0110838712217575));
#2191=CARTESIAN_POINT('',(0.00253285743850863,-0.00166194748229979,0.0109618838994862));
#2192=CARTESIAN_POINT('',(0.00269731515676474,-0.00175099951514935,0.0108440829264191));
#2193=CARTESIAN_POINT('',(0.00278393715692775,-0.00180069172395044,0.0107749177266093));
#2194=CARTESIAN_POINT('',(0.00293257052365751,-0.00188849207840431,0.0106491932938295));
#2195=CARTESIAN_POINT('',(0.00319175875987367,-0.0020511441464177,0.0104032644339441));
#2196=CARTESIAN_POINT('',(0.00352275230470455,-0.00228155726007926,0.0100219842231518));
#2197=CARTESIAN_POINT('',(0.00387834308184256,-0.00257594317642549,0.00956747514532737));
#2198=CARTESIAN_POINT('',(0.00408666850612284,-0.00276543266465967,0.00930387755834259));
#2199=CARTESIAN_POINT('',(0.00422969692814006,-0.00290782642887208,0.00912497063977647));
#2200=CARTESIAN_POINT('',(0.00430674727093271,-0.00298829110221448,0.00903005592371124));
#2201=CARTESIAN_POINT('',(0.00435114729669829,-0.00303588211051936,0.00897587651215044));
#2202=CARTESIAN_POINT('',(0.00436575015365447,-0.00305141037810759,0.0089580663343161));
#2203=CARTESIAN_POINT('',(0.00443883957235502,-0.00313190055434861,0.00886978675207134));
#2204=CARTESIAN_POINT('',(0.00451197501258153,-0.00321593398370911,0.00878226845259841));
#2205=CARTESIAN_POINT('',(0.00464158880919112,-0.00337139909220089,0.00862886800283899));
#2206=CARTESIAN_POINT('',(0.0047989967785076,-0.0035798734504345,0.0084479177974418));
#2207=CARTESIAN_POINT('',(0.00492432452379497,-0.0037629840786431,0.00830831505851873));
#2208=CARTESIAN_POINT('',(0.0050117829421135,-0.00390122316782495,0.0082120820080269));
#2209=CARTESIAN_POINT('',(0.00505103622895683,-0.00396475104513196,0.0081689528471027));
#2210=CARTESIAN_POINT('',(0.00514605351564002,-0.00413036039616877,0.00806393531025544));
#2211=CARTESIAN_POINT('',(0.0052443023796555,-0.0043183620166142,0.00795513705017276));
#2212=CARTESIAN_POINT('',(0.00536080535358872,-0.00456635271267764,0.00782533262895563));
#2213=CARTESIAN_POINT('',(0.00547730371702234,-0.00486240999103622,0.00769207750533523));
#2214=CARTESIAN_POINT('',(0.00559928367061259,-0.00522448328859073,0.0075466566858251));
#2215=CARTESIAN_POINT('',(0.00573933763541597,-0.00582836765107681,0.00734922782949657));
#2216=CARTESIAN_POINT('',(0.0057924801386779,-0.00636541368918828,0.00721885923767277));
#2217=CARTESIAN_POINT('',(0.00579729926488116,-0.00682404577849324,0.00712489646472581));
#2218=CARTESIAN_POINT('',(0.00578018953031458,-0.00713085846708672,0.00707115472703824));
#2219=CARTESIAN_POINT('',(0.00576242135130486,-0.00730767603144837,0.00704288987465183));
#2220=CARTESIAN_POINT('',(0.00574634771537292,-0.00743764794865385,0.00702332541599523));
#2221=CARTESIAN_POINT('',(0.00573655259810949,-0.00751081189791413,0.0070125307640483));
#2222=CARTESIAN_POINT('',(0.00570924007861176,-0.00768482728003943,0.00698848257614162));
#2223=CARTESIAN_POINT('',(0.00568671281453517,-0.00780493370642519,0.00697311100023204));
#2224=CARTESIAN_POINT('',(0.00567496754601021,-0.00785785724645065,0.00696660748949841));
#2225=CARTESIAN_POINT('',(0.00567059027207777,-0.00787861101159266,0.00696409332731974));
#2226=CARTESIAN_POINT('',(0.00640137489879618,-0.00791259322001023,0.00695997663897193));
#2227=CARTESIAN_POINT('',(0.,-0.01490175308351,0.00696409334010209));
#2228=CARTESIAN_POINT('',(-1.51930273028203E-20,-0.00665000009909272,0.00696409334010209));
#2229=CARTESIAN_POINT('',(-0.00566342490253948,-0.00787786181717359,0.00696409334010209));
#2230=CARTESIAN_POINT('',(-0.00368100781677439,-0.0111257355110981,0.00696409334010209));
#2231=CARTESIAN_POINT('',(-0.00567054307807364,-0.00784441778217198,0.00696409334010212));
#2232=CARTESIAN_POINT('',(-0.00418957382512094,-0.0122064932920252,0.00696409334010209));
#2233=CARTESIAN_POINT('',(-0.00418957382512094,-0.0122064932920252,0.00553909334010209));
#2234=CARTESIAN_POINT('',(-0.00246440528079541,-0.0118871279032828,0.00553909334010209));
#2235=CARTESIAN_POINT('',(-0.00246440528079541,-0.0118871279032828,0.00577895093539406));
#2236=CARTESIAN_POINT('',(-0.00254179033297908,-0.0118473741115091,0.00609207287623026));
#2237=CARTESIAN_POINT('',(-0.00271154389790984,-0.0117542714338428,0.00639596563425775));
#2238=CARTESIAN_POINT('',(-0.00281734853688169,-0.0116943656831096,0.00654179110292176));
#2239=CARTESIAN_POINT('',(-0.0030318916055443,-0.0115653053545068,0.00674918047365569));
#2240=CARTESIAN_POINT('',(-0.00331370602357997,-0.011386281892754,0.00691364273717574));
#2241=CARTESIAN_POINT('',(-0.00354012661864785,-0.0112306400786134,0.00696409334010209));
#2242=CARTESIAN_POINT('',(-0.0036810078167744,-0.0111257355110981,0.00696409334010209));
#2243=CARTESIAN_POINT('',(-0.00246440528079539,-0.0118871279032828,0.00553909334010209));
#2244=CARTESIAN_POINT('',(-0.00290019527535686,-0.0128132287825055,0.00553909334010209));
#2245=CARTESIAN_POINT('',(-0.00262134807540965,-0.0122206483188357,0.00597899448539448));
#2246=CARTESIAN_POINT('',(-0.00246440528079539,-0.0118871279032828,0.00597899448539448));
#2247=CARTESIAN_POINT('',(-0.00246440528079539,-0.0118871279032828,0.001425));
#2248=CARTESIAN_POINT('',(-1.89394111002633E-7,-0.00665040258206597,0.001425));
#2249=CARTESIAN_POINT('',(-0.00128956794387508,-0.00604366709158574,0.001425));
#2250=CARTESIAN_POINT('',(-0.00368100781677439,-0.0111257355110981,0.));
#2251=CARTESIAN_POINT('',(-0.00353471529248555,-0.0112346695221324,1.37925381470336E-18));
#2252=CARTESIAN_POINT('',(-0.00330513369105757,-0.0113928377106819,5.34031905427811E-5));
#2253=CARTESIAN_POINT('',(-0.00302560186761879,-0.0115704173343775,0.000221026729121998));
#2254=CARTESIAN_POINT('',(-0.00282077119631572,-0.0116925197596874,0.000418506795654036));
#2255=CARTESIAN_POINT('',(-0.00270459263134158,-0.0117577404992836,0.000577297491478901));
#2256=CARTESIAN_POINT('',(-0.00253696072746662,-0.0118496045507532,0.000885690922550625));
#2257=CARTESIAN_POINT('',(-0.0024644052807954,-0.0118871279032828,0.00119385221938526));
#2258=CARTESIAN_POINT('',(-0.0024644052807954,-0.0118871279032828,0.001425));
#2259=CARTESIAN_POINT('',(-1.51930273028203E-20,-0.00665000009909272,0.000285));
#2260=CARTESIAN_POINT('',(-0.00349997464657957,-0.0109056173807925,0.000285000000000001));
#2261=CARTESIAN_POINT('',(-0.00349997464645101,-0.0109056173808982,0.000135774348998889));
#2262=CARTESIAN_POINT('',(-0.00358621906937861,-0.0110104819284049,6.97485748612362E-14));
#2263=CARTESIAN_POINT('',(-0.00368100781455722,-0.0111257355127491,0.));
#2264=CARTESIAN_POINT('',(-0.00349997464822155,-0.0109056173794421,0.000285));
#2265=CARTESIAN_POINT('',(-0.00331071356258447,-0.0110612725894826,0.000285));
#2266=CARTESIAN_POINT('',(-0.0029754878271854,-0.0112962362287318,0.000429281979009025));
#2267=CARTESIAN_POINT('',(-0.00265504435224489,-0.0114792787564886,0.000910300699319063));
#2268=CARTESIAN_POINT('',(-0.00258839832111613,-0.0115141850365971,0.00125318504958511));
#2269=CARTESIAN_POINT('',(-0.00258839832111613,-0.0115141850365971,0.001425));
#2270=CARTESIAN_POINT('',(-0.00349997464822155,-0.0109056173794421,0.000210387174477242));
#2271=CARTESIAN_POINT('',(-0.00329852453014551,-0.0110714053380179,0.000212971826963539));
#2272=CARTESIAN_POINT('',(-0.00294127761025744,-0.0113193911291432,0.000367497720251345));
#2273=CARTESIAN_POINT('',(-0.00259671758900471,-0.0115115834718285,0.000877626719273063));
#2274=CARTESIAN_POINT('',(-0.00252459379553255,-0.0115481375957663,0.00124226128400908));
#2275=CARTESIAN_POINT('',(-0.00252459379553255,-0.0115481375957663,0.001425));
#2276=CARTESIAN_POINT('',(-0.00353917724767583,-0.0109532837988995,6.17165403101678E-5));
#2277=CARTESIAN_POINT('',(-0.00330835856956257,-0.0111373019343553,6.92379801179565E-5));
#2278=CARTESIAN_POINT('',(-0.00290230705249548,-0.0114113272610707,0.000244543624593014));
#2279=CARTESIAN_POINT('',(-0.00250779917308907,-0.0116256581282418,0.000812541922899174));
#2280=CARTESIAN_POINT('',(-0.00242451404847627,-0.0116667816506851,0.00122058157554821));
#2281=CARTESIAN_POINT('',(-0.00242451404847629,-0.0116667816506851,0.001425));
#2282=CARTESIAN_POINT('',(-0.00363361344407592,-0.0110681087189871,-1.04742077204149E-18));
#2283=CARTESIAN_POINT('',(-0.00338214500148287,-0.0112583464417125,4.11134298953106E-6));
#2284=CARTESIAN_POINT('',(-0.00294245345398352,-0.0115470520765372,0.00018559716360383));
#2285=CARTESIAN_POINT('',(-0.00252147313166218,-0.0117772912629717,0.00078318645685013));
#2286=CARTESIAN_POINT('',(-0.00243363173452962,-0.0118217307885964,0.00121068914058874));
#2287=CARTESIAN_POINT('',(-0.00243363173452962,-0.0118217307885964,0.001425));
#2288=CARTESIAN_POINT('',(-0.00368100781677439,-0.0111257355110981,-5.27355936696949E-19));
#2289=CARTESIAN_POINT('',(-0.00342544887863791,-0.0113160327277344,-1.88738142425659E-18));
#2290=CARTESIAN_POINT('',(-0.00297692072482048,-0.0116083064922451,0.000180352473761264));
#2291=CARTESIAN_POINT('',(-0.00255238092820089,-0.0118420013035715,0.000781625874148822));
#2292=CARTESIAN_POINT('',(-0.00246440528079539,-0.0118871279032828,0.00121023131198137));
#2293=CARTESIAN_POINT('',(-0.00246440528079539,-0.0118871279032828,0.001425));
#2294=CARTESIAN_POINT('',(-0.00246440528079538,-0.0118871279032828,0.001425));
#2295=CARTESIAN_POINT('',(-0.00240285818826386,-0.01175633367391,0.001425));
#2296=CARTESIAN_POINT('',(-0.00246078926994898,-0.0115820901549354,0.001425));
#2297=CARTESIAN_POINT('',(-0.00258839832111615,-0.0115141850365972,0.001425));
#2298=CARTESIAN_POINT('',(-0.0027222809907482,-0.0117657808051868,0.00597899448539448));
#2299=CARTESIAN_POINT('',(-0.00258839832111615,-0.0115141850365972,0.00553909334010209));
#2300=CARTESIAN_POINT('',(-0.00246078926994898,-0.0115820901549354,0.00553909334010209));
#2301=CARTESIAN_POINT('',(-0.00240285818826386,-0.01175633367391,0.00553909334010209));
#2302=CARTESIAN_POINT('',(-0.00246440528079538,-0.0118871279032828,0.00553909334010209));
#2303=CARTESIAN_POINT('',(-0.00258839832111613,-0.0115141850365971,0.00553909334010209));
#2304=CARTESIAN_POINT('',(-0.00258839832111613,-0.0115141850365971,0.00579681476629819));
#2305=CARTESIAN_POINT('',(-0.00276995253683547,-0.0114251426220372,0.00640019128263107));
#2306=CARTESIAN_POINT('',(-0.00324762751262387,-0.011113156854672,0.00667909334010209));
#2307=CARTESIAN_POINT('',(-0.00349997464822155,-0.0109056173794421,0.00667909334010209));
#2308=CARTESIAN_POINT('',(-0.00252459379553255,-0.0115481375957663,0.00553909334010209));
#2309=CARTESIAN_POINT('',(-0.00252459379553255,-0.0115481375957663,0.00581320035112005));
#2310=CARTESIAN_POINT('',(-0.00272146319767925,-0.0114549369772721,0.00645393827592989));
#2311=CARTESIAN_POINT('',(-0.00323137553239604,-0.0111266671336605,0.00675025997567388));
#2312=CARTESIAN_POINT('',(-0.00349997464822155,-0.0109056173794421,0.00675370616562485));
#2313=CARTESIAN_POINT('',(-0.00242454432329554,-0.0116667917162131,0.00553909334010209));
#2314=CARTESIAN_POINT('',(-0.00242454432329554,-0.0116667917162131,0.00584571978770315));
#2315=CARTESIAN_POINT('',(-0.0026522362474341,-0.0115614070416642,0.00656092449652491));
#2316=CARTESIAN_POINT('',(-0.00323143637210288,-0.0111986600205744,0.00689232279832639));
#2317=CARTESIAN_POINT('',(-0.00353919341612618,-0.0109533034581094,0.00690235134584674));
#2318=CARTESIAN_POINT('',(-0.00243363173452962,-0.0118217307885964,0.00553909334010209));
#2319=CARTESIAN_POINT('',(-0.00243363173452962,-0.0118217307885964,0.00586055838259928));
#2320=CARTESIAN_POINT('',(-0.0026732173948159,-0.0117071029879171,0.0066113898145989));
#2321=CARTESIAN_POINT('',(-0.00329832348751704,-0.0113217580323194,0.00695861157070731));
#2322=CARTESIAN_POINT('',(-0.00363361344407592,-0.0110681087189871,0.00696409334010209));
#2323=CARTESIAN_POINT('',(-0.00246440528079539,-0.0118871279032828,0.00553909334010209));
#2324=CARTESIAN_POINT('',(-0.00246440528079539,-0.0118871279032828,0.00586124512284721));
#2325=CARTESIAN_POINT('',(-0.00270345209554118,-0.0117708448276621,0.00661546576826333));
#2326=CARTESIAN_POINT('',(-0.00334026388730773,-0.0113794641493374,0.00696409334010209));
#2327=CARTESIAN_POINT('',(-0.00368100781677439,-0.0111257355110981,0.00696409334010209));
#2328=CARTESIAN_POINT('',(-0.0036810078167744,-0.0111257355110981,0.00696409334010209));
#2329=CARTESIAN_POINT('',(-0.00358621907137745,-0.011010481926876,0.0069640933401021));
#2330=CARTESIAN_POINT('',(-0.00349997464822154,-0.0109056173794421,0.00682831899114761));
#2331=CARTESIAN_POINT('',(-0.00349997464822154,-0.0109056173794421,0.00667909334010209));
#2332=CARTESIAN_POINT('',(-1.51930273028203E-20,-0.00665000009909272,0.00667909334010209));
#2333=CARTESIAN_POINT('',(-0.00538826326656994,-0.00780183339655147,0.00667909334010209));
#2334=CARTESIAN_POINT('',(-0.00538596924982036,-0.00781256478121617,0.00686504014619831));
#2335=CARTESIAN_POINT('',(-0.00555340545209582,-0.00785434403836942,0.00696409335913471));
#2336=CARTESIAN_POINT('',(-0.0056634219185212,-0.00787787580821282,0.00696409334010209));
#2337=CARTESIAN_POINT('',(-1.51930273028203E-20,-0.00665000009909272,0.00667909334010209));
#2338=CARTESIAN_POINT('',(0.00349997464822155,-0.0109056173794421,0.00667909334010209));
#2339=CARTESIAN_POINT('',(0.00349997464822155,-0.0109056173794421,0.00682831899114761));
#2340=CARTESIAN_POINT('',(0.00358621907137745,-0.011010481926876,0.0069640933401021));
#2341=CARTESIAN_POINT('',(0.0036810078167744,-0.0111257355110981,0.00696409334010209));
#2342=CARTESIAN_POINT('',(0.00566342474395263,-0.00787786258830491,0.00696409334010209));
#2343=CARTESIAN_POINT('',(0.00555321526694362,-0.00785428587646057,0.00696409334342523));
#2344=CARTESIAN_POINT('',(0.00538597169473613,-0.00781255334392774,0.00686484196819494));
#2345=CARTESIAN_POINT('',(0.00538826326657272,-0.00780183339653846,0.00667909334010209));
#2346=CARTESIAN_POINT('',(0.00349997464822155,-0.0109056173794421,0.00667909334010209));
#2347=CARTESIAN_POINT('',(0.00331071356446683,-0.0110612725879345,0.00667909334010209));
#2348=CARTESIAN_POINT('',(0.00297548626981142,-0.0112962321245953,0.00653480178873336));
#2349=CARTESIAN_POINT('',(0.00265504479050328,-0.0114792763143777,0.00605378630560194));
#2350=CARTESIAN_POINT('',(0.00258839832111613,-0.0115141850365971,0.00571090828880813));
#2351=CARTESIAN_POINT('',(0.00258839832111613,-0.0115141850365971,0.00553909334010209));
#2352=CARTESIAN_POINT('',(0.00349997464822155,-0.0109056173794421,0.00675370616562485));
#2353=CARTESIAN_POINT('',(0.00329852453214911,-0.011071405336369,0.00675112151316426));
#2354=CARTESIAN_POINT('',(0.00294127666110849,-0.0113193878403689,0.00659658667590292));
#2355=CARTESIAN_POINT('',(0.00259671866109572,-0.0115115815582469,0.00608646076232034));
#2356=CARTESIAN_POINT('',(0.00252459379553255,-0.0115481375957663,0.00572183205427552));
#2357=CARTESIAN_POINT('',(0.00252459379553255,-0.0115481375957663,0.00553909334010209));
#2358=CARTESIAN_POINT('',(0.00353919341612618,-0.0109533034581094,0.00690235134584674));
#2359=CARTESIAN_POINT('',(0.00330837474030861,-0.0111373215917351,0.00689482990611376));
#2360=CARTESIAN_POINT('',(0.0029023306019724,-0.0114113352160773,0.00671953176357919));
#2361=CARTESIAN_POINT('',(0.00250782609799324,-0.0116256678851218,0.00615153637064497));
#2362=CARTESIAN_POINT('',(0.00242454432329554,-0.0116667917162131,0.00574351176252076));
#2363=CARTESIAN_POINT('',(0.00242454432329554,-0.0116667917162131,0.00553909334010209));
#2364=CARTESIAN_POINT('',(0.00363361344407591,-0.0110681087189871,0.00696409334010209));
#2365=CARTESIAN_POINT('',(0.00338214500398394,-0.0112583464398205,0.00695998199715345));
#2366=CARTESIAN_POINT('',(0.00294245171200051,-0.0115470481465317,0.0067784876970021));
#2367=CARTESIAN_POINT('',(0.00252147362398284,-0.0117772889740392,0.00618090173190964));
#2368=CARTESIAN_POINT('',(0.00243363173452962,-0.0118217307885964,0.00575340419738185));
#2369=CARTESIAN_POINT('',(0.00243363173452962,-0.0118217307885964,0.00553909334010209));
#2370=CARTESIAN_POINT('',(0.00368100781677439,-0.0111257355110981,0.00696409334010209));
#2371=CARTESIAN_POINT('',(0.00342544888117966,-0.0113160327258418,0.00696409334010209));
#2372=CARTESIAN_POINT('',(0.0029769191673772,-0.0116083021379523,0.00678372890089119));
#2373=CARTESIAN_POINT('',(0.00255238173084532,-0.0118419985743446,0.00618245954697693));
#2374=CARTESIAN_POINT('',(0.00246440528079539,-0.0118871279032828,0.00575386202598466));
#2375=CARTESIAN_POINT('',(0.00246440528079539,-0.0118871279032828,0.00553909334010209));
#2376=CARTESIAN_POINT('',(0.00246440528079538,-0.0118871279032828,0.00553909334010209));
#2377=CARTESIAN_POINT('',(0.00240285818826386,-0.01175633367391,0.00553909334010209));
#2378=CARTESIAN_POINT('',(0.00246078926994898,-0.0115820901549354,0.00553909334010209));
#2379=CARTESIAN_POINT('',(0.00258839832111615,-0.0115141850365972,0.00553909334010209));
#2380=CARTESIAN_POINT('',(0.0027222809907482,-0.0117657808051868,0.00597899448539448));
#2381=CARTESIAN_POINT('',(0.00258839832111615,-0.0115141850365972,0.001425));
#2382=CARTESIAN_POINT('',(0.00246078926994898,-0.0115820901549354,0.001425));
#2383=CARTESIAN_POINT('',(0.00240285818826386,-0.01175633367391,0.001425));
#2384=CARTESIAN_POINT('',(0.00246440528079538,-0.0118871279032828,0.001425));
#2385=CARTESIAN_POINT('',(0.00258839832111613,-0.0115141850365971,0.001425));
#2386=CARTESIAN_POINT('',(0.00258839832111613,-0.0115141850365971,0.00116727856966728));
#2387=CARTESIAN_POINT('',(0.00276993958593385,-0.0114251500021156,0.000563885802474671));
#2388=CARTESIAN_POINT('',(0.0032476275085735,-0.0111131568580032,0.000285));
#2389=CARTESIAN_POINT('',(0.00349997464822155,-0.0109056173794421,0.000285));
#2390=CARTESIAN_POINT('',(0.00252459379553255,-0.0115481375957663,0.001425));
#2391=CARTESIAN_POINT('',(0.00252459379553255,-0.0115481375957663,0.00115089298458242));
#2392=CARTESIAN_POINT('',(0.00272144821331089,-0.0114549429527928,0.000510137840973312));
#2393=CARTESIAN_POINT('',(0.00323137552808476,-0.0111266671372085,0.000213833364483531));
#2394=CARTESIAN_POINT('',(0.00349997464822155,-0.0109056173794421,0.000210387174477242));
#2395=CARTESIAN_POINT('',(0.00242451404847629,-0.0116667816506851,0.001425));
#2396=CARTESIAN_POINT('',(0.00242451404847629,-0.0116667816506851,0.00111837354747735));
#2397=CARTESIAN_POINT('',(0.00265219570185471,-0.0115614028101459,0.000403138207326316));
#2398=CARTESIAN_POINT('',(0.00323142019871265,-0.0111986403653026,7.1745087991494E-5));
#2399=CARTESIAN_POINT('',(0.00353917724767583,-0.0109532837988995,6.17165403101691E-5));
#2400=CARTESIAN_POINT('',(0.00243363173452962,-0.0118217307885964,0.001425));
#2401=CARTESIAN_POINT('',(0.00243363173452962,-0.0118217307885964,0.00110353495234305));
#2402=CARTESIAN_POINT('',(0.00267320192529292,-0.0117071107963838,0.000352684949836961));
#2403=CARTESIAN_POINT('',(0.00329832348213518,-0.0113217580363908,5.48176948276819E-6));
#2404=CARTESIAN_POINT('',(0.00363361344407591,-0.0110681087189871,-8.68970002663352E-20));
#2405=CARTESIAN_POINT('',(0.00246440528079539,-0.0118871279032828,0.001425));
#2406=CARTESIAN_POINT('',(0.00246440528079539,-0.0118871279032828,0.00110284821208409));
#2407=CARTESIAN_POINT('',(0.00270343493932038,-0.0117708542531228,0.000348607253093346));
#2408=CARTESIAN_POINT('',(0.00334026388183834,-0.01137946415341,8.98916431318089E-19));
#2409=CARTESIAN_POINT('',(0.00368100781677439,-0.0111257355110981,0.));
#2410=CARTESIAN_POINT('',(0.00368100781677439,-0.0111257355110981,0.));
#2411=CARTESIAN_POINT('',(0.00358621907137744,-0.011010481926876,-1.44227540038168E-17));
#2412=CARTESIAN_POINT('',(0.00349997464822154,-0.0109056173794421,0.000135774348954476));
#2413=CARTESIAN_POINT('',(0.00349997464822154,-0.0109056173794421,0.000285000000000001));
#2414=CARTESIAN_POINT('',(-1.51930273028203E-20,-0.00665000009909272,0.000285));
#2415=CARTESIAN_POINT('',(0.00566696653450639,-0.00789568599583202,0.00696202482171209));
#2416=CARTESIAN_POINT('',(0.00566818302077082,-0.00788999528670992,0.00696271420821843));
#2417=CARTESIAN_POINT('',(0.00566939052236095,-0.00788429933104123,0.0069634043281018));
#2418=CARTESIAN_POINT('',(0.00574966962392584,-0.00750367532420497,0.00700950493119687));
#2419=CARTESIAN_POINT('',(0.00583196517223386,-0.00675694818779983,0.00712385092774278));
#2420=CARTESIAN_POINT('',(0.00573146319463448,-0.00565353898764003,0.00738614174366177));
#2421=CARTESIAN_POINT('',(0.00541982685371175,-0.00462498349299107,0.00776765395965135));
#2422=CARTESIAN_POINT('',(0.00495045676035991,-0.00375185524543746,0.00827447226087828));
#2423=CARTESIAN_POINT('',(0.00438068395795304,-0.00303621250375769,0.00892806363471016));
#2424=CARTESIAN_POINT('',(0.00377978068079574,-0.0024763973296538,0.00969094382855575));
#2425=CARTESIAN_POINT('',(0.00313121038904888,-0.00199238580239435,0.0105196780147632));
#2426=CARTESIAN_POINT('',(0.00225596988086675,-0.00149010334215924,0.0112041371603472));
#2427=CARTESIAN_POINT('',(0.00116322286150176,-0.00110647726740275,0.0115276054396841));
#2428=CARTESIAN_POINT('',(3.34932883972037E-6,-0.000976033172122732,0.011615504816367));
#2429=CARTESIAN_POINT('',(-0.00115662550255385,-0.00110498533207006,0.0115286798964715));
#2430=CARTESIAN_POINT('',(-0.00224995015701101,-0.00148702995756061,0.0112074110771065));
#2431=CARTESIAN_POINT('',(-0.00312971445924155,-0.00199141337345921,0.0105219812400575));
#2432=CARTESIAN_POINT('',(-0.00377569753973458,-0.00247259994372507,0.00969596896148697));
#2433=CARTESIAN_POINT('',(-0.00438090648080795,-0.0030367409362978,0.00892791478733562));
#2434=CARTESIAN_POINT('',(-0.00494758489957706,-0.00374733630848662,0.00827763402453254));
#2435=CARTESIAN_POINT('',(-0.00541895977053857,-0.0046231862687482,0.00776850761906557));
#2436=CARTESIAN_POINT('',(-0.00573063905939949,-0.0056496879894522,0.00738740111412409));
#2437=CARTESIAN_POINT('',(-0.00583220127318831,-0.00675403059319066,0.00712430742539788));
#2438=CARTESIAN_POINT('',(-0.00574967545818526,-0.00750878701073834,0.00700886831546034));
#2439=CARTESIAN_POINT('',(-0.00566939045870864,-0.00788424502277893,0.0069634110879312));
#2440=CARTESIAN_POINT('',(-0.00566818302077029,-0.00788999528671248,0.00696271420821812));
#2441=CARTESIAN_POINT('',(-0.00566696653450351,-0.00789568599584551,0.00696202482171047));
#2442=CARTESIAN_POINT('',(0.00559281084667894,-0.0078800632230172,0.00696391740285427));
#2443=CARTESIAN_POINT('',(0.00559401715082817,-0.00787444724022974,0.0069645975433688));
#2444=CARTESIAN_POINT('',(0.00559521475081491,-0.00786882603236936,0.00696527810940266));
#2445=CARTESIAN_POINT('',(0.00567481171000412,-0.00749320065459827,0.00701079098544252));
#2446=CARTESIAN_POINT('',(0.00575653655949157,-0.00675653790333698,0.00712438150395689));
#2447=CARTESIAN_POINT('',(0.00565984524414139,-0.00566648365350265,0.00738283710206398));
#2448=CARTESIAN_POINT('',(0.0053560895063983,-0.00464679609139236,0.00775823770465129));
#2449=CARTESIAN_POINT('',(0.00489707789717956,-0.00377451839118127,0.00825814513772123));
#2450=CARTESIAN_POINT('',(0.0043374271074374,-0.00305302758402659,0.00890849076499359));
#2451=CARTESIAN_POINT('',(0.00374465301685294,-0.00248797746750918,0.00967225319933819));
#2452=CARTESIAN_POINT('',(0.00310298092819014,-0.00200381248821346,0.0105001514789902));
#2453=CARTESIAN_POINT('',(0.00223531087883385,-0.00151116274889502,0.0111790508292391));
#2454=CARTESIAN_POINT('',(0.00115205883343065,-0.00114056770153781,0.0115010614698165));
#2455=CARTESIAN_POINT('',(3.31625940504224E-6,-0.00101473383196617,0.0115895592477897));
#2456=CARTESIAN_POINT('',(-0.00114552130050623,-0.00113913190183167,0.0115021387172006));
#2457=CARTESIAN_POINT('',(-0.00222934343385795,-0.00150816494571779,0.0111822992616217));
#2458=CARTESIAN_POINT('',(-0.00310149732464437,-0.00200284454864292,0.010502443921311));
#2459=CARTESIAN_POINT('',(-0.00374062189934547,-0.00248416066843049,0.00967728180865523));
#2460=CARTESIAN_POINT('',(-0.00433764599530513,-0.00305354323066168,0.00890834786474674));
#2461=CARTESIAN_POINT('',(-0.00489425458376597,-0.00376999597931587,0.00826128962300122));
#2462=CARTESIAN_POINT('',(-0.00535524487453479,-0.00464500485939497,0.0077590729198477));
#2463=CARTESIAN_POINT('',(-0.00565900069787574,-0.00566270194244102,0.00738414565351111));
#2464=CARTESIAN_POINT('',(-0.00575677562911801,-0.00675365726575971,0.0071248285873168));
#2465=CARTESIAN_POINT('',(-0.00567464321440541,-0.00749835070694945,0.00701042827497874));
#2466=CARTESIAN_POINT('',(-0.00559521654100981,-0.00786877131546103,0.00696528195652691));
#2467=CARTESIAN_POINT('',(-0.00559401715082765,-0.00787444724023226,0.00696459754336849));
#2468=CARTESIAN_POINT('',(-0.00559281084667608,-0.00788006322303051,0.00696391740285266));
#2469=CARTESIAN_POINT('',(0.00544511308069192,-0.00784126962303119,0.00690431253775803));
#2470=CARTESIAN_POINT('',(0.00544629878208849,-0.00783580287843464,0.00690498490391395));
#2471=CARTESIAN_POINT('',(0.00544747622582712,-0.00783033164323928,0.00690565754236143));
#2472=CARTESIAN_POINT('',(0.00552570406378979,-0.00746462058270615,0.00695066544122718));
#2473=CARTESIAN_POINT('',(0.00560634210741178,-0.00674391857097659,0.00706402379552822));
#2474=CARTESIAN_POINT('',(0.00551713492908374,-0.00567587098071789,0.00732043475930446));
#2475=CARTESIAN_POINT('',(0.0052289253120728,-0.00466865380229787,0.00769373060432158));
#2476=CARTESIAN_POINT('',(0.00479040651152674,-0.00379598557852106,0.00819443831642527));
#2477=CARTESIAN_POINT('',(0.00425091861964077,-0.00306588221145991,0.00885223926230926));
#2478=CARTESIAN_POINT('',(0.0036743519635757,-0.00249574460680294,0.0096256370961265));
#2479=CARTESIAN_POINT('',(0.00304650787501545,-0.00201504986625172,0.0104541068289214));
#2480=CARTESIAN_POINT('',(0.00219398853790617,-0.00154179822073499,0.0111191145262401));
#2481=CARTESIAN_POINT('',(0.00112974405695611,-0.00119595591542179,0.0114317607486331));
#2482=CARTESIAN_POINT('',(3.25019101484428E-6,-0.00107930180807885,0.0115185332382527));
#2483=CARTESIAN_POINT('',(-0.00112332620121577,-0.0011946291919029,0.0114328100349784));
#2484=CARTESIAN_POINT('',(-0.00218812569009416,-0.00153894296482241,0.0111222862770732));
#2485=CARTESIAN_POINT('',(-0.00304504909093328,-0.00201410011224574,0.0104563753513548));
#2486=CARTESIAN_POINT('',(-0.0036704246754305,-0.00249190273274439,0.00963071624464677));
#2487=CARTESIAN_POINT('',(-0.00425113066537596,-0.00306638249562398,0.00885210659683704));
#2488=CARTESIAN_POINT('',(-0.00478767987059116,-0.00379139393722804,0.00819761952028383));
#2489=CARTESIAN_POINT('',(-0.00522812508579493,-0.00466686693068184,0.00769455997554139));
#2490=CARTESIAN_POINT('',(-0.00551625273609478,-0.00567190026835021,0.00732182627900435));
#2491=CARTESIAN_POINT('',(-0.00560658684281809,-0.00674111700576476,0.0070644625421542));
#2492=CARTESIAN_POINT('',(-0.00552520315456337,-0.00746867067481338,0.00695066493504542));
#2493=CARTESIAN_POINT('',(-0.00544748155097013,-0.00783028862274515,0.00690565753766008));
#2494=CARTESIAN_POINT('',(-0.00544629878208797,-0.00783580287843709,0.00690498490391365));
#2495=CARTESIAN_POINT('',(-0.0054451130806891,-0.00784126962304414,0.00690431253775645));
#2496=CARTESIAN_POINT('',(0.00538639896873577,-0.00781055456094225,0.00675437404557326));
#2497=CARTESIAN_POINT('',(0.00538756420042027,-0.00780514746406403,0.00675505757679142));
#2498=CARTESIAN_POINT('',(0.00538872119378309,-0.00779973819419247,0.00675574132777323));
#2499=CARTESIAN_POINT('',(0.00546559742837804,-0.00743779476860234,0.00680150173818871));
#2500=CARTESIAN_POINT('',(0.00554457590054332,-0.00671521634854606,0.00691727300598605));
#2501=CARTESIAN_POINT('',(0.00545298449691223,-0.00564749351565759,0.00718156512022698));
#2502=CARTESIAN_POINT('',(0.00516292003122371,-0.00463708545559634,0.00756943806028156));
#2503=CARTESIAN_POINT('',(0.00472391441846709,-0.00376229983496962,0.00809253590745753));
#2504=CARTESIAN_POINT('',(0.00418722018407035,-0.00303407946776294,0.00877620191621837));
#2505=CARTESIAN_POINT('',(0.00361690874894924,-0.00247099463157926,0.00956852106230247));
#2506=CARTESIAN_POINT('',(0.00299791160252674,-0.00200113612664994,0.0104003635768603));
#2507=CARTESIAN_POINT('',(0.00215932166739007,-0.00154493300687834,0.0110485033312266));
#2508=CARTESIAN_POINT('',(0.00111243508309179,-0.00121462959656515,0.0113444276588304));
#2509=CARTESIAN_POINT('',(3.20141447458821E-6,-0.00110325335567234,0.0114259054632644));
#2510=CARTESIAN_POINT('',(-0.00110611941894678,-0.00121336701513586,0.0113454090285807));
#2511=CARTESIAN_POINT('',(-0.00215355437805664,-0.00154217827480333,0.0110515704909326));
#2512=CARTESIAN_POINT('',(-0.00299647748477055,-0.00200022278041411,0.0104026046131724));
#2513=CARTESIAN_POINT('',(-0.00361302759138481,-0.00246717009128202,0.00957370281301572));
#2514=CARTESIAN_POINT('',(-0.00418743075438263,-0.00303458746986663,0.00877607570475172));
#2515=CARTESIAN_POINT('',(-0.00472120520878526,-0.00375757254510645,0.00809584674807977));
#2516=CARTESIAN_POINT('',(-0.00516211408810113,-0.00463529251397535,0.00757031131570139));
#2517=CARTESIAN_POINT('',(-0.00545215203808555,-0.00564285142591547,0.00718299556080286));
#2518=CARTESIAN_POINT('',(-0.00554480978821127,-0.0067124552160906,0.00691772333476417));
#2519=CARTESIAN_POINT('',(-0.00546532776705403,-0.00743925271815451,0.00680147862561512));
#2520=CARTESIAN_POINT('',(-0.00538872405982529,-0.00779972273966465,0.00675574156321927));
#2521=CARTESIAN_POINT('',(-0.00538756420041976,-0.00780514746406646,0.00675505757679112));
#2522=CARTESIAN_POINT('',(-0.00538639896873301,-0.00781055456095506,0.00675437404557164));
#2523=CARTESIAN_POINT('',(0.00538826326657267,-0.00780183339653867,0.00667909334010374));
#2524=CARTESIAN_POINT('',(0.00538941992564469,-0.00779642255835272,0.00667978272661008));
#2525=CARTESIAN_POINT('',(0.00539056804191162,-0.00779101047697961,0.00668047237021831));
#2526=CARTESIAN_POINT('',(0.0054668989910008,-0.00742872990208842,0.00672662078472266));
#2527=CARTESIAN_POINT('',(0.00554514721732268,-0.00670095391820176,0.00684358008917173));
#2528=CARTESIAN_POINT('',(0.00544958795985764,-0.00562751856506921,0.00711187837339495));
#2529=CARTESIAN_POINT('',(0.00515327799612336,-0.00461153014389836,0.00750714003303884));
#2530=CARTESIAN_POINT('',(0.00470699167750196,-0.00373473727892419,0.00804154715502977));
#2531=CARTESIAN_POINT('',(0.00416524048790039,-0.00300909422420365,0.00873818684512099));
#2532=CARTESIAN_POINT('',(0.00359388983047996,-0.00245164622154155,0.00953998881640392));
#2533=CARTESIAN_POINT('',(0.00297721643784022,-0.0019884118440136,0.0103735018128257));
#2534=CARTESIAN_POINT('',(0.0021450205441574,-0.00153961342114252,0.011013202822292));
#2535=CARTESIAN_POINT('',(0.00110601518066197,-0.00121384130477213,0.0113007429849305));
#2536=CARTESIAN_POINT('',(3.18460775175872E-6,-0.00110360508679103,0.011379560163716));
#2537=CARTESIAN_POINT('',(-0.00109974228198525,-0.00121259431548487,0.0113016902543095));
#2538=CARTESIAN_POINT('',(-0.00213929687229004,-0.00153689475828409,0.0110162176399472));
#2539=CARTESIAN_POINT('',(-0.00297579407835015,-0.00198752054261103,0.0103757290439734));
#2540=CARTESIAN_POINT('',(-0.00359000749963186,-0.00244784016864937,0.00954522197473906));
#2541=CARTESIAN_POINT('',(-0.0041654520670085,-0.00300961019487139,0.0087380636492378));
#2542=CARTESIAN_POINT('',(-0.00470426105577184,-0.003729941801686,0.00804492310677419));
#2543=CARTESIAN_POINT('',(-0.00515245355638426,-0.00460973060172633,0.00750803547806729));
#2544=CARTESIAN_POINT('',(-0.00544880435586312,-0.00562251994911997,0.00711332701397855));
#2545=CARTESIAN_POINT('',(-0.00554537170675496,-0.00669819616683329,0.00684403636837029));
#2546=CARTESIAN_POINT('',(-0.00546690453832948,-0.00742891308691483,0.00672657961509042));
#2547=CARTESIAN_POINT('',(-0.00539056798138975,-0.00779100857915189,0.00668047279754995));
#2548=CARTESIAN_POINT('',(-0.00538941992564418,-0.00779642255835516,0.00667978272660977));
#2549=CARTESIAN_POINT('',(-0.00538826326656994,-0.00780183339655149,0.0066790933401021));
#2550=CARTESIAN_POINT('',(-1.51930273028203E-20,-0.00665000009909272,0.00597899448539448));
#2551=CARTESIAN_POINT('',(0.0011434951442376,5.63884070575423E-5,0.011662171831853));
#2552=CARTESIAN_POINT('',(0.00144097562894356,5.66550464072744E-6,0.0116471770587499));
#2553=CARTESIAN_POINT('',(0.00184458697872648,-9.2457552186759E-5,0.0116154674528151));
#2554=CARTESIAN_POINT('',(0.00231981316782792,-0.000251952181365056,0.0115488456321924));
#2555=CARTESIAN_POINT('',(0.00260052548533093,-0.000359824154211201,0.0114985230006691));
#2556=CARTESIAN_POINT('',(0.00298695996655102,-0.000533462153034312,0.0114005844752288));
#2557=CARTESIAN_POINT('',(0.00338401727247456,-0.000740592939332158,0.0112609752949915));
#2558=CARTESIAN_POINT('',(0.00380710979261469,-0.00100452997220295,0.0110286069745985));
#2559=CARTESIAN_POINT('',(0.00408182322857304,-0.00120603500396652,0.0107918156612855));
#2560=CARTESIAN_POINT('',(0.00423914042523105,-0.00132812447864513,0.0106343043894275));
#2561=CARTESIAN_POINT('',(0.00436735832616715,-0.00143316830876109,0.0104889153678673));
#2562=CARTESIAN_POINT('',(0.00444321900976088,-0.00149785730743404,0.0103947002596831));
#2563=CARTESIAN_POINT('',(0.00454202800847838,-0.00158441601334526,0.0102660215430379));
#2564=CARTESIAN_POINT('',(0.00462870108261606,-0.00166385560499718,0.0101453552297734));
#2565=CARTESIAN_POINT('',(0.00469707463603841,-0.00172827696779554,0.0100468950120667));
#2566=CARTESIAN_POINT('',(0.00476335067008172,-0.00179252215337567,0.00994834126230533));
#2567=CARTESIAN_POINT('',(0.00477935662409749,-0.00180840324318656,0.00992388509708194));
#2568=CARTESIAN_POINT('',(0.00483495062770738,-0.00186348809715018,0.00983933111882182));
#2569=CARTESIAN_POINT('',(0.00493861872765309,-0.00196986441240012,0.0096777884261541));
#2570=CARTESIAN_POINT('',(0.00503885345769354,-0.00207869554636058,0.00951769755528308));
#2571=CARTESIAN_POINT('',(0.00510101336998383,-0.00214800233637648,0.00941778051747721));
#2572=CARTESIAN_POINT('',(0.00520257237504248,-0.00226541609407029,0.00925546894956437));
#2573=CARTESIAN_POINT('',(0.00531685798205803,-0.00240430791113724,0.00907515736225639));
#2574=CARTESIAN_POINT('',(0.00544205221613375,-0.0025643414693201,0.00888140454951218));
#2575=CARTESIAN_POINT('',(0.00561996422020414,-0.00281191340621836,0.00861860434121004));
#2576=CARTESIAN_POINT('',(0.00583841505218302,-0.00314755420954372,0.00830895097070702));
#2577=CARTESIAN_POINT('',(0.00609861236026793,-0.00361139594662118,0.00796025049109154));
#2578=CARTESIAN_POINT('',(0.00632181325153841,-0.00411871126465493,0.00767537739862087));
#2579=CARTESIAN_POINT('',(0.00647859683036291,-0.00456180859454272,0.00747209946234381));
#2580=CARTESIAN_POINT('',(0.00658748692854081,-0.00493838975141428,0.0073249772464733));
#2581=CARTESIAN_POINT('',(0.00665793332494086,-0.00523986275449202,0.00722252933755232));
#2582=CARTESIAN_POINT('',(0.00674331190890594,-0.0056961521475161,0.00708402656771085));
#2583=CARTESIAN_POINT('',(0.00683357055937267,-0.00653607152333725,0.00687608871539502));
#2584=CARTESIAN_POINT('',(0.00679141229715774,-0.00734994778689498,0.00674460543028374));
#2585=CARTESIAN_POINT('',(0.00668465220103976,-0.00791437855962329,0.00667909334010209));
#2586=CARTESIAN_POINT('',(0.00668465220103976,-0.00791437855962333,0.00667909334010208));
#2587=CARTESIAN_POINT('',(-1.51930273028203E-20,-0.00665000009909272,0.00667909334010209));
#2588=CARTESIAN_POINT('',(0.00417233798563537,-0.0120235300072578,0.00667909334010209));
#2589=CARTESIAN_POINT('',(0.00417233798563534,-0.0120235300072577,0.00667909334010209));
#2590=CARTESIAN_POINT('',(0.00392091525595608,-0.0122187500252758,0.00667909334010209));
#2591=CARTESIAN_POINT('',(0.00340035431398692,-0.0125560488966404,0.00643705915464422));
#2592=CARTESIAN_POINT('',(0.00316316043170826,-0.0126730926639049,0.00584042772662261));
#2593=CARTESIAN_POINT('',(0.00316303305054155,-0.0126731595575083,0.00553909334010209));
#2594=CARTESIAN_POINT('',(0.00316303305054154,-0.0126731595575083,0.00553909334010209));
#2595=CARTESIAN_POINT('',(0.00316303305054154,-0.0126731595575083,0.00597899448539448));
#2596=CARTESIAN_POINT('',(0.00316303305054154,-0.0126731595575083,0.001425));
#2597=CARTESIAN_POINT('',(0.00316303305054155,-0.0126731595575083,0.001425));
#2598=CARTESIAN_POINT('',(0.00316317366865273,-0.0126730857125875,0.00112623319591833));
#2599=CARTESIAN_POINT('',(0.00340030269318845,-0.0125562315828437,0.000526274870885572));
#2600=CARTESIAN_POINT('',(0.00392258067857529,-0.0122174568890739,0.000285000000000001));
#2601=CARTESIAN_POINT('',(0.00417233798563534,-0.0120235300072577,0.000285000000000001));
#2602=CARTESIAN_POINT('',(0.00417233798563536,-0.0120235300072578,0.000285));
#2603=CARTESIAN_POINT('',(-1.51930273028203E-20,-0.00665000009909272,0.000285));
#2604=CARTESIAN_POINT('',(-1.51930273028203E-20,-0.00665000009909272,0.000285));
#2605=CARTESIAN_POINT('',(0.00417233798563538,-0.0120235300072577,0.000285));
#2606=CARTESIAN_POINT('',(0.00417233798563538,-0.0120235300072577,0.000135774348954478));
#2607=CARTESIAN_POINT('',(0.00408906859422319,-0.0119162878407006,-1.01963657893785E-17));
#2608=CARTESIAN_POINT('',(0.00399754961997415,-0.0117984210842238,0.));
#2609=CARTESIAN_POINT('',(0.00417233798563536,-0.0120235300072578,0.000285));
#2610=CARTESIAN_POINT('',(0.00396021294751707,-0.0121882368888367,0.000285));
#2611=CARTESIAN_POINT('',(0.00343570550009583,-0.0125385014650565,0.000488004702472502));
#2612=CARTESIAN_POINT('',(0.00316303305054154,-0.0126731595575083,0.00108191857823937));
#2613=CARTESIAN_POINT('',(0.00316303305054154,-0.0126731595575083,0.001425));
#2614=CARTESIAN_POINT('',(0.00417233798563536,-0.0120235300072578,0.000210387174477242));
#2615=CARTESIAN_POINT('',(0.00394755045231033,-0.0121981632340757,0.000208077529972707));
#2616=CARTESIAN_POINT('',(0.00338576151749638,-0.0125699902162031,0.00042311157466695));
#2617=CARTESIAN_POINT('',(0.00309513561288356,-0.0127088155684179,0.00105876864450429));
#2618=CARTESIAN_POINT('',(0.00309513561288356,-0.0127088155684179,0.001425));
#2619=CARTESIAN_POINT('',(0.00413448330076601,-0.0119747771780263,6.17237031020557E-5));
#2620=CARTESIAN_POINT('',(0.00388398566252376,-0.0121641973384566,5.50025472753646E-5));
#2621=CARTESIAN_POINT('',(0.00325159264227317,-0.0125718960214401,0.000294230638872636));
#2622=CARTESIAN_POINT('',(0.00292951042221938,-0.0127219209130857,0.00101292396823429));
#2623=CARTESIAN_POINT('',(0.00292951042221938,-0.0127219209130857,0.001425));
#2624=CARTESIAN_POINT('',(0.00404330910709867,-0.0118573544624622,-8.35467294494366E-19));
#2625=CARTESIAN_POINT('',(0.00378223920486293,-0.012045578532074,-3.67389457282041E-6));
#2626=CARTESIAN_POINT('',(0.00313452836774112,-0.0124532247598439,0.000248101835363336));
#2627=CARTESIAN_POINT('',(0.00280530413887458,-0.0126115748528068,0.000994934336166486));
#2628=CARTESIAN_POINT('',(0.00280530413887458,-0.0126115748528068,0.001425));
#2629=CARTESIAN_POINT('',(0.00399754961997415,-0.0117984210842238,-9.22872889219661E-19));
#2630=CARTESIAN_POINT('',(0.00373751343923415,-0.0119829549205173,-7.7548340032119E-19));
#2631=CARTESIAN_POINT('',(0.00309979877743404,-0.0123821570169409,0.00025375587809063));
#2632=CARTESIAN_POINT('',(0.00277265096662287,-0.0125421833295752,0.000996148222799203));
#2633=CARTESIAN_POINT('',(0.00277265096662287,-0.0125421833295752,0.001425));
#2634=CARTESIAN_POINT('',(0.00277265096662286,-0.0125421833295752,0.001425));
#2635=CARTESIAN_POINT('',(0.00283795731112627,-0.0126809663760384,0.001425));
#2636=CARTESIAN_POINT('',(0.00302723817522558,-0.0127444715793275,0.001425));
#2637=CARTESIAN_POINT('',(0.00316303305054156,-0.0126731595575083,0.001425));
#2638=CARTESIAN_POINT('',(0.00303052667657568,-0.0124208362314792,0.00597899448539448));
#2639=CARTESIAN_POINT('',(0.00316303305054156,-0.0126731595575083,0.00553909334010209));
#2640=CARTESIAN_POINT('',(0.00302723817522558,-0.0127444715793275,0.00553909334010209));
#2641=CARTESIAN_POINT('',(0.00283795731112627,-0.0126809663760384,0.00553909334010209));
#2642=CARTESIAN_POINT('',(0.00277265096662286,-0.0125421833295752,0.00553909334010209));
#2643=CARTESIAN_POINT('',(0.00316303305054154,-0.0126731595575083,0.00553909334010209));
#2644=CARTESIAN_POINT('',(0.00316303305054154,-0.0126731595575083,0.00579640352851386));
#2645=CARTESIAN_POINT('',(0.00330437841099596,-0.0126022794373774,0.00622382262152422));
#2646=CARTESIAN_POINT('',(0.0037390322348891,-0.0123411586416607,0.00660371362116495));
#2647=CARTESIAN_POINT('',(0.00403092177605011,-0.0121333342203394,0.00667909334010209));
#2648=CARTESIAN_POINT('',(0.00417233798563536,-0.0120235300072578,0.00667909334010209));
#2649=CARTESIAN_POINT('',(0.00309513561288356,-0.0127088155684179,0.00553909334010209));
#2650=CARTESIAN_POINT('',(0.00309513561288356,-0.0127088155684179,0.00581376591957696));
#2651=CARTESIAN_POINT('',(0.0032453639360666,-0.0126358479030447,0.00627039845418819));
#2652=CARTESIAN_POINT('',(0.00371093004760013,-0.0123607567480294,0.00667700370959374));
#2653=CARTESIAN_POINT('',(0.00402248014138069,-0.0121399517612539,0.00675524592337442));
#2654=CARTESIAN_POINT('',(0.00417233798563536,-0.0120235300072578,0.00675370616562485));
#2655=CARTESIAN_POINT('',(0.00292952161295396,-0.0127218875584659,0.00553909334010209));
#2656=CARTESIAN_POINT('',(0.00292952161295396,-0.0127218875584659,0.00584814930946784));
#2657=CARTESIAN_POINT('',(0.0030957256495676,-0.0126430726355044,0.00636310971854564));
#2658=CARTESIAN_POINT('',(0.00361755497211575,-0.0123425294517022,0.00682253879575206));
#2659=CARTESIAN_POINT('',(0.00396747169227644,-0.012101039142018,0.00690682796777706));
#2660=CARTESIAN_POINT('',(0.00413446954799646,-0.0119747594659141,0.00690234721251368));
#2661=CARTESIAN_POINT('',(0.00280530413887458,-0.0126115748528068,0.00553909334010209));
#2662=CARTESIAN_POINT('',(0.00280530413887458,-0.0126115748528068,0.00586164148748513));
#2663=CARTESIAN_POINT('',(0.0029753908279805,-0.0125286176500949,0.0063977411922426));
#2664=CARTESIAN_POINT('',(0.0035089385079126,-0.0122230828890201,0.00687563567991822));
#2665=CARTESIAN_POINT('',(0.00386926309943034,-0.0119828367474077,0.0069665425947941));
#2666=CARTESIAN_POINT('',(0.00404330910709867,-0.0118573544624622,0.00696409334010209));
#2667=CARTESIAN_POINT('',(0.00277265096662287,-0.0125421833295752,0.00553909334010209));
#2668=CARTESIAN_POINT('',(0.00277265096662287,-0.0125421833295752,0.0058607310756168));
#2669=CARTESIAN_POINT('',(0.0029423341643141,-0.0124581514222766,0.00639500494187975));
#2670=CARTESIAN_POINT('',(0.00346811261968085,-0.0121565212346603,0.00686986869143066));
#2671=CARTESIAN_POINT('',(0.00382419275761838,-0.0119214432220174,0.00696409334010209));
#2672=CARTESIAN_POINT('',(0.00399754961997415,-0.0117984210842238,0.00696409334010209));
#2673=CARTESIAN_POINT('',(0.00399754961997416,-0.0117984210842238,0.00696409334010209));
#2674=CARTESIAN_POINT('',(0.0040890685942232,-0.0119162878407006,0.0069640933401021));
#2675=CARTESIAN_POINT('',(0.00417233798563539,-0.0120235300072577,0.00682831899114761));
#2676=CARTESIAN_POINT('',(0.00417233798563539,-0.0120235300072577,0.00667909334010209));
#2677=CARTESIAN_POINT('',(-1.51930273028203E-20,-0.00665000009909272,0.00667909334010209));
#2678=CARTESIAN_POINT('',(0.00668465220103975,-0.0079143785596233,0.00667909334010208));
#2679=CARTESIAN_POINT('',(0.00668411681289753,-0.00791720910730746,0.00672765980946977));
#2680=CARTESIAN_POINT('',(0.00665589582506873,-0.00791693671671652,0.00681337716970807));
#2681=CARTESIAN_POINT('',(0.00659651646302714,-0.00791110624228752,0.00690038956011287));
#2682=CARTESIAN_POINT('',(0.00647395836172504,-0.00789165029946493,0.00696251445148354));
#2683=CARTESIAN_POINT('',(0.00640771403066133,-0.00787921414516191,0.00696402207082706));
#2684=CARTESIAN_POINT('',(0.000506704983320106,-0.000227224535148067,0.011957988970789));
#2685=CARTESIAN_POINT('',(0.000919217917467734,-0.000263103467630896,0.0119481071143187));
#2686=CARTESIAN_POINT('',(0.00173564727774284,-0.000420282025666588,0.0119062053050227));
#2687=CARTESIAN_POINT('',(0.00270801554801809,-0.000842263404744029,0.0117236391326886));
#2688=CARTESIAN_POINT('',(0.0033903860645279,-0.00126462688931804,0.0114062591266289));
#2689=CARTESIAN_POINT('',(0.00399539983945577,-0.00171242451760521,0.0109400963870511));
#2690=CARTESIAN_POINT('',(0.00454229162447955,-0.00220237592887113,0.0101571491140006));
#2691=CARTESIAN_POINT('',(0.00508359351208696,-0.00277120049154515,0.00924175519963219));
#2692=CARTESIAN_POINT('',(0.00562970190855405,-0.00349756483423008,0.00846507984185953));
#2693=CARTESIAN_POINT('',(0.00610952818936266,-0.00441425262399897,0.00786290157521902));
#2694=CARTESIAN_POINT('',(0.00643582991838233,-0.00549280546700421,0.00743250804815767));
#2695=CARTESIAN_POINT('',(0.00655685717395053,-0.00667646832028857,0.00713628608531433));
#2696=CARTESIAN_POINT('',(0.00648301433002441,-0.0074805904542164,0.00701236367093357));
#2697=CARTESIAN_POINT('',(0.00640676278402297,-0.00788424933366336,0.00696340977416934));
#2698=CARTESIAN_POINT('',(0.0064056939063072,-0.00788999511886135,0.00696271422855202));
#2699=CARTESIAN_POINT('',(0.00640461749693477,-0.00789568599584571,0.00696202482171044));
#2700=CARTESIAN_POINT('',(0.000510728245873614,-0.000179264613550303,0.0119711982005167));
#2701=CARTESIAN_POINT('',(0.000926558736796222,-0.000215263549672278,0.0119619828529443));
#2702=CARTESIAN_POINT('',(0.00174972814143217,-0.000372829315193422,0.0119229169744075));
#2703=CARTESIAN_POINT('',(0.00273352194980528,-0.000798733318117019,0.0117490197825134));
#2704=CARTESIAN_POINT('',(0.00342777543109207,-0.00123012556007061,0.0114376976444773));
#2705=CARTESIAN_POINT('',(0.00404492816714359,-0.00169053119050867,0.0109715176889519));
#2706=CARTESIAN_POINT('',(0.0045971402200684,-0.0021893186525102,0.0101806945335879));
#2707=CARTESIAN_POINT('',(0.00513456156561741,-0.00275587680415039,0.00926219496703628));
#2708=CARTESIAN_POINT('',(0.00567653588000564,-0.0034805695976165,0.00847879648685085));
#2709=CARTESIAN_POINT('',(0.00615383123283821,-0.00440009867294913,0.00786945158584348));
#2710=CARTESIAN_POINT('',(0.00647929735572264,-0.00548507307075168,0.0074345596100405));
#2711=CARTESIAN_POINT('',(0.00659959748686319,-0.00667624206525868,0.00713608931720898));
#2712=CARTESIAN_POINT('',(0.00652493370776039,-0.00748559769450726,0.00701160153825413));
#2713=CARTESIAN_POINT('',(0.00644809023785914,-0.00789187861711099,0.00696248710450444));
#2714=CARTESIAN_POINT('',(0.00644701082242408,-0.00789765955682718,0.00696178574977485));
#2715=CARTESIAN_POINT('',(0.00644592475820897,-0.00790338611599815,0.00696109201020727));
#2716=CARTESIAN_POINT('',(0.000518751584090622,-7.64913543107299E-5,0.0119716536666514));
#2717=CARTESIAN_POINT('',(0.0009412013490693,-0.000112284439779399,0.0119635118015876));
#2718=CARTESIAN_POINT('',(0.00177778840052413,-0.000268865792373991,0.0119289716622228));
#2719=CARTESIAN_POINT('',(0.00278430265129468,-0.000695430640840415,0.011770138090253));
#2720=CARTESIAN_POINT('',(0.00350219509265024,-0.00113592743255992,0.0114716233045771));
#2721=CARTESIAN_POINT('',(0.00414349088057273,-0.00161315855383277,0.0110093560828743));
#2722=CARTESIAN_POINT('',(0.00470629752415186,-0.002127883913074,0.0102079762782236));
#2723=CARTESIAN_POINT('',(0.00523607273782535,-0.0026972769184426,0.00928147094405038));
#2724=CARTESIAN_POINT('',(0.00576990083366057,-0.00342854420219489,0.00848373455732846));
#2725=CARTESIAN_POINT('',(0.00624222487830339,-0.00436152211932131,0.00786123897656248));
#2726=CARTESIAN_POINT('',(0.00656605727005188,-0.0054635634200237,0.00741879629595561));
#2727=CARTESIAN_POINT('',(0.00668493149427518,-0.00667212187620086,0.00711664999096194));
#2728=CARTESIAN_POINT('',(0.00660863609380231,-0.00749292588282547,0.00699122515063258));
#2729=CARTESIAN_POINT('',(0.00653061218001298,-0.00790483806278436,0.00694183770940887));
#2730=CARTESIAN_POINT('',(0.00652951174374945,-0.00791068591189503,0.00694112873739108));
#2731=CARTESIAN_POINT('',(0.00652840642133466,-0.0079164840596744,0.00694042895876621));
#2732=CARTESIAN_POINT('',(0.000529068482670526,8.05218244440017E-5,0.0118819741446582));
#2733=CARTESIAN_POINT('',(0.000959955673348067,4.59306472459568E-5,0.0118743238676756));
#2734=CARTESIAN_POINT('',(0.00181359468195321,-0.000105511381041716,0.011841757647162));
#2735=CARTESIAN_POINT('',(0.00284482889049953,-0.000515871667134535,0.0116926823603218));
#2736=CARTESIAN_POINT('',(0.00358455982780112,-0.000943109954327498,0.0114088706897714));
#2737=CARTESIAN_POINT('',(0.0042468655319789,-0.00141410611366073,0.0109624461889585));
#2738=CARTESIAN_POINT('',(0.0048221639747807,-0.00193817815035057,0.0101684901007558));
#2739=CARTESIAN_POINT('',(0.00535342890532541,-0.00253167108369682,0.00922912375047748));
#2740=CARTESIAN_POINT('',(0.00588749599721259,-0.00329932042308239,0.00841233149534359));
#2741=CARTESIAN_POINT('',(0.00636088415013377,-0.00427333920640805,0.00777629360680908));
#2742=CARTESIAN_POINT('',(0.00668645979038689,-0.00541218961860319,0.00732778985674306));
#2743=CARTESIAN_POINT('',(0.00680532605131125,-0.00665339341956498,0.00702291402703121));
#2744=CARTESIAN_POINT('',(0.00672715705417406,-0.00749400191283378,0.0068967257398085));
#2745=CARTESIAN_POINT('',(0.00664759331335412,-0.00791529033089478,0.00684708577217406));
#2746=CARTESIAN_POINT('',(0.00664646809485612,-0.00792122199928411,0.00684637851198854));
#2747=CARTESIAN_POINT('',(0.00664533918343344,-0.00792712315153043,0.00684567829174659));
#2748=CARTESIAN_POINT('',(0.000530457715278629,0.000132465906759967,0.0117580652054746));
#2749=CARTESIAN_POINT('',(0.00096243641483821,9.86963680690341E-5,0.0117496755497465));
#2750=CARTESIAN_POINT('',(0.00181757661929921,-4.95286602320388E-5,0.011713790132849));
#2751=CARTESIAN_POINT('',(0.0028432289369558,-0.000444588670587644,0.0115573507137684));
#2752=CARTESIAN_POINT('',(0.00357066654135541,-0.00084790405515399,0.0112749527783646));
#2753=CARTESIAN_POINT('',(0.00421839227820222,-0.00129012955706528,0.0108438013098301));
#2754=CARTESIAN_POINT('',(0.00479307725587006,-0.00179875461435748,0.0100753324156459));
#2755=CARTESIAN_POINT('',(0.00534420910446649,-0.00240931013944979,0.00913062786374373));
#2756=CARTESIAN_POINT('',(0.00589833470453986,-0.00320613663111472,0.0083077285772661));
#2757=CARTESIAN_POINT('',(0.00638668837795602,-0.00421057855430847,0.00767024608079444));
#2758=CARTESIAN_POINT('',(0.00672036802426097,-0.0053729762249459,0.00722287446243696));
#2759=CARTESIAN_POINT('',(0.00684318037461931,-0.00663291401868337,0.00691881142565518));
#2760=CARTESIAN_POINT('',(0.00676532679962426,-0.00748390457721486,0.00679273470530201));
#2761=CARTESIAN_POINT('',(0.00668552133251808,-0.00790981582281714,0.00674308447884382));
#2762=CARTESIAN_POINT('',(0.00668439710195863,-0.00791576334832476,0.00674238870856697));
#2763=CARTESIAN_POINT('',(0.00668326730958941,-0.00792170035287646,0.00674169517727889));
#2764=CARTESIAN_POINT('',(0.000528860089404189,0.000132590478714163,0.0116832201179023));
#2765=CARTESIAN_POINT('',(0.000959409688115908,9.90191615816406E-5,0.0116743611772794));
#2766=CARTESIAN_POINT('',(0.00181153650486468,-4.83879066434119E-5,0.011636475390881));
#2767=CARTESIAN_POINT('',(0.00282642048524719,-0.00043779824977408,0.0114753303478025));
#2768=CARTESIAN_POINT('',(0.00353862688590969,-0.000829204411962813,0.0111934163086878));
#2769=CARTESIAN_POINT('',(0.00417009420837921,-0.00125436207751497,0.0107713353249717));
#2770=CARTESIAN_POINT('',(0.00474089822223945,-0.00174853767240411,0.0100186208766637));
#2771=CARTESIAN_POINT('',(0.00530586792669932,-0.002360884497974,0.00907085594653388));
#2772=CARTESIAN_POINT('',(0.00587585429921839,-0.00316646251574471,0.00824453147734078));
#2773=CARTESIAN_POINT('',(0.0063766604450435,-0.00418231132588605,0.00760631914293371));
#2774=CARTESIAN_POINT('',(0.0067172293505462,-0.00535368368756945,0.00715971851347799));
#2775=CARTESIAN_POINT('',(0.00684354838688317,-0.00662058355873601,0.00685614559973456));
#2776=CARTESIAN_POINT('',(0.00676647684757301,-0.00747517027338484,0.00673012805354467));
#2777=CARTESIAN_POINT('',(0.00668689128839554,-0.00790250062290683,0.00668047143370547));
#2778=CARTESIAN_POINT('',(0.00668577567520257,-0.00790843885543684,0.00667978274694367));
#2779=CARTESIAN_POINT('',(0.00668465220103976,-0.00791437855962333,0.00667909334010208));
#2780=CARTESIAN_POINT('',(0.000528822811467119,0.000132593385393094,0.0116814737325257));
#2781=CARTESIAN_POINT('',(0.000959339064492386,9.9026693430268E-5,0.0116726038419218));
#2782=CARTESIAN_POINT('',(0.00181139556886121,-4.83612890596773E-5,0.0116346713802351));
#2783=CARTESIAN_POINT('',(0.00282602828804066,-0.000437639806621763,0.0114734165392633));
#2784=CARTESIAN_POINT('',(0.00353787929394928,-0.000828768086955019,0.0111915137910621));
#2785=CARTESIAN_POINT('',(0.00416896725341668,-0.00125352750299212,0.0107696444519916));
#2786=CARTESIAN_POINT('',(0.00473968071145473,-0.00174736594375853,0.0100172976074208));
#2787=CARTESIAN_POINT('',(0.00530497329921808,-0.00235975456633956,0.00906946126846565));
#2788=CARTESIAN_POINT('',(0.00587532975642756,-0.00316553678638608,0.00824305687834253));
#2789=CARTESIAN_POINT('',(0.00637642645994221,-0.00418165175722287,0.00760482751438362));
#2790=CARTESIAN_POINT('',(0.00671715611482619,-0.005353233528364,0.00715824487466895));
#2791=CARTESIAN_POINT('',(0.006843556973836,-0.0066202958480039,0.00685468339712974));
#2792=CARTESIAN_POINT('',(0.00676650368202515,-0.00747496647296214,0.00672866723167033));
#2793=CARTESIAN_POINT('',(0.00668692325403269,-0.00790232993490893,0.00667901046265224));
#2794=CARTESIAN_POINT('',(0.00668580784191159,-0.00790826795060279,0.00667832194117246));
#2795=CARTESIAN_POINT('',(0.0066846845151736,-0.00791420771778075,0.00667763263056796));
#2796=CARTESIAN_POINT('',(0.000528785533530049,0.000132596292072025,0.011679727347149));
#2797=CARTESIAN_POINT('',(0.000959268440868867,9.90342252788955E-5,0.0116708465065643));
#2798=CARTESIAN_POINT('',(0.00181125463285773,-4.83346714759426E-5,0.0116328673695892));
#2799=CARTESIAN_POINT('',(0.00282563609083412,-0.000437481363469446,0.0114715027307241));
#2800=CARTESIAN_POINT('',(0.00353713170198889,-0.000828331761947225,0.0111896112734363));
#2801=CARTESIAN_POINT('',(0.00416784029845414,-0.00125269292846928,0.0107679535790116));
#2802=CARTESIAN_POINT('',(0.00473846320067002,-0.00174619421511296,0.0100159743381779));
#2803=CARTESIAN_POINT('',(0.00530407867173685,-0.00235862463470512,0.00906806659039741));
#2804=CARTESIAN_POINT('',(0.00587480521363673,-0.00316461105702745,0.00824158227934427));
#2805=CARTESIAN_POINT('',(0.00637619247484091,-0.00418099218855967,0.00760333588583354));
#2806=CARTESIAN_POINT('',(0.00671708287910618,-0.00535278336915855,0.0071567712358599));
#2807=CARTESIAN_POINT('',(0.00684356556078882,-0.0066200081372718,0.00685322119452493));
#2808=CARTESIAN_POINT('',(0.00676653051647729,-0.00747476267253945,0.00672720640979599));
#2809=CARTESIAN_POINT('',(0.00668695521966982,-0.00790215924691102,0.00667754949159902));
#2810=CARTESIAN_POINT('',(0.00668584000862062,-0.00790809704576873,0.00667686113540124));
#2811=CARTESIAN_POINT('',(0.00668471682930744,-0.00791403687593818,0.00667617192103383));
#2812=CARTESIAN_POINT('',(0.000528748255592979,0.000132599198750957,0.0116779809617723));
#2813=CARTESIAN_POINT('',(0.000959197817245348,9.90417571275231E-5,0.0116690891712067));
#2814=CARTESIAN_POINT('',(0.00181111369685426,-4.8308053892208E-5,0.0116310633589433));
#2815=CARTESIAN_POINT('',(0.00282524389362759,-0.00043732292031713,0.0114695889221849));
#2816=CARTESIAN_POINT('',(0.00353638411002848,-0.00082789543693943,0.0111877087558105));
#2817=CARTESIAN_POINT('',(0.00416671334349161,-0.00125185835394644,0.0107662627060316));
#2818=CARTESIAN_POINT('',(0.0047372456898853,-0.00174502248646738,0.010014651068935));
#2819=CARTESIAN_POINT('',(0.00530318404425562,-0.00235749470307069,0.00906667191232919));
#2820=CARTESIAN_POINT('',(0.00587428067084589,-0.00316368532766881,0.00824010768034601));
#2821=CARTESIAN_POINT('',(0.00637595848973963,-0.00418033261989648,0.00760184425728346));
#2822=CARTESIAN_POINT('',(0.00671700964338617,-0.0053523332099531,0.00715529759705086));
#2823=CARTESIAN_POINT('',(0.00684357414774165,-0.00661972042653969,0.00685175899192012));
#2824=CARTESIAN_POINT('',(0.00676655735092942,-0.00747455887211674,0.00672574558792166));
#2825=CARTESIAN_POINT('',(0.00668698718530696,-0.0079019885589131,0.00667608852054578));
#2826=CARTESIAN_POINT('',(0.00668587217532964,-0.00790792614093469,0.00667540032963004));
#2827=CARTESIAN_POINT('',(0.00668474914344128,-0.0079138660340956,0.00667471121149971));
#2828=MECHANICAL_DESIGN_GEOMETRIC_PRESENTATION_REPRESENTATION('',(#903),
#2829);
#2829=(
GEOMETRIC_REPRESENTATION_CONTEXT(3)
GLOBAL_UNCERTAINTY_ASSIGNED_CONTEXT((#2830))
GLOBAL_UNIT_ASSIGNED_CONTEXT((#2833,#2832,#2831))
REPRESENTATION_CONTEXT('spine','TOP_LEVEL_ASSEMBLY_PART')
);
#2830=UNCERTAINTY_MEASURE_WITH_UNIT(LENGTH_MEASURE(5.77632261258172E-5),
#2833,'DISTANCE_ACCURACY_VALUE','Maximum Tolerance applied to model');
#2831=(
NAMED_UNIT(*)
SI_UNIT($,.STERADIAN.)
SOLID_ANGLE_UNIT()
);
#2832=(
NAMED_UNIT(*)
PLANE_ANGLE_UNIT()
SI_UNIT($,.RADIAN.)
);
#2833=(
LENGTH_UNIT()
NAMED_UNIT(*)
SI_UNIT($,.METRE.)
);
#2834=PRODUCT_DEFINITION_SHAPE('','',#2835);
#2835=PRODUCT_DEFINITION('','',#2837,#2836);
#2836=PRODUCT_DEFINITION_CONTEXT('',#2843,'design');
#2837=PRODUCT_DEFINITION_FORMATION_WITH_SPECIFIED_SOURCE('','',#2839,
 .NOT_KNOWN.);
#2838=PRODUCT_RELATED_PRODUCT_CATEGORY('','',(#2839));
#2839=PRODUCT('spine','spine','spine',(#2841));
#2840=PRODUCT_CATEGORY('','');
#2841=PRODUCT_CONTEXT('',#2843,'mechanical');
#2842=APPLICATION_PROTOCOL_DEFINITION('international standard',
'ap242_managed_model_based_3d_engineering',2020,#2843);
#2843=APPLICATION_CONTEXT('managed model based 3d engineering');
ENDSEC;
END-ISO-10303-21;
