ISO-10303-21;
HEADER;
/* Generated by software containing ST-Developer
 * from STEP Tools, Inc. (www.steptools.com) 
 */
/* OPTION: using custom renumber hook */

FILE_DESCRIPTION(
/* description */ ('STEP AP242 Edition 2',
'CAx-IF Rec.Pracs.---Representation and Presentation of Product Manufa
cturing Information (PMI)---4.0---2014-10-13',
'CAx-IF Rec.Pracs.---3D Tessellated Geometry---0.4---2014-09-14','2;1',
'CAx-IF Rec.Pracs.---User Defined Attributes---1.5---2016-08-15'),
/* implementation_level */ '2;1');

FILE_NAME(
/* name */ 'mounting - spine',
/* time_stamp */ '2026-10-07T20:30:43Z',
/* author */ (''),
/* organization */ (''),
/* preprocessor_version */ 'ST-DEVELOPER v20',
/* originating_system */ 'ONSHAPE BY PTC INC, 1.221',
/* authorisation */ '  ');

FILE_SCHEMA (('AP242_MANAGED_MODEL_BASED_3D_ENGINEERING_MIM_LF { 1 0 10303 442 3 1 4 }'));
ENDSEC;

DATA;
#10=SHAPE_REPRESENTATION_RELATIONSHIP('','',#1284,#11);
#11=ADVANCED_BREP_SHAPE_REPRESENTATION('',(#1282),#3442);
#12=TOROIDAL_SURFACE('',#1335,0.0065181777825013,0.000285);
#13=TOROIDAL_SURFACE('',#1337,0.0065181777825013,0.000285);
#14=TOROIDAL_SURFACE('',#1357,0.00579500008847565,0.000285);
#15=TOROIDAL_SURFACE('',#1359,0.00579500008847565,0.000285);
#16=TOROIDAL_SURFACE('',#1360,0.00579500008847565,0.000285);
#17=TOROIDAL_SURFACE('',#1362,0.00579500008847565,0.000285);
#18=TOROIDAL_SURFACE('',#1366,0.0065181777825013,0.000285);
#19=TOROIDAL_SURFACE('',#1368,0.0065181777825013,0.000285);
#20=CONICAL_SURFACE('',#1323,0.00230607619036754,0.785398163397449);
#21=B_SPLINE_SURFACE_WITH_KNOTS('',3,3,((#1846,#1847,#1848,#1849,#1850,
#1851),(#1852,#1853,#1854,#1855,#1856,#1857),(#1858,#1859,#1860,#1861,#1862,
#1863),(#1864,#1865,#1866,#1867,#1868,#1869),(#1870,#1871,#1872,#1873,#1874,
#1875),(#1876,#1877,#1878,#1879,#1880,#1881),(#1882,#1883,#1884,#1885,#1886,
#1887)),.UNSPECIFIED.,.F.,.F.,.F.,(4,3,4),(4,1,1,4),(0.,1.,1.0067238942288),
(3.14359658268617,3.49097467480335,3.85893849173824,4.22690230867312),
 .UNSPECIFIED.);
#22=B_SPLINE_SURFACE_WITH_KNOTS('',3,3,((#2054,#2055,#2056,#2057,#2058,
#2059),(#2060,#2061,#2062,#2063,#2064,#2065),(#2066,#2067,#2068,#2069,#2070,
#2071),(#2072,#2073,#2074,#2075,#2076,#2077),(#2078,#2079,#2080,#2081,#2082,
#2083),(#2084,#2085,#2086,#2087,#2088,#2089),(#2090,#2091,#2092,#2093,#2094,
#2095)),.UNSPECIFIED.,.F.,.F.,.F.,(4,3,4),(4,1,1,4),(0.,1.,1.00668122314217),
(1.65115559012893,2.01911940706381,2.3870832239987,2.73452711632486),
 .UNSPECIFIED.);
#23=B_SPLINE_SURFACE_WITH_KNOTS('',3,3,((#2276,#2277,#2278,#2279,#2280),
(#2281,#2282,#2283,#2284,#2285),(#2286,#2287,#2288,#2289,#2290),(#2291,
#2292,#2293,#2294,#2295),(#2296,#2297,#2298,#2299,#2300)),.UNSPECIFIED.,
 .F.,.F.,.F.,(4,1,4),(4,1,4),(0.,0.5,1.),(1.84961419132971E-16,0.108341498665602,
0.189597622664803),.UNSPECIFIED.);
#24=B_SPLINE_SURFACE_WITH_KNOTS('',3,3,((#2322,#2323,#2324,#2325,#2326),
(#2327,#2328,#2329,#2330,#2331),(#2332,#2333,#2334,#2335,#2336),(#2337,
#2338,#2339,#2340,#2341),(#2342,#2343,#2344,#2345,#2346)),.UNSPECIFIED.,
 .F.,.F.,.F.,(4,1,4),(4,1,4),(0.,0.5,1.),(5.13736986451435E-18,0.0812558576361207,
0.189597001150948),.UNSPECIFIED.);
#25=B_SPLINE_SURFACE_WITH_KNOTS('',3,3,((#2372,#2373,#2374,#2375,#2376,
#2377,#2378,#2379,#2380,#2381,#2382,#2383,#2384,#2385,#2386,#2387,#2388),
(#2389,#2390,#2391,#2392,#2393,#2394,#2395,#2396,#2397,#2398,#2399,#2400,
#2401,#2402,#2403,#2404,#2405),(#2406,#2407,#2408,#2409,#2410,#2411,#2412,
#2413,#2414,#2415,#2416,#2417,#2418,#2419,#2420,#2421,#2422),(#2423,#2424,
#2425,#2426,#2427,#2428,#2429,#2430,#2431,#2432,#2433,#2434,#2435,#2436,
#2437,#2438,#2439),(#2440,#2441,#2442,#2443,#2444,#2445,#2446,#2447,#2448,
#2449,#2450,#2451,#2452,#2453,#2454,#2455,#2456),(#2457,#2458,#2459,#2460,
#2461,#2462,#2463,#2464,#2465,#2466,#2467,#2468,#2469,#2470,#2471,#2472,
#2473),(#2474,#2475,#2476,#2477,#2478,#2479,#2480,#2481,#2482,#2483,#2484,
#2485,#2486,#2487,#2488,#2489,#2490),(#2491,#2492,#2493,#2494,#2495,#2496,
#2497,#2498,#2499,#2500,#2501,#2502,#2503,#2504,#2505,#2506,#2507),(#2508,
#2509,#2510,#2511,#2512,#2513,#2514,#2515,#2516,#2517,#2518,#2519,#2520,
#2521,#2522,#2523,#2524)),.UNSPECIFIED.,.F.,.F.,.F.,(4,1,1,3,4),(4,2,1,
1,1,1,1,1,1,1,1,1,1,4),(0.,0.285714285714286,0.571428571428571,1.,1.01),
(-0.0018417035649794,0.,0.0655616944560707,0.131123388912141,0.262246777824283,
0.393370166736424,0.524493555648566,0.655616944560707,0.786740333472848,
0.91786372238499,0.983425416841061,1.04898711129713,1.18011050020927,1.31123388912141),
 .UNSPECIFIED.);
#26=B_SPLINE_SURFACE_WITH_KNOTS('',3,1,((#2631,#2632),(#2633,#2634),(#2635,
#2636),(#2637,#2638),(#2639,#2640),(#2641,#2642),(#2643,#2644),(#2645,#2646),
(#2647,#2648),(#2649,#2650)),.SURF_OF_LINEAR_EXTRUSION.,.F.,.F.,.F.,(4,
1,1,1,1,1,1,4),(2,2),(-0.893289345562795,-0.781996815415358,-0.670704285267922,
-0.559411755120486,-0.44811922497305,-0.336826694825614,-0.225534164678177,
-0.00294910438330486),(0.,1.),.UNSPECIFIED.);
#27=B_SPLINE_SURFACE_WITH_KNOTS('',3,3,((#2814,#2815,#2816,#2817,#2818,
#2819),(#2820,#2821,#2822,#2823,#2824,#2825),(#2826,#2827,#2828,#2829,#2830,
#2831),(#2832,#2833,#2834,#2835,#2836,#2837),(#2838,#2839,#2840,#2841,#2842,
#2843)),.UNSPECIFIED.,.F.,.F.,.F.,(4,1,4),(4,1,1,4),(0.,0.5,1.),(0.,0.081386029143894,
0.13564338190649,0.189900734669086),.UNSPECIFIED.);
#28=B_SPLINE_SURFACE_WITH_KNOTS('',3,3,((#2853,#2854,#2855,#2856,#2857),
(#2858,#2859,#2860,#2861,#2862),(#2863,#2864,#2865,#2866,#2867),(#2868,
#2869,#2870,#2871,#2872),(#2873,#2874,#2875,#2876,#2877)),.UNSPECIFIED.,
 .F.,.F.,.F.,(4,1,4),(4,1,4),(0.,0.5,1.),(0.,0.0813857135356095,0.189899998249755),
 .UNSPECIFIED.);
#29=B_SPLINE_SURFACE_WITH_KNOTS('',3,3,((#2896,#2897,#2898,#2899,#2900,
#2901),(#2902,#2903,#2904,#2905,#2906,#2907),(#2908,#2909,#2910,#2911,#2912,
#2913),(#2914,#2915,#2916,#2917,#2918,#2919),(#2920,#2921,#2922,#2923,#2924,
#2925)),.UNSPECIFIED.,.F.,.F.,.F.,(4,1,4),(4,1,1,4),(0.,0.5,1.),(0.,0.0813860283344386,
0.135643380557398,0.189900732780357),.UNSPECIFIED.);
#30=B_SPLINE_SURFACE_WITH_KNOTS('',3,3,((#2935,#2936,#2937,#2938,#2939),
(#2940,#2941,#2942,#2943,#2944),(#2945,#2946,#2947,#2948,#2949),(#2950,
#2951,#2952,#2953,#2954),(#2955,#2956,#2957,#2958,#2959)),.UNSPECIFIED.,
 .F.,.F.,.F.,(4,1,4),(4,1,4),(0.,0.5,1.),(0.,0.0813857148419132,0.189900001297797),
 .UNSPECIFIED.);
#31=B_SPLINE_SURFACE_WITH_KNOTS('',3,3,((#2965,#2966,#2967,#2968,#2969,
#2970,#2971,#2972,#2973,#2974,#2975,#2976,#2977,#2978,#2979,#2980,#2981,
#2982,#2983,#2984,#2985,#2986,#2987,#2988,#2989,#2990,#2991),(#2992,#2993,
#2994,#2995,#2996,#2997,#2998,#2999,#3000,#3001,#3002,#3003,#3004,#3005,
#3006,#3007,#3008,#3009,#3010,#3011,#3012,#3013,#3014,#3015,#3016,#3017,
#3018),(#3019,#3020,#3021,#3022,#3023,#3024,#3025,#3026,#3027,#3028,#3029,
#3030,#3031,#3032,#3033,#3034,#3035,#3036,#3037,#3038,#3039,#3040,#3041,
#3042,#3043,#3044,#3045),(#3046,#3047,#3048,#3049,#3050,#3051,#3052,#3053,
#3054,#3055,#3056,#3057,#3058,#3059,#3060,#3061,#3062,#3063,#3064,#3065,
#3066,#3067,#3068,#3069,#3070,#3071,#3072),(#3073,#3074,#3075,#3076,#3077,
#3078,#3079,#3080,#3081,#3082,#3083,#3084,#3085,#3086,#3087,#3088,#3089,
#3090,#3091,#3092,#3093,#3094,#3095,#3096,#3097,#3098,#3099)),
 .UNSPECIFIED.,.F.,.F.,.F.,(4,1,4),(4,2,1,1,1,1,1,1,1,1,1,1,1,1,1,1,1,1,
1,1,1,2,4),(0.,0.5,1.),(-2.44158382680029,-2.43973382008906,-2.31775031267373,
-2.19576680525839,-2.07378329784306,-1.95179979042773,-1.8298162830124,
-1.70783277559707,-1.58584926818174,-1.46386576076641,-1.34188225335107,
-1.21989874593574,-1.09791523852041,-0.975931731105079,-0.853948223689747,
-0.731964716274416,-0.609981208859084,-0.487997701443752,-0.366014194028421,
-0.244030686613089,-0.122047179197758,-6.36717824259215E-5,0.00178633493236061),
 .UNSPECIFIED.);
#32=B_SPLINE_SURFACE_WITH_KNOTS('',3,3,((#3159,#3160,#3161,#3162,#3163),
(#3164,#3165,#3166,#3167,#3168),(#3169,#3170,#3171,#3172,#3173),(#3174,
#3175,#3176,#3177,#3178),(#3179,#3180,#3181,#3182,#3183)),.UNSPECIFIED.,
 .F.,.F.,.F.,(4,1,4),(4,1,4),(0.,0.5,1.),(0.,0.0812561262064653,0.189597627815086),
 .UNSPECIFIED.);
#33=B_SPLINE_SURFACE_WITH_KNOTS('',3,3,((#3193,#3194,#3195,#3196,#3197,
#3198),(#3199,#3200,#3201,#3202,#3203,#3204),(#3205,#3206,#3207,#3208,#3209,
#3210),(#3211,#3212,#3213,#3214,#3215,#3216),(#3217,#3218,#3219,#3220,#3221,
#3222)),.UNSPECIFIED.,.F.,.F.,.F.,(4,1,4),(4,1,1,4),(0.,0.5,1.),(0.,0.081255848972137,
0.135426414953562,0.189596980934986),.UNSPECIFIED.);
#34=B_SPLINE_SURFACE_WITH_KNOTS('',3,3,((#3234,#3235,#3236,#3237,#3238,
#3239,#3240,#3241,#3242,#3243,#3244,#3245,#3246,#3247,#3248,#3249),(#3250,
#3251,#3252,#3253,#3254,#3255,#3256,#3257,#3258,#3259,#3260,#3261,#3262,
#3263,#3264,#3265),(#3266,#3267,#3268,#3269,#3270,#3271,#3272,#3273,#3274,
#3275,#3276,#3277,#3278,#3279,#3280,#3281),(#3282,#3283,#3284,#3285,#3286,
#3287,#3288,#3289,#3290,#3291,#3292,#3293,#3294,#3295,#3296,#3297),(#3298,
#3299,#3300,#3301,#3302,#3303,#3304,#3305,#3306,#3307,#3308,#3309,#3310,
#3311,#3312,#3313),(#3314,#3315,#3316,#3317,#3318,#3319,#3320,#3321,#3322,
#3323,#3324,#3325,#3326,#3327,#3328,#3329),(#3330,#3331,#3332,#3333,#3334,
#3335,#3336,#3337,#3338,#3339,#3340,#3341,#3342,#3343,#3344,#3345),(#3346,
#3347,#3348,#3349,#3350,#3351,#3352,#3353,#3354,#3355,#3356,#3357,#3358,
#3359,#3360,#3361),(#3362,#3363,#3364,#3365,#3366,#3367,#3368,#3369,#3370,
#3371,#3372,#3373,#3374,#3375,#3376,#3377)),.UNSPECIFIED.,.F.,.F.,.F.,(4,
1,1,3,4),(4,1,1,1,1,1,1,1,1,1,1,2,4),(0.,0.285714285714286,0.571428571428571,
1.,1.01),(-1.30539898309053,-1.17486542294066,-1.0443318627908,-0.979065082715869,
-0.913798302640938,-0.783264742491075,-0.652731182341213,-0.52219762219135,
-0.391664062041487,-0.261130501891624,-0.130596941741761,-6.33815918986346E-5,
0.00177814450983194),.UNSPECIFIED.);
#35=SPHERICAL_SURFACE('',#1302,0.0057);
#36=SPHERICAL_SURFACE('',#1304,0.0057);
#37=SPHERICAL_SURFACE('',#1307,0.0057);
#38=SPHERICAL_SURFACE('',#1314,0.0037525);
#39=SPHERICAL_SURFACE('',#1325,0.0038);
#40=SPHERICAL_SURFACE('',#1386,0.0057);
#41=(
BOUNDED_SURFACE()
B_SPLINE_SURFACE(1,3,((#1746,#1747,#1748,#1749),(#1750,#1751,#1752,#1753)),
 .SURF_OF_REVOLUTION.,.F.,.F.,.F.)
B_SPLINE_SURFACE_WITH_KNOTS((2,2),(4,4),(0.00416854378504812,0.14693711479272),
(0.,1.),.PIECEWISE_BEZIER_KNOTS.)
GEOMETRIC_REPRESENTATION_ITEM()
RATIONAL_B_SPLINE_SURFACE(((0.877325051229855,0.497801683975239,0.497801683975239,
0.877325051229855),(0.877325051229855,0.497801683975239,0.497801683975239,
0.877325051229855)))
REPRESENTATION_ITEM('')
SURFACE()
);
#42=(
BOUNDED_SURFACE()
B_SPLINE_SURFACE(1,3,((#1994,#1995,#1996,#1997),(#1998,#1999,#2000,#2001)),
 .SURF_OF_REVOLUTION.,.F.,.F.,.F.)
B_SPLINE_SURFACE_WITH_KNOTS((2,2),(4,4),(0.0119421453028708,0.14693711479272),
(0.,1.),.PIECEWISE_BEZIER_KNOTS.)
GEOMETRIC_REPRESENTATION_ITEM()
RATIONAL_B_SPLINE_SURFACE(((0.877325051229855,0.781784825437603,0.781784825437603,
0.877325051229855),(0.877325051229855,0.781784825437603,0.781784825437603,
0.877325051229855)))
REPRESENTATION_ITEM('')
SURFACE()
);
#43=(
BOUNDED_SURFACE()
B_SPLINE_SURFACE(1,3,((#2005,#2006,#2007,#2008),(#2009,#2010,#2011,#2012)),
 .SURF_OF_REVOLUTION.,.F.,.F.,.F.)
B_SPLINE_SURFACE_WITH_KNOTS((2,2),(4,4),(0.00416854378504812,0.14693711479272),
(0.,1.),.PIECEWISE_BEZIER_KNOTS.)
GEOMETRIC_REPRESENTATION_ITEM()
RATIONAL_B_SPLINE_SURFACE(((1.,0.871106641525544,0.871106641525544,1.),
(1.,0.871106641525544,0.871106641525544,1.)))
REPRESENTATION_ITEM('')
SURFACE()
);
#44=ELLIPSE('',#1297,0.00164714056002706,0.00153273762824093);
#45=ELLIPSE('',#1370,0.00107767718249905,0.00100282660071574);
#46=ELLIPSE('',#1378,0.00176952923000823,0.00100282660071574);
#47=B_SPLINE_CURVE_WITH_KNOTS('',3,(#1715,#1716,#1717,#1718),
 .UNSPECIFIED.,.F.,.F.,(4,4),(0.,0.324240796333796),.UNSPECIFIED.);
#48=B_SPLINE_CURVE_WITH_KNOTS('',3,(#1720,#1721,#1722,#1723,#1724,#1725,
#1726),.UNSPECIFIED.,.F.,.F.,(4,1,1,1,4),(0.,0.00121546082511019,0.00243092165022037,
0.00364638247533056,0.00486184330044074),.UNSPECIFIED.);
#49=B_SPLINE_CURVE_WITH_KNOTS('',3,(#1728,#1729,#1730,#1731),
 .UNSPECIFIED.,.F.,.F.,(4,4),(0.67483002646953,1.),.UNSPECIFIED.);
#50=B_SPLINE_CURVE_WITH_KNOTS('',3,(#1754,#1755,#1756,#1757),
 .UNSPECIFIED.,.F.,.F.,(4,4),(0.,2.75491397072449E-7),.UNSPECIFIED.);
#51=B_SPLINE_CURVE_WITH_KNOTS('',3,(#1758,#1759,#1760,#1761,#1762,#1763,
#1764,#1765,#1766,#1767),.UNSPECIFIED.,.F.,.F.,(4,2,2,2,4),(1.15517683573015,
1.26342743851526,1.40438614177902,1.47987406478217,1.55603295303728),
 .UNSPECIFIED.);
#52=B_SPLINE_CURVE_WITH_KNOTS('',3,(#1769,#1770,#1771,#1772,#1773,#1774,
#1775,#1776,#1777,#1778),.UNSPECIFIED.,.F.,.F.,(4,2,2,2,4),(0.760142074233675,
0.845404372959161,0.984224303708585,1.12340388960406,1.15517683573015),
 .UNSPECIFIED.);
#53=B_SPLINE_CURVE_WITH_KNOTS('',3,(#1782,#1783,#1784,#1785,#1786,#1787,
#1788,#1789,#1790,#1791,#1792),.UNSPECIFIED.,.F.,.F.,(4,1,1,1,1,1,1,1,4),
(7.63040463208528E-8,0.100731318028179,0.151096938890246,0.201462559752312,
0.226645370183345,0.251828180614379,0.277010991045412,0.302193801476445,
0.402925043200578),.UNSPECIFIED.);
#54=B_SPLINE_CURVE_WITH_KNOTS('',3,(#1796,#1797,#1798,#1799),
 .UNSPECIFIED.,.F.,.F.,(4,4),(2.66992350068687E-22,0.000519749587363723),
 .UNSPECIFIED.);
#55=B_SPLINE_CURVE_WITH_KNOTS('',3,(#1801,#1802,#1803,#1804,#1805,#1806,
#1807),.UNSPECIFIED.,.F.,.F.,(4,1,1,1,4),(2.81480818517543E-9,0.00195174471789133,
0.00390348662097448,0.00585522852405763,0.00780697042714078),
 .UNSPECIFIED.);
#56=B_SPLINE_CURVE_WITH_KNOTS('',3,(#1812,#1813,#1814,#1815,#1816,#1817,
#1818,#1819,#1820,#1821,#1822,#1823,#1824,#1825,#1826,#1827,#1828,#1829,
#1830,#1831,#1832),.UNSPECIFIED.,.F.,.F.,(4,1,1,1,1,1,1,1,1,1,1,1,1,1,1,
1,1,1,4),(0.606822866506183,0.655970008192911,0.705117149879638,0.729690720723001,
0.754264291566365,0.778837862409728,0.803411433253092,0.827985004096455,
0.852558574939819,0.864845360361501,0.870988753072341,0.874060449427762,
0.877132145783182,0.883275538494023,0.889418931204864,0.901705716626546,
0.926279287469909,0.950852858313273,1.),.UNSPECIFIED.);
#57=B_SPLINE_CURVE_WITH_KNOTS('',3,(#1834,#1835,#1836,#1837,#1838),
 .UNSPECIFIED.,.F.,.F.,(4,1,4),(0.,0.00390008443958235,0.0078001688791647),
 .UNSPECIFIED.);
#58=B_SPLINE_CURVE_WITH_KNOTS('',3,(#1840,#1841,#1842,#1843),
 .UNSPECIFIED.,.F.,.F.,(4,4),(1.62630325872826E-19,0.000517844726231966),
 .UNSPECIFIED.);
#59=B_SPLINE_CURVE_WITH_KNOTS('',3,(#1888,#1889,#1890,#1891,#1892),
 .UNSPECIFIED.,.F.,.F.,(4,1,4),(0.784510900047469,0.892255450023735,1.),
 .UNSPECIFIED.);
#60=B_SPLINE_CURVE_WITH_KNOTS('',3,(#1895,#1896,#1897,#1898),
 .UNSPECIFIED.,.F.,.F.,(4,4),(9.3475650011926E-7,0.00133596703483105),
 .UNSPECIFIED.);
#61=B_SPLINE_CURVE_WITH_KNOTS('',3,(#1899,#1900,#1901,#1902,#1903),
 .UNSPECIFIED.,.F.,.F.,(4,1,4),(0.,0.000702001498987091,0.00140400299797418),
 .UNSPECIFIED.);
#62=B_SPLINE_CURVE_WITH_KNOTS('',3,(#1905,#1906,#1907,#1908,#1909),
 .UNSPECIFIED.,.F.,.F.,(4,1,4),(2.11853231204053E-7,0.500000105926616,1.),
 .UNSPECIFIED.);
#63=B_SPLINE_CURVE_WITH_KNOTS('',3,(#1916,#1917,#1918,#1919,#1920),
 .UNSPECIFIED.,.F.,.F.,(4,1,4),(9.5384527120676E-23,0.00024192754783767,
0.000483855095675339),.UNSPECIFIED.);
#64=B_SPLINE_CURVE_WITH_KNOTS('',3,(#1922,#1923,#1924,#1925,#1926,#1927,
#1928,#1929,#1930,#1931,#1932,#1933,#1934),.UNSPECIFIED.,.F.,.F.,(4,1,1,
1,1,1,1,1,1,1,4),(6.11627480901076E-15,0.0020425178647967,0.00408503572958728,
0.00612755359437785,0.00714881252677314,0.00817007145916843,0.00919133039156372,
0.010212589323959,0.0122551071887496,0.0142976250535402,0.0163401429183308),
 .UNSPECIFIED.);
#65=B_SPLINE_CURVE_WITH_KNOTS('',3,(#1936,#1937,#1938,#1939,#1940),
 .UNSPECIFIED.,.F.,.F.,(4,1,4),(1.25599469969907E-13,0.000242413135411843,
0.000484826270698086),.UNSPECIFIED.);
#66=B_SPLINE_CURVE_WITH_KNOTS('',3,(#1943,#1944,#1945,#1946,#1947,#1948,
#1949),.UNSPECIFIED.,.F.,.F.,(4,1,1,1,4),(0.,0.0012130955251355,0.002426191050271,
0.00363928657540649,0.00485238210054199),.UNSPECIFIED.);
#67=B_SPLINE_CURVE_WITH_KNOTS('',3,(#1953,#1954,#1955,#1956),
 .UNSPECIFIED.,.F.,.F.,(4,4),(0.,0.999979007885539),.UNSPECIFIED.);
#68=B_SPLINE_CURVE_WITH_KNOTS('',3,(#1958,#1959,#1960,#1961,#1962,#1963,
#1964),.UNSPECIFIED.,.F.,.F.,(4,1,1,1,4),(0.,0.00121697908015427,0.00243395816030853,
0.0036509372404628,0.00486791632061706),.UNSPECIFIED.);
#69=B_SPLINE_CURVE_WITH_KNOTS('',3,(#1966,#1967,#1968,#1969),
 .UNSPECIFIED.,.F.,.F.,(4,4),(2.44833067767061E-5,0.999987383899437),
 .UNSPECIFIED.);
#70=B_SPLINE_CURVE_WITH_KNOTS('',3,(#1971,#1972,#1973,#1974,#1975,#1976,
#1977,#1978),.UNSPECIFIED.,.F.,.F.,(4,2,2,4),(0.,0.141176441525623,0.283000183891661,
0.422978434389831),.UNSPECIFIED.);
#71=B_SPLINE_CURVE_WITH_KNOTS('',3,(#1982,#1983,#1984,#1985,#1986,#1987,
#1988,#1989),.UNSPECIFIED.,.F.,.F.,(4,2,2,4),(2.95836090442791E-5,0.140775751899316,
0.256619312530331,0.373018587717585),.UNSPECIFIED.);
#72=B_SPLINE_CURVE_WITH_KNOTS('',3,(#2023,#2024,#2025,#2026,#2027),
 .UNSPECIFIED.,.F.,.F.,(4,1,4),(4.0657581468207E-20,0.000326650837814932,
0.000653301675629864),.UNSPECIFIED.);
#73=B_SPLINE_CURVE_WITH_KNOTS('',3,(#2031,#2032,#2033,#2034,#2035),
 .UNSPECIFIED.,.F.,.F.,(4,1,4),(1.3184105562719E-15,0.000323801027222931,
0.000647602054444543),.UNSPECIFIED.);
#74=B_SPLINE_CURVE_WITH_KNOTS('',3,(#2039,#2040,#2041,#2042,#2043,#2044,
#2045,#2046,#2047),.UNSPECIFIED.,.F.,.F.,(4,1,1,1,1,1,4),(0.,0.122182240496991,
0.183273360745487,0.244364480993982,0.305455601242478,0.366546721490974,
0.488728961987965),.UNSPECIFIED.);
#75=B_SPLINE_CURVE_WITH_KNOTS('',3,(#2096,#2097,#2098,#2099),
 .UNSPECIFIED.,.F.,.F.,(4,4),(9.53287053842461E-7,0.00133732516604248),
 .UNSPECIFIED.);
#76=B_SPLINE_CURVE_WITH_KNOTS('',3,(#2100,#2101,#2102,#2103,#2104),
 .UNSPECIFIED.,.F.,.F.,(4,1,4),(0.,0.000697900261979801,0.0013958005239596),
 .UNSPECIFIED.);
#77=B_SPLINE_CURVE_WITH_KNOTS('',3,(#2110,#2111,#2112,#2113,#2114),
 .UNSPECIFIED.,.F.,.F.,(4,1,4),(0.,0.5,1.),.UNSPECIFIED.);
#78=B_SPLINE_CURVE_WITH_KNOTS('',3,(#2118,#2119,#2120,#2121,#2122),
 .UNSPECIFIED.,.F.,.F.,(4,1,4),(0.,0.5,1.),.UNSPECIFIED.);
#79=B_SPLINE_CURVE_WITH_KNOTS('',3,(#2126,#2127,#2128,#2129,#2130,#2131,
#2132,#2133,#2134,#2135,#2136,#2137,#2138,#2139,#2140,#2141,#2142,#2143,
#2144,#2145,#2146,#2147,#2148,#2149,#2150,#2151,#2152,#2153,#2154,#2155,
#2156,#2157,#2158,#2159,#2160,#2161,#2162,#2163,#2164,#2165,#2166,#2167,
#2168,#2169,#2170,#2171,#2172,#2173,#2174,#2175,#2176,#2177,#2178,#2179,
#2180),.UNSPECIFIED.,.F.,.F.,(4,1,1,1,1,1,1,1,1,1,1,1,1,1,1,1,1,1,1,1,1,
1,1,1,1,1,1,1,1,1,1,1,1,1,1,1,1,1,1,1,1,1,1,1,1,1,1,1,1,1,1,1,4),(0.,0.0625,
0.09375,0.125,0.15625,0.1875,0.21875,0.234375,0.25,0.265625,0.2734375,0.28125,
0.2890625,0.296875,0.3046875,0.3125,0.328125,0.3359375,0.34375,0.3515625,
0.359375,0.375,0.40625,0.421875,0.4375,0.46875,0.5,0.53125,0.5625,0.578125,
0.59375,0.625,0.640625,0.6484375,0.65625,0.6640625,0.671875,0.6875,0.6953125,
0.703125,0.7109375,0.71875,0.7265625,0.734375,0.75,0.765625,0.78125,0.8125,
0.84375,0.875,0.90625,0.9375,1.),.UNSPECIFIED.);
#80=B_SPLINE_CURVE_WITH_KNOTS('',3,(#2184,#2185,#2186,#2187,#2188),
 .UNSPECIFIED.,.F.,.F.,(4,1,4),(0.,0.5,1.),.UNSPECIFIED.);
#81=B_SPLINE_CURVE_WITH_KNOTS('',3,(#2192,#2193,#2194,#2195,#2196),
 .UNSPECIFIED.,.F.,.F.,(4,1,4),(0.,0.5,1.),.UNSPECIFIED.);
#82=B_SPLINE_CURVE_WITH_KNOTS('',3,(#2198,#2199,#2200,#2201,#2202,#2203,
#2204,#2205),.UNSPECIFIED.,.F.,.F.,(4,1,1,1,1,4),(0.,0.25,0.5,0.625,0.75,
1.),.UNSPECIFIED.);
#83=B_SPLINE_CURVE_WITH_KNOTS('',3,(#2207,#2208,#2209,#2210,#2211,#2212,
#2213,#2214),.UNSPECIFIED.,.F.,.F.,(4,1,1,1,1,4),(0.,0.25,0.5,0.625,0.75,
1.),.UNSPECIFIED.);
#84=B_SPLINE_CURVE_WITH_KNOTS('',3,(#2220,#2221,#2222,#2223,#2224),
 .UNSPECIFIED.,.F.,.F.,(4,1,4),(0.,0.5,1.),.UNSPECIFIED.);
#85=B_SPLINE_CURVE_WITH_KNOTS('',3,(#2228,#2229,#2230,#2231,#2232),
 .UNSPECIFIED.,.F.,.F.,(4,1,4),(0.,0.5,1.),.UNSPECIFIED.);
#86=B_SPLINE_CURVE_WITH_KNOTS('',3,(#2236,#2237,#2238,#2239,#2240,#2241,
#2242,#2243,#2244,#2245,#2246,#2247,#2248,#2249,#2250,#2251,#2252,#2253,
#2254,#2255,#2256,#2257,#2258,#2259,#2260,#2261,#2262,#2263,#2264,#2265,
#2266,#2267,#2268,#2269,#2270),.UNSPECIFIED.,.F.,.F.,(4,1,1,1,1,1,1,1,1,
1,1,1,1,1,1,1,1,1,1,1,1,1,1,1,1,1,1,1,1,1,1,1,4),(0.,0.125,0.1875,0.21875,
0.25,0.28125,0.3125,0.375,0.4375,0.46875,0.5,0.53125,0.546875,0.5625,0.578125,
0.59375,0.609375,0.6171875,0.625,0.6328125,0.640625,0.65625,0.671875,0.6875,
0.703125,0.71875,0.75,0.8125,0.84375,0.875,0.90625,0.9375,1.),
 .UNSPECIFIED.);
#87=B_SPLINE_CURVE_WITH_KNOTS('',3,(#2272,#2273,#2274,#2275),
 .UNSPECIFIED.,.F.,.F.,(4,4),(0.,1.),.UNSPECIFIED.);
#88=B_SPLINE_CURVE_WITH_KNOTS('',3,(#2301,#2302,#2303,#2304,#2305,#2306,
#2307,#2308,#2309),.UNSPECIFIED.,.F.,.F.,(4,1,1,1,1,1,4),(0.,0.25,0.375,
0.5,0.625,0.75,1.),.UNSPECIFIED.);
#89=B_SPLINE_CURVE_WITH_KNOTS('',3,(#2311,#2312,#2313,#2314),
 .UNSPECIFIED.,.F.,.F.,(4,4),(0.,1.),.UNSPECIFIED.);
#90=B_SPLINE_CURVE_WITH_KNOTS('',3,(#2318,#2319,#2320,#2321),
 .UNSPECIFIED.,.F.,.F.,(4,4),(0.,1.),.UNSPECIFIED.);
#91=B_SPLINE_CURVE_WITH_KNOTS('',3,(#2347,#2348,#2349,#2350,#2351,#2352,
#2353,#2354,#2355),.UNSPECIFIED.,.F.,.F.,(4,1,1,1,1,1,4),(0.,0.25,0.375,
0.5,0.625,0.75,1.),.UNSPECIFIED.);
#92=B_SPLINE_CURVE_WITH_KNOTS('',3,(#2357,#2358,#2359,#2360),
 .UNSPECIFIED.,.F.,.F.,(4,4),(0.,1.),.UNSPECIFIED.);
#93=B_SPLINE_CURVE_WITH_KNOTS('',3,(#2366,#2367,#2368,#2369,#2370,#2371),
 .UNSPECIFIED.,.F.,.F.,(4,1,1,4),(0.,0.5,0.75,1.),.UNSPECIFIED.);
#94=B_SPLINE_CURVE_WITH_KNOTS('',3,(#2525,#2526,#2527,#2528,#2529,#2530,
#2531,#2532,#2533,#2534,#2535,#2536,#2537,#2538,#2539,#2540,#2541,#2542,
#2543,#2544,#2545,#2546,#2547,#2548,#2549,#2550,#2551,#2552,#2553,#2554,
#2555,#2556,#2557,#2558,#2559,#2560,#2561,#2562,#2563,#2564),
 .UNSPECIFIED.,.F.,.F.,(4,1,1,1,1,1,1,1,1,1,1,1,1,1,1,1,1,1,1,1,1,1,1,1,
1,1,1,1,1,1,1,1,1,1,1,1,1,4),(0.,0.125,0.1875,0.25,0.28125,0.3125,0.34375,
0.359375,0.3671875,0.375,0.3828125,0.390625,0.40625,0.421875,0.4375,0.46875,
0.5,0.53125,0.5625,0.59375,0.609375,0.625,0.640625,0.65625,0.6875,0.71875,
0.75,0.78125,0.8125,0.875,0.90625,0.9375,0.953125,0.9609375,0.96875,0.9765625,
0.984375,1.),.UNSPECIFIED.);
#95=B_SPLINE_CURVE_WITH_KNOTS('',3,(#2574,#2575,#2576,#2577,#2578,#2579,
#2580,#2581,#2582),.UNSPECIFIED.,.F.,.F.,(4,1,1,1,1,1,4),(0.,0.25,0.375,
0.5,0.625,0.75,1.),.UNSPECIFIED.);
#96=B_SPLINE_CURVE_WITH_KNOTS('',3,(#2586,#2587,#2588,#2589,#2590,#2591,
#2592,#2593,#2594),.UNSPECIFIED.,.F.,.F.,(4,1,1,1,1,1,4),(0.,0.25,0.375,
0.5,0.625,0.75,1.),.UNSPECIFIED.);
#97=B_SPLINE_CURVE_WITH_KNOTS('',3,(#2602,#2603,#2604,#2605,#2606,#2607,
#2608,#2609,#2610),.UNSPECIFIED.,.F.,.F.,(4,1,1,1,1,1,4),(0.,0.25,0.375,
0.5,0.625,0.75,1.),.UNSPECIFIED.);
#98=B_SPLINE_CURVE_WITH_KNOTS('',3,(#2614,#2615,#2616,#2617,#2618,#2619,
#2620,#2621,#2622),.UNSPECIFIED.,.F.,.F.,(4,1,1,1,1,1,4),(0.,0.25,0.375,
0.5,0.625,0.75,1.),.UNSPECIFIED.);
#99=B_SPLINE_CURVE_WITH_KNOTS('',3,(#2651,#2652,#2653,#2654,#2655,#2656,
#2657,#2658,#2659,#2660,#2661,#2662,#2663,#2664,#2665,#2666,#2667,#2668,
#2669,#2670,#2671,#2672,#2673,#2674,#2675,#2676,#2677,#2678,#2679,#2680,
#2681,#2682,#2683,#2684,#2685,#2686,#2687,#2688,#2689,#2690,#2691,#2692,
#2693),.UNSPECIFIED.,.F.,.F.,(4,1,1,1,1,1,1,1,1,1,1,1,1,1,1,1,1,1,1,1,1,
1,1,1,1,1,1,1,1,1,1,1,1,1,1,1,1,1,1,1,4),(0.,0.015625,0.0234375,0.03125,
0.0390625,0.046875,0.0625,0.09375,0.125,0.1875,0.21875,0.25,0.28125,0.3125,
0.34375,0.359375,0.375,0.390625,0.40625,0.4375,0.46875,0.5,0.53125,0.546875,
0.5625,0.578125,0.59375,0.609375,0.6171875,0.625,0.6328125,0.640625,0.65625,
0.671875,0.6875,0.703125,0.71875,0.75,0.8125,0.875,1.),.UNSPECIFIED.);
#100=B_SPLINE_CURVE_WITH_KNOTS('',3,(#2697,#2698,#2699,#2700,#2701,#2702,
#2703,#2704,#2705,#2706,#2707,#2708,#2709,#2710,#2711,#2712,#2713,#2714,
#2715,#2716,#2717,#2718,#2719,#2720,#2721,#2722,#2723,#2724,#2725,#2726,
#2727,#2728,#2729,#2730,#2731,#2732,#2733,#2734,#2735,#2736,#2737,#2738,
#2739,#2740,#2741,#2742,#2743,#2744,#2745,#2746,#2747,#2748,#2749,#2750,
#2751,#2752,#2753,#2754,#2755,#2756,#2757,#2758,#2759,#2760,#2761,#2762,
#2763,#2764,#2765,#2766,#2767,#2768,#2769,#2770,#2771,#2772,#2773,#2774,
#2775),.UNSPECIFIED.,.F.,.F.,(4,1,1,1,1,1,1,1,1,1,1,1,1,1,1,1,1,1,1,1,1,
1,1,1,1,1,1,1,1,1,1,1,1,1,1,1,1,1,1,1,1,1,1,1,1,1,1,1,1,1,1,1,1,1,1,1,1,
1,1,1,1,1,1,1,1,1,1,1,1,1,1,1,1,1,1,1,4),(0.,0.0078125,0.01171875,0.015625,
0.01953125,0.0234375,0.03125,0.046875,0.0625,0.09375,0.125,0.140625,0.15625,
0.171875,0.1796875,0.1875,0.1953125,0.203125,0.21875,0.234375,0.2421875,
0.24609375,0.25,0.25390625,0.2578125,0.265625,0.28125,0.296875,0.3125,0.34375,
0.359375,0.3671875,0.375,0.3828125,0.390625,0.40625,0.4375,0.46875,0.5,
0.53125,0.5625,0.59375,0.609375,0.6171875,0.625,0.6328125,0.640625,0.65625,
0.6875,0.703125,0.71875,0.734375,0.7421875,0.74609375,0.75,0.75390625,0.7578125,
0.765625,0.78125,0.796875,0.8046875,0.8125,0.8203125,0.828125,0.84375,0.859375,
0.875,0.90625,0.9375,0.953125,0.96875,0.9765625,0.98046875,0.984375,0.98828125,
0.9921875,1.),.UNSPECIFIED.);
#101=B_SPLINE_CURVE_WITH_KNOTS('',3,(#2784,#2785,#2786,#2787,#2788,#2789,
#2790,#2791,#2792),.UNSPECIFIED.,.F.,.F.,(4,1,1,1,1,1,4),(0.,0.25,0.375,
0.5,0.625,0.75,1.),.UNSPECIFIED.);
#102=B_SPLINE_CURVE_WITH_KNOTS('',3,(#2800,#2801,#2802,#2803,#2804,#2805,
#2806,#2807,#2808),.UNSPECIFIED.,.F.,.F.,(4,1,1,1,1,1,4),(0.,0.25,0.375,
0.5,0.625,0.75,1.),.UNSPECIFIED.);
#103=B_SPLINE_CURVE_WITH_KNOTS('',3,(#2810,#2811,#2812,#2813),
 .UNSPECIFIED.,.F.,.F.,(4,4),(0.,1.),.UNSPECIFIED.);
#104=B_SPLINE_CURVE_WITH_KNOTS('',3,(#2844,#2845,#2846,#2847),
 .UNSPECIFIED.,.F.,.F.,(4,4),(0.,1.),.UNSPECIFIED.);
#105=B_SPLINE_CURVE_WITH_KNOTS('',3,(#2849,#2850,#2851,#2852),
 .UNSPECIFIED.,.F.,.F.,(4,4),(0.,1.),.UNSPECIFIED.);
#106=B_SPLINE_CURVE_WITH_KNOTS('',3,(#2878,#2879,#2880,#2881),
 .UNSPECIFIED.,.F.,.F.,(4,4),(0.,1.),.UNSPECIFIED.);
#107=B_SPLINE_CURVE_WITH_KNOTS('',3,(#2883,#2884,#2885,#2886),
 .UNSPECIFIED.,.F.,.F.,(4,4),(0.,1.),.UNSPECIFIED.);
#108=B_SPLINE_CURVE_WITH_KNOTS('',3,(#2888,#2889,#2890,#2891),
 .UNSPECIFIED.,.F.,.F.,(4,4),(0.,1.),.UNSPECIFIED.);
#109=B_SPLINE_CURVE_WITH_KNOTS('',3,(#2892,#2893,#2894,#2895),
 .UNSPECIFIED.,.F.,.F.,(4,4),(0.,1.),.UNSPECIFIED.);
#110=B_SPLINE_CURVE_WITH_KNOTS('',3,(#2926,#2927,#2928,#2929),
 .UNSPECIFIED.,.F.,.F.,(4,4),(0.,1.),.UNSPECIFIED.);
#111=B_SPLINE_CURVE_WITH_KNOTS('',3,(#2931,#2932,#2933,#2934),
 .UNSPECIFIED.,.F.,.F.,(4,4),(0.,1.),.UNSPECIFIED.);
#112=B_SPLINE_CURVE_WITH_KNOTS('',3,(#2960,#2961,#2962,#2963),
 .UNSPECIFIED.,.F.,.F.,(4,4),(0.,1.),.UNSPECIFIED.);
#113=B_SPLINE_CURVE_WITH_KNOTS('',3,(#3101,#3102,#3103,#3104,#3105,#3106,
#3107,#3108,#3109,#3110,#3111,#3112,#3113,#3114,#3115,#3116,#3117,#3118,
#3119,#3120,#3121,#3122,#3123,#3124,#3125,#3126,#3127,#3128,#3129,#3130,
#3131,#3132,#3133,#3134,#3135),.UNSPECIFIED.,.F.,.F.,(4,1,1,1,1,1,1,1,1,
1,1,1,1,1,1,1,1,1,1,1,1,1,1,1,1,1,1,1,1,1,1,1,4),(0.,0.0625,0.09375,0.125,
0.15625,0.1875,0.25,0.28125,0.296875,0.3125,0.328125,0.34375,0.359375,0.3671875,
0.375,0.3828125,0.390625,0.40625,0.421875,0.4375,0.453125,0.46875,0.5,0.53125,
0.5625,0.625,0.6875,0.71875,0.75,0.78125,0.8125,0.875,1.),.UNSPECIFIED.);
#114=B_SPLINE_CURVE_WITH_KNOTS('',3,(#3139,#3140,#3141,#3142,#3143),
 .UNSPECIFIED.,.F.,.F.,(4,1,4),(0.,0.5,1.),.UNSPECIFIED.);
#115=B_SPLINE_CURVE_WITH_KNOTS('',3,(#3147,#3148,#3149,#3150,#3151),
 .UNSPECIFIED.,.F.,.F.,(4,1,4),(0.,0.5,1.),.UNSPECIFIED.);
#116=B_SPLINE_CURVE_WITH_KNOTS('',3,(#3155,#3156,#3157,#3158),
 .UNSPECIFIED.,.F.,.F.,(4,4),(0.,1.),.UNSPECIFIED.);
#117=B_SPLINE_CURVE_WITH_KNOTS('',3,(#3184,#3185,#3186,#3187),
 .UNSPECIFIED.,.F.,.F.,(4,4),(0.,1.),.UNSPECIFIED.);
#118=B_SPLINE_CURVE_WITH_KNOTS('',3,(#3189,#3190,#3191,#3192),
 .UNSPECIFIED.,.F.,.F.,(4,4),(0.,1.),.UNSPECIFIED.);
#119=B_SPLINE_CURVE_WITH_KNOTS('',3,(#3223,#3224,#3225,#3226),
 .UNSPECIFIED.,.F.,.F.,(4,4),(0.,1.),.UNSPECIFIED.);
#120=B_SPLINE_CURVE_WITH_KNOTS('',3,(#3228,#3229,#3230,#3231,#3232,#3233),
 .UNSPECIFIED.,.F.,.F.,(4,1,1,4),(0.,0.25,0.5,1.),.UNSPECIFIED.);
#121=CYLINDRICAL_SURFACE('',#1295,0.00153273762824093);
#122=CYLINDRICAL_SURFACE('',#1313,0.00153943613676263);
#123=CYLINDRICAL_SURFACE('',#1319,0.00301857619036754);
#124=CYLINDRICAL_SURFACE('',#1326,0.00551000008847565);
#125=CYLINDRICAL_SURFACE('',#1332,0.0068031777825013);
#126=CYLINDRICAL_SURFACE('',#1336,0.000285);
#127=CYLINDRICAL_SURFACE('',#1343,0.001425);
#128=CYLINDRICAL_SURFACE('',#1345,0.001425);
#129=CYLINDRICAL_SURFACE('',#1354,0.001425);
#130=CYLINDRICAL_SURFACE('',#1356,0.001425);
#131=CYLINDRICAL_SURFACE('',#1358,0.000285);
#132=CYLINDRICAL_SURFACE('',#1361,0.000285);
#133=CYLINDRICAL_SURFACE('',#1363,0.0068031777825013);
#134=CYLINDRICAL_SURFACE('',#1367,0.000285);
#135=CYLINDRICAL_SURFACE('',#1389,0.00100282660071574);
#136=CIRCLE('',#1287,0.0043004190692431);
#137=CIRCLE('',#1288,0.0049363448015713);
#138=CIRCLE('',#1289,0.00579500008847565);
#139=CIRCLE('',#1290,0.0065181777825013);
#140=CIRCLE('',#1291,0.0049363448015713);
#141=CIRCLE('',#1293,0.00153273762824093);
#142=CIRCLE('',#1296,0.00153273762824093);
#143=CIRCLE('',#1299,0.00342238732831376);
#144=CIRCLE('',#1301,0.00342227449107946);
#145=CIRCLE('',#1303,0.00548520737985356);
#146=CIRCLE('',#1305,0.00548520737985356);
#147=CIRCLE('',#1306,0.0049363448015713);
#148=CIRCLE('',#1308,0.0054882334536983);
#149=CIRCLE('',#1309,0.0049363448015713);
#150=CIRCLE('',#1310,0.00548830381584353);
#151=CIRCLE('',#1312,0.00342238732831376);
#152=CIRCLE('',#1315,0.00342227449107946);
#153=CIRCLE('',#1317,0.0043004190692431);
#154=CIRCLE('',#1318,0.0043004190692431);
#155=CIRCLE('',#1320,0.00301857619036754);
#156=CIRCLE('',#1321,0.00301857619036754);
#157=CIRCLE('',#1322,0.00301857619036754);
#158=CIRCLE('',#1324,0.00226773580154079);
#159=CIRCLE('',#1327,0.00551000008847565);
#160=CIRCLE('',#1328,0.00551000008847565);
#161=CIRCLE('',#1329,0.00551000008847565);
#162=CIRCLE('',#1330,0.00551000008847565);
#163=CIRCLE('',#1333,0.0068031777825013);
#164=CIRCLE('',#1334,0.0068031777825013);
#165=CIRCLE('',#1338,0.0065181777825013);
#166=CIRCLE('',#1339,3.42308601916885E-5);
#167=CIRCLE('',#1341,0.0065181777825013);
#168=CIRCLE('',#1342,0.00579500008847565);
#169=CIRCLE('',#1347,0.0065181777825013);
#170=CIRCLE('',#1348,3.41909618050378E-5);
#171=CIRCLE('',#1349,0.00579500008847565);
#172=CIRCLE('',#1350,3.42307769334366E-5);
#173=CIRCLE('',#1352,0.00579500008847565);
#174=CIRCLE('',#1353,3.41931557497165E-5);
#175=CIRCLE('',#1364,0.00680317778250131);
#176=CIRCLE('',#1365,0.0068031777825013);
#177=CIRCLE('',#1372,0.00100282660071574);
#178=CIRCLE('',#1376,0.00529588354281248);
#179=CIRCLE('',#1380,0.00100282660071574);
#180=CIRCLE('',#1383,0.0021211580040639);
#181=ORIENTED_EDGE('',*,*,#565,.F.);
#182=ORIENTED_EDGE('',*,*,#566,.T.);
#183=ORIENTED_EDGE('',*,*,#567,.T.);
#184=ORIENTED_EDGE('',*,*,#568,.T.);
#185=ORIENTED_EDGE('',*,*,#569,.T.);
#186=ORIENTED_EDGE('',*,*,#570,.F.);
#187=ORIENTED_EDGE('',*,*,#571,.F.);
#188=ORIENTED_EDGE('',*,*,#572,.F.);
#189=ORIENTED_EDGE('',*,*,#573,.F.);
#190=ORIENTED_EDGE('',*,*,#574,.F.);
#191=ORIENTED_EDGE('',*,*,#575,.F.);
#192=ORIENTED_EDGE('',*,*,#576,.F.);
#193=ORIENTED_EDGE('',*,*,#577,.F.);
#194=ORIENTED_EDGE('',*,*,#578,.T.);
#195=ORIENTED_EDGE('',*,*,#579,.T.);
#196=ORIENTED_EDGE('',*,*,#580,.T.);
#197=ORIENTED_EDGE('',*,*,#581,.T.);
#198=ORIENTED_EDGE('',*,*,#582,.T.);
#199=ORIENTED_EDGE('',*,*,#583,.F.);
#200=ORIENTED_EDGE('',*,*,#584,.T.);
#201=ORIENTED_EDGE('',*,*,#579,.F.);
#202=ORIENTED_EDGE('',*,*,#585,.F.);
#203=ORIENTED_EDGE('',*,*,#586,.F.);
#204=ORIENTED_EDGE('',*,*,#587,.T.);
#205=ORIENTED_EDGE('',*,*,#588,.F.);
#206=ORIENTED_EDGE('',*,*,#589,.T.);
#207=ORIENTED_EDGE('',*,*,#590,.F.);
#208=ORIENTED_EDGE('',*,*,#587,.F.);
#209=ORIENTED_EDGE('',*,*,#591,.F.);
#210=ORIENTED_EDGE('',*,*,#592,.T.);
#211=ORIENTED_EDGE('',*,*,#578,.F.);
#212=ORIENTED_EDGE('',*,*,#593,.T.);
#213=ORIENTED_EDGE('',*,*,#594,.F.);
#214=ORIENTED_EDGE('',*,*,#585,.T.);
#215=ORIENTED_EDGE('',*,*,#595,.F.);
#216=ORIENTED_EDGE('',*,*,#592,.F.);
#217=ORIENTED_EDGE('',*,*,#596,.F.);
#218=ORIENTED_EDGE('',*,*,#597,.F.);
#219=ORIENTED_EDGE('',*,*,#598,.F.);
#220=ORIENTED_EDGE('',*,*,#568,.F.);
#221=ORIENTED_EDGE('',*,*,#599,.F.);
#222=ORIENTED_EDGE('',*,*,#600,.T.);
#223=ORIENTED_EDGE('',*,*,#574,.T.);
#224=ORIENTED_EDGE('',*,*,#601,.T.);
#225=ORIENTED_EDGE('',*,*,#602,.T.);
#226=ORIENTED_EDGE('',*,*,#603,.F.);
#227=ORIENTED_EDGE('',*,*,#604,.F.);
#228=ORIENTED_EDGE('',*,*,#605,.T.);
#229=ORIENTED_EDGE('',*,*,#606,.T.);
#230=ORIENTED_EDGE('',*,*,#607,.T.);
#231=ORIENTED_EDGE('',*,*,#608,.T.);
#232=ORIENTED_EDGE('',*,*,#609,.T.);
#233=ORIENTED_EDGE('',*,*,#599,.T.);
#234=ORIENTED_EDGE('',*,*,#610,.F.);
#235=ORIENTED_EDGE('',*,*,#611,.T.);
#236=ORIENTED_EDGE('',*,*,#612,.T.);
#237=ORIENTED_EDGE('',*,*,#613,.T.);
#238=ORIENTED_EDGE('',*,*,#614,.T.);
#239=ORIENTED_EDGE('',*,*,#615,.T.);
#240=ORIENTED_EDGE('',*,*,#616,.T.);
#241=ORIENTED_EDGE('',*,*,#570,.T.);
#242=ORIENTED_EDGE('',*,*,#617,.T.);
#243=ORIENTED_EDGE('',*,*,#618,.T.);
#244=ORIENTED_EDGE('',*,*,#598,.T.);
#245=ORIENTED_EDGE('',*,*,#619,.F.);
#246=ORIENTED_EDGE('',*,*,#620,.T.);
#247=ORIENTED_EDGE('',*,*,#617,.F.);
#248=ORIENTED_EDGE('',*,*,#569,.F.);
#249=ORIENTED_EDGE('',*,*,#618,.F.);
#250=ORIENTED_EDGE('',*,*,#620,.F.);
#251=ORIENTED_EDGE('',*,*,#621,.F.);
#252=ORIENTED_EDGE('',*,*,#622,.T.);
#253=ORIENTED_EDGE('',*,*,#623,.T.);
#254=ORIENTED_EDGE('',*,*,#624,.T.);
#255=ORIENTED_EDGE('',*,*,#621,.T.);
#256=ORIENTED_EDGE('',*,*,#619,.T.);
#257=ORIENTED_EDGE('',*,*,#597,.T.);
#258=ORIENTED_EDGE('',*,*,#596,.T.);
#259=ORIENTED_EDGE('',*,*,#591,.T.);
#260=ORIENTED_EDGE('',*,*,#586,.T.);
#261=ORIENTED_EDGE('',*,*,#594,.T.);
#262=ORIENTED_EDGE('',*,*,#625,.T.);
#263=ORIENTED_EDGE('',*,*,#626,.T.);
#264=ORIENTED_EDGE('',*,*,#627,.F.);
#265=ORIENTED_EDGE('',*,*,#612,.F.);
#266=ORIENTED_EDGE('',*,*,#622,.F.);
#267=ORIENTED_EDGE('',*,*,#624,.F.);
#268=ORIENTED_EDGE('',*,*,#626,.F.);
#269=ORIENTED_EDGE('',*,*,#623,.F.);
#270=ORIENTED_EDGE('',*,*,#628,.T.);
#271=ORIENTED_EDGE('',*,*,#629,.F.);
#272=ORIENTED_EDGE('',*,*,#625,.F.);
#273=ORIENTED_EDGE('',*,*,#593,.F.);
#274=ORIENTED_EDGE('',*,*,#630,.F.);
#275=ORIENTED_EDGE('',*,*,#628,.F.);
#276=ORIENTED_EDGE('',*,*,#631,.F.);
#277=ORIENTED_EDGE('',*,*,#632,.T.);
#278=ORIENTED_EDGE('',*,*,#633,.T.);
#279=ORIENTED_EDGE('',*,*,#608,.F.);
#280=ORIENTED_EDGE('',*,*,#611,.F.);
#281=ORIENTED_EDGE('',*,*,#634,.T.);
#282=ORIENTED_EDGE('',*,*,#635,.T.);
#283=ORIENTED_EDGE('',*,*,#636,.T.);
#284=ORIENTED_EDGE('',*,*,#637,.T.);
#285=ORIENTED_EDGE('',*,*,#638,.T.);
#286=ORIENTED_EDGE('',*,*,#639,.F.);
#287=ORIENTED_EDGE('',*,*,#640,.F.);
#288=ORIENTED_EDGE('',*,*,#640,.T.);
#289=ORIENTED_EDGE('',*,*,#641,.T.);
#290=ORIENTED_EDGE('',*,*,#641,.F.);
#291=ORIENTED_EDGE('',*,*,#642,.F.);
#292=ORIENTED_EDGE('',*,*,#639,.T.);
#293=ORIENTED_EDGE('',*,*,#643,.F.);
#294=ORIENTED_EDGE('',*,*,#604,.T.);
#295=ORIENTED_EDGE('',*,*,#644,.F.);
#296=ORIENTED_EDGE('',*,*,#615,.F.);
#297=ORIENTED_EDGE('',*,*,#645,.F.);
#298=ORIENTED_EDGE('',*,*,#646,.F.);
#299=ORIENTED_EDGE('',*,*,#647,.F.);
#300=ORIENTED_EDGE('',*,*,#648,.F.);
#301=ORIENTED_EDGE('',*,*,#649,.F.);
#302=ORIENTED_EDGE('',*,*,#650,.F.);
#303=ORIENTED_EDGE('',*,*,#651,.F.);
#304=ORIENTED_EDGE('',*,*,#652,.F.);
#305=ORIENTED_EDGE('',*,*,#653,.F.);
#306=ORIENTED_EDGE('',*,*,#654,.F.);
#307=ORIENTED_EDGE('',*,*,#655,.F.);
#308=ORIENTED_EDGE('',*,*,#636,.F.);
#309=ORIENTED_EDGE('',*,*,#656,.F.);
#310=ORIENTED_EDGE('',*,*,#657,.T.);
#311=ORIENTED_EDGE('',*,*,#658,.F.);
#312=ORIENTED_EDGE('',*,*,#659,.F.);
#313=ORIENTED_EDGE('',*,*,#660,.F.);
#314=ORIENTED_EDGE('',*,*,#661,.F.);
#315=ORIENTED_EDGE('',*,*,#662,.F.);
#316=ORIENTED_EDGE('',*,*,#663,.F.);
#317=ORIENTED_EDGE('',*,*,#634,.F.);
#318=ORIENTED_EDGE('',*,*,#610,.T.);
#319=ORIENTED_EDGE('',*,*,#602,.F.);
#320=ORIENTED_EDGE('',*,*,#601,.F.);
#321=ORIENTED_EDGE('',*,*,#573,.T.);
#322=ORIENTED_EDGE('',*,*,#664,.F.);
#323=ORIENTED_EDGE('',*,*,#658,.T.);
#324=ORIENTED_EDGE('',*,*,#664,.T.);
#325=ORIENTED_EDGE('',*,*,#665,.T.);
#326=ORIENTED_EDGE('',*,*,#666,.F.);
#327=ORIENTED_EDGE('',*,*,#659,.T.);
#328=ORIENTED_EDGE('',*,*,#666,.T.);
#329=ORIENTED_EDGE('',*,*,#667,.T.);
#330=ORIENTED_EDGE('',*,*,#668,.F.);
#331=ORIENTED_EDGE('',*,*,#660,.T.);
#332=ORIENTED_EDGE('',*,*,#668,.T.);
#333=ORIENTED_EDGE('',*,*,#669,.T.);
#334=ORIENTED_EDGE('',*,*,#670,.F.);
#335=ORIENTED_EDGE('',*,*,#661,.T.);
#336=ORIENTED_EDGE('',*,*,#662,.T.);
#337=ORIENTED_EDGE('',*,*,#670,.T.);
#338=ORIENTED_EDGE('',*,*,#671,.T.);
#339=ORIENTED_EDGE('',*,*,#672,.T.);
#340=ORIENTED_EDGE('',*,*,#673,.F.);
#341=ORIENTED_EDGE('',*,*,#674,.T.);
#342=ORIENTED_EDGE('',*,*,#656,.T.);
#343=ORIENTED_EDGE('',*,*,#635,.F.);
#344=ORIENTED_EDGE('',*,*,#663,.T.);
#345=ORIENTED_EDGE('',*,*,#673,.T.);
#346=ORIENTED_EDGE('',*,*,#675,.F.);
#347=ORIENTED_EDGE('',*,*,#581,.F.);
#348=ORIENTED_EDGE('',*,*,#676,.T.);
#349=ORIENTED_EDGE('',*,*,#607,.F.);
#350=ORIENTED_EDGE('',*,*,#677,.F.);
#351=ORIENTED_EDGE('',*,*,#678,.F.);
#352=ORIENTED_EDGE('',*,*,#679,.F.);
#353=ORIENTED_EDGE('',*,*,#613,.F.);
#354=ORIENTED_EDGE('',*,*,#627,.T.);
#355=ORIENTED_EDGE('',*,*,#629,.T.);
#356=ORIENTED_EDGE('',*,*,#630,.T.);
#357=ORIENTED_EDGE('',*,*,#577,.T.);
#358=ORIENTED_EDGE('',*,*,#680,.F.);
#359=ORIENTED_EDGE('',*,*,#681,.T.);
#360=ORIENTED_EDGE('',*,*,#682,.F.);
#361=ORIENTED_EDGE('',*,*,#678,.T.);
#362=ORIENTED_EDGE('',*,*,#683,.F.);
#363=ORIENTED_EDGE('',*,*,#684,.F.);
#364=ORIENTED_EDGE('',*,*,#685,.F.);
#365=ORIENTED_EDGE('',*,*,#681,.F.);
#366=ORIENTED_EDGE('',*,*,#686,.F.);
#367=ORIENTED_EDGE('',*,*,#687,.T.);
#368=ORIENTED_EDGE('',*,*,#688,.F.);
#369=ORIENTED_EDGE('',*,*,#684,.T.);
#370=ORIENTED_EDGE('',*,*,#689,.F.);
#371=ORIENTED_EDGE('',*,*,#690,.F.);
#372=ORIENTED_EDGE('',*,*,#691,.F.);
#373=ORIENTED_EDGE('',*,*,#692,.F.);
#374=ORIENTED_EDGE('',*,*,#687,.F.);
#375=ORIENTED_EDGE('',*,*,#693,.F.);
#376=ORIENTED_EDGE('',*,*,#657,.F.);
#377=ORIENTED_EDGE('',*,*,#674,.F.);
#378=ORIENTED_EDGE('',*,*,#672,.F.);
#379=ORIENTED_EDGE('',*,*,#694,.T.);
#380=ORIENTED_EDGE('',*,*,#695,.F.);
#381=ORIENTED_EDGE('',*,*,#690,.T.);
#382=ORIENTED_EDGE('',*,*,#696,.F.);
#383=ORIENTED_EDGE('',*,*,#697,.F.);
#384=ORIENTED_EDGE('',*,*,#698,.F.);
#385=ORIENTED_EDGE('',*,*,#694,.F.);
#386=ORIENTED_EDGE('',*,*,#671,.F.);
#387=ORIENTED_EDGE('',*,*,#699,.F.);
#388=ORIENTED_EDGE('',*,*,#700,.F.);
#389=ORIENTED_EDGE('',*,*,#699,.T.);
#390=ORIENTED_EDGE('',*,*,#669,.F.);
#391=ORIENTED_EDGE('',*,*,#701,.T.);
#392=ORIENTED_EDGE('',*,*,#702,.F.);
#393=ORIENTED_EDGE('',*,*,#701,.F.);
#394=ORIENTED_EDGE('',*,*,#667,.F.);
#395=ORIENTED_EDGE('',*,*,#703,.F.);
#396=ORIENTED_EDGE('',*,*,#704,.F.);
#397=ORIENTED_EDGE('',*,*,#703,.T.);
#398=ORIENTED_EDGE('',*,*,#665,.F.);
#399=ORIENTED_EDGE('',*,*,#572,.T.);
#400=ORIENTED_EDGE('',*,*,#616,.F.);
#401=ORIENTED_EDGE('',*,*,#644,.T.);
#402=ORIENTED_EDGE('',*,*,#705,.F.);
#403=ORIENTED_EDGE('',*,*,#571,.T.);
#404=ORIENTED_EDGE('',*,*,#706,.F.);
#405=ORIENTED_EDGE('',*,*,#704,.T.);
#406=ORIENTED_EDGE('',*,*,#705,.T.);
#407=ORIENTED_EDGE('',*,*,#654,.T.);
#408=ORIENTED_EDGE('',*,*,#706,.T.);
#409=ORIENTED_EDGE('',*,*,#653,.T.);
#410=ORIENTED_EDGE('',*,*,#707,.F.);
#411=ORIENTED_EDGE('',*,*,#702,.T.);
#412=ORIENTED_EDGE('',*,*,#708,.F.);
#413=ORIENTED_EDGE('',*,*,#700,.T.);
#414=ORIENTED_EDGE('',*,*,#707,.T.);
#415=ORIENTED_EDGE('',*,*,#652,.T.);
#416=ORIENTED_EDGE('',*,*,#697,.T.);
#417=ORIENTED_EDGE('',*,*,#708,.T.);
#418=ORIENTED_EDGE('',*,*,#651,.T.);
#419=ORIENTED_EDGE('',*,*,#709,.F.);
#420=ORIENTED_EDGE('',*,*,#649,.T.);
#421=ORIENTED_EDGE('',*,*,#710,.F.);
#422=ORIENTED_EDGE('',*,*,#692,.T.);
#423=ORIENTED_EDGE('',*,*,#711,.F.);
#424=ORIENTED_EDGE('',*,*,#712,.F.);
#425=ORIENTED_EDGE('',*,*,#688,.T.);
#426=ORIENTED_EDGE('',*,*,#710,.T.);
#427=ORIENTED_EDGE('',*,*,#648,.T.);
#428=ORIENTED_EDGE('',*,*,#712,.T.);
#429=ORIENTED_EDGE('',*,*,#647,.T.);
#430=ORIENTED_EDGE('',*,*,#713,.F.);
#431=ORIENTED_EDGE('',*,*,#685,.T.);
#432=ORIENTED_EDGE('',*,*,#714,.F.);
#433=ORIENTED_EDGE('',*,*,#682,.T.);
#434=ORIENTED_EDGE('',*,*,#713,.T.);
#435=ORIENTED_EDGE('',*,*,#646,.T.);
#436=ORIENTED_EDGE('',*,*,#714,.T.);
#437=ORIENTED_EDGE('',*,*,#645,.T.);
#438=ORIENTED_EDGE('',*,*,#614,.F.);
#439=ORIENTED_EDGE('',*,*,#679,.T.);
#440=ORIENTED_EDGE('',*,*,#650,.T.);
#441=ORIENTED_EDGE('',*,*,#711,.T.);
#442=ORIENTED_EDGE('',*,*,#691,.T.);
#443=ORIENTED_EDGE('',*,*,#695,.T.);
#444=ORIENTED_EDGE('',*,*,#698,.T.);
#445=ORIENTED_EDGE('',*,*,#709,.T.);
#446=ORIENTED_EDGE('',*,*,#715,.F.);
#447=ORIENTED_EDGE('',*,*,#716,.F.);
#448=ORIENTED_EDGE('',*,*,#717,.F.);
#449=ORIENTED_EDGE('',*,*,#718,.F.);
#450=ORIENTED_EDGE('',*,*,#719,.F.);
#451=ORIENTED_EDGE('',*,*,#720,.F.);
#452=ORIENTED_EDGE('',*,*,#605,.F.);
#453=ORIENTED_EDGE('',*,*,#643,.T.);
#454=ORIENTED_EDGE('',*,*,#638,.F.);
#455=ORIENTED_EDGE('',*,*,#606,.F.);
#456=ORIENTED_EDGE('',*,*,#720,.T.);
#457=ORIENTED_EDGE('',*,*,#721,.F.);
#458=ORIENTED_EDGE('',*,*,#677,.T.);
#459=ORIENTED_EDGE('',*,*,#722,.F.);
#460=ORIENTED_EDGE('',*,*,#680,.T.);
#461=ORIENTED_EDGE('',*,*,#721,.T.);
#462=ORIENTED_EDGE('',*,*,#719,.T.);
#463=ORIENTED_EDGE('',*,*,#722,.T.);
#464=ORIENTED_EDGE('',*,*,#718,.T.);
#465=ORIENTED_EDGE('',*,*,#723,.F.);
#466=ORIENTED_EDGE('',*,*,#683,.T.);
#467=ORIENTED_EDGE('',*,*,#724,.F.);
#468=ORIENTED_EDGE('',*,*,#686,.T.);
#469=ORIENTED_EDGE('',*,*,#723,.T.);
#470=ORIENTED_EDGE('',*,*,#717,.T.);
#471=ORIENTED_EDGE('',*,*,#689,.T.);
#472=ORIENTED_EDGE('',*,*,#724,.T.);
#473=ORIENTED_EDGE('',*,*,#716,.T.);
#474=ORIENTED_EDGE('',*,*,#725,.F.);
#475=ORIENTED_EDGE('',*,*,#696,.T.);
#476=ORIENTED_EDGE('',*,*,#715,.T.);
#477=ORIENTED_EDGE('',*,*,#637,.F.);
#478=ORIENTED_EDGE('',*,*,#655,.T.);
#479=ORIENTED_EDGE('',*,*,#693,.T.);
#480=ORIENTED_EDGE('',*,*,#725,.T.);
#481=ORIENTED_EDGE('',*,*,#726,.F.);
#482=ORIENTED_EDGE('',*,*,#580,.F.);
#483=ORIENTED_EDGE('',*,*,#589,.F.);
#484=ORIENTED_EDGE('',*,*,#727,.F.);
#485=ORIENTED_EDGE('',*,*,#728,.T.);
#486=ORIENTED_EDGE('',*,*,#729,.T.);
#487=ORIENTED_EDGE('',*,*,#727,.T.);
#488=ORIENTED_EDGE('',*,*,#588,.T.);
#489=ORIENTED_EDGE('',*,*,#590,.T.);
#490=ORIENTED_EDGE('',*,*,#595,.T.);
#491=ORIENTED_EDGE('',*,*,#567,.F.);
#492=ORIENTED_EDGE('',*,*,#730,.F.);
#493=ORIENTED_EDGE('',*,*,#731,.F.);
#494=ORIENTED_EDGE('',*,*,#732,.T.);
#495=ORIENTED_EDGE('',*,*,#733,.T.);
#496=ORIENTED_EDGE('',*,*,#734,.T.);
#497=ORIENTED_EDGE('',*,*,#735,.F.);
#498=ORIENTED_EDGE('',*,*,#736,.F.);
#499=ORIENTED_EDGE('',*,*,#731,.T.);
#500=ORIENTED_EDGE('',*,*,#737,.F.);
#501=ORIENTED_EDGE('',*,*,#738,.F.);
#502=ORIENTED_EDGE('',*,*,#739,.F.);
#503=ORIENTED_EDGE('',*,*,#735,.T.);
#504=ORIENTED_EDGE('',*,*,#740,.T.);
#505=ORIENTED_EDGE('',*,*,#741,.F.);
#506=ORIENTED_EDGE('',*,*,#742,.F.);
#507=ORIENTED_EDGE('',*,*,#743,.F.);
#508=ORIENTED_EDGE('',*,*,#565,.T.);
#509=ORIENTED_EDGE('',*,*,#744,.F.);
#510=ORIENTED_EDGE('',*,*,#745,.F.);
#511=ORIENTED_EDGE('',*,*,#583,.T.);
#512=ORIENTED_EDGE('',*,*,#746,.T.);
#513=ORIENTED_EDGE('',*,*,#745,.T.);
#514=ORIENTED_EDGE('',*,*,#747,.T.);
#515=ORIENTED_EDGE('',*,*,#748,.F.);
#516=ORIENTED_EDGE('',*,*,#749,.F.);
#517=ORIENTED_EDGE('',*,*,#632,.F.);
#518=ORIENTED_EDGE('',*,*,#750,.F.);
#519=ORIENTED_EDGE('',*,*,#748,.T.);
#520=ORIENTED_EDGE('',*,*,#751,.T.);
#521=ORIENTED_EDGE('',*,*,#738,.T.);
#522=ORIENTED_EDGE('',*,*,#752,.T.);
#523=ORIENTED_EDGE('',*,*,#741,.T.);
#524=ORIENTED_EDGE('',*,*,#753,.F.);
#525=ORIENTED_EDGE('',*,*,#733,.F.);
#526=ORIENTED_EDGE('',*,*,#754,.T.);
#527=ORIENTED_EDGE('',*,*,#603,.T.);
#528=ORIENTED_EDGE('',*,*,#676,.F.);
#529=ORIENTED_EDGE('',*,*,#584,.F.);
#530=ORIENTED_EDGE('',*,*,#749,.T.);
#531=ORIENTED_EDGE('',*,*,#750,.T.);
#532=ORIENTED_EDGE('',*,*,#631,.T.);
#533=ORIENTED_EDGE('',*,*,#642,.T.);
#534=ORIENTED_EDGE('',*,*,#732,.F.);
#535=ORIENTED_EDGE('',*,*,#736,.T.);
#536=ORIENTED_EDGE('',*,*,#739,.T.);
#537=ORIENTED_EDGE('',*,*,#754,.F.);
#538=ORIENTED_EDGE('',*,*,#575,.T.);
#539=ORIENTED_EDGE('',*,*,#600,.F.);
#540=ORIENTED_EDGE('',*,*,#609,.F.);
#541=ORIENTED_EDGE('',*,*,#633,.F.);
#542=ORIENTED_EDGE('',*,*,#751,.F.);
#543=ORIENTED_EDGE('',*,*,#747,.F.);
#544=ORIENTED_EDGE('',*,*,#744,.T.);
#545=ORIENTED_EDGE('',*,*,#730,.T.);
#546=ORIENTED_EDGE('',*,*,#753,.T.);
#547=ORIENTED_EDGE('',*,*,#740,.F.);
#548=ORIENTED_EDGE('',*,*,#734,.F.);
#549=ORIENTED_EDGE('',*,*,#752,.F.);
#550=ORIENTED_EDGE('',*,*,#737,.T.);
#551=ORIENTED_EDGE('',*,*,#576,.T.);
#552=ORIENTED_EDGE('',*,*,#755,.F.);
#553=ORIENTED_EDGE('',*,*,#582,.F.);
#554=ORIENTED_EDGE('',*,*,#675,.T.);
#555=ORIENTED_EDGE('',*,*,#566,.F.);
#556=ORIENTED_EDGE('',*,*,#743,.T.);
#557=ORIENTED_EDGE('',*,*,#756,.T.);
#558=ORIENTED_EDGE('',*,*,#728,.F.);
#559=ORIENTED_EDGE('',*,*,#726,.T.);
#560=ORIENTED_EDGE('',*,*,#729,.F.);
#561=ORIENTED_EDGE('',*,*,#756,.F.);
#562=ORIENTED_EDGE('',*,*,#742,.T.);
#563=ORIENTED_EDGE('',*,*,#746,.F.);
#564=ORIENTED_EDGE('',*,*,#755,.T.);
#565=EDGE_CURVE('',#757,#758,#880,.T.);
#566=EDGE_CURVE('',#757,#759,#881,.T.);
#567=EDGE_CURVE('',#759,#760,#882,.T.);
#568=EDGE_CURVE('',#760,#761,#136,.T.);
#569=EDGE_CURVE('',#761,#762,#883,.T.);
#570=EDGE_CURVE('',#763,#762,#137,.T.);
#571=EDGE_CURVE('',#764,#763,#138,.T.);
#572=EDGE_CURVE('',#765,#764,#884,.T.);
#573=EDGE_CURVE('',#766,#765,#139,.T.);
#574=EDGE_CURVE('',#767,#766,#140,.T.);
#575=EDGE_CURVE('',#758,#767,#885,.T.);
#576=EDGE_CURVE('',#768,#769,#886,.T.);
#577=EDGE_CURVE('',#770,#768,#887,.T.);
#578=EDGE_CURVE('',#770,#771,#888,.T.);
#579=EDGE_CURVE('',#771,#772,#141,.F.);
#580=EDGE_CURVE('',#772,#769,#889,.T.);
#581=EDGE_CURVE('',#773,#774,#890,.T.);
#582=EDGE_CURVE('',#774,#775,#891,.T.);
#583=EDGE_CURVE('',#776,#775,#892,.T.);
#584=EDGE_CURVE('',#776,#773,#893,.T.);
#585=EDGE_CURVE('',#777,#771,#47,.T.);
#586=EDGE_CURVE('',#778,#777,#48,.T.);
#587=EDGE_CURVE('',#778,#779,#49,.F.);
#588=EDGE_CURVE('',#780,#779,#142,.F.);
#589=EDGE_CURVE('',#780,#772,#44,.F.);
#590=EDGE_CURVE('',#779,#781,#894,.T.);
#591=EDGE_CURVE('',#782,#778,#143,.T.);
#592=EDGE_CURVE('',#782,#781,#895,.T.);
#593=EDGE_CURVE('',#770,#783,#896,.T.);
#594=EDGE_CURVE('',#777,#783,#144,.T.);
#595=EDGE_CURVE('',#781,#760,#50,.T.);
#596=EDGE_CURVE('',#784,#782,#51,.T.);
#597=EDGE_CURVE('',#785,#784,#52,.T.);
#598=EDGE_CURVE('',#761,#785,#897,.T.);
#599=EDGE_CURVE('',#786,#787,#53,.F.);
#600=EDGE_CURVE('',#786,#767,#145,.F.);
#601=EDGE_CURVE('',#766,#788,#54,.T.);
#602=EDGE_CURVE('',#788,#787,#55,.T.);
#603=EDGE_CURVE('',#789,#790,#146,.F.);
#604=EDGE_CURVE('',#791,#789,#56,.F.);
#605=EDGE_CURVE('',#791,#792,#57,.T.);
#606=EDGE_CURVE('',#792,#793,#58,.T.);
#607=EDGE_CURVE('',#793,#790,#147,.T.);
#608=EDGE_CURVE('',#794,#795,#59,.F.);
#609=EDGE_CURVE('',#795,#786,#60,.T.);
#610=EDGE_CURVE('',#796,#787,#61,.T.);
#611=EDGE_CURVE('',#796,#794,#62,.F.);
#612=EDGE_CURVE('',#797,#798,#148,.T.);
#613=EDGE_CURVE('',#798,#799,#149,.T.);
#614=EDGE_CURVE('',#799,#800,#63,.T.);
#615=EDGE_CURVE('',#800,#801,#64,.T.);
#616=EDGE_CURVE('',#801,#763,#65,.T.);
#617=EDGE_CURVE('',#762,#802,#150,.T.);
#618=EDGE_CURVE('',#802,#797,#66,.T.);
#619=EDGE_CURVE('',#803,#785,#151,.T.);
#620=EDGE_CURVE('',#803,#802,#67,.T.);
#621=EDGE_CURVE('',#804,#803,#68,.T.);
#622=EDGE_CURVE('',#804,#797,#69,.F.);
#623=EDGE_CURVE('',#805,#806,#70,.T.);
#624=EDGE_CURVE('',#806,#804,#152,.T.);
#625=EDGE_CURVE('',#783,#805,#71,.T.);
#626=EDGE_CURVE('',#806,#807,#898,.T.);
#627=EDGE_CURVE('',#798,#807,#899,.T.);
#628=EDGE_CURVE('',#805,#808,#900,.T.);
#629=EDGE_CURVE('',#807,#808,#153,.T.);
#630=EDGE_CURVE('',#808,#770,#154,.T.);
#631=EDGE_CURVE('',#809,#810,#901,.F.);
#632=EDGE_CURVE('',#809,#811,#155,.F.);
#633=EDGE_CURVE('',#811,#795,#902,.F.);
#634=EDGE_CURVE('',#796,#812,#903,.T.);
#635=EDGE_CURVE('',#812,#813,#72,.T.);
#636=EDGE_CURVE('',#813,#814,#156,.T.);
#637=EDGE_CURVE('',#814,#815,#73,.T.);
#638=EDGE_CURVE('',#815,#816,#904,.T.);
#639=EDGE_CURVE('',#810,#816,#74,.F.);
#640=EDGE_CURVE('',#817,#817,#157,.T.);
#641=EDGE_CURVE('',#818,#818,#158,.T.);
#642=EDGE_CURVE('',#810,#789,#75,.T.);
#643=EDGE_CURVE('',#791,#816,#76,.T.);
#644=EDGE_CURVE('',#801,#819,#159,.T.);
#645=EDGE_CURVE('',#820,#800,#160,.T.);
#646=EDGE_CURVE('',#821,#820,#77,.F.);
#647=EDGE_CURVE('',#822,#821,#905,.T.);
#648=EDGE_CURVE('',#823,#822,#78,.F.);
#649=EDGE_CURVE('',#824,#823,#161,.T.);
#650=EDGE_CURVE('',#825,#824,#79,.F.);
#651=EDGE_CURVE('',#826,#825,#162,.T.);
#652=EDGE_CURVE('',#827,#826,#80,.F.);
#653=EDGE_CURVE('',#828,#827,#906,.T.);
#654=EDGE_CURVE('',#819,#828,#81,.F.);
#655=EDGE_CURVE('',#814,#829,#82,.F.);
#656=EDGE_CURVE('',#830,#813,#83,.F.);
#657=EDGE_CURVE('',#830,#829,#907,.T.);
#658=EDGE_CURVE('',#831,#788,#163,.T.);
#659=EDGE_CURVE('',#832,#831,#84,.F.);
#660=EDGE_CURVE('',#833,#832,#908,.T.);
#661=EDGE_CURVE('',#834,#833,#85,.F.);
#662=EDGE_CURVE('',#835,#834,#164,.T.);
#663=EDGE_CURVE('',#812,#835,#86,.F.);
#664=EDGE_CURVE('',#831,#765,#87,.F.);
#665=EDGE_CURVE('',#765,#836,#88,.F.);
#666=EDGE_CURVE('',#832,#836,#89,.T.);
#667=EDGE_CURVE('',#836,#837,#909,.T.);
#668=EDGE_CURVE('',#833,#837,#90,.F.);
#669=EDGE_CURVE('',#837,#838,#91,.F.);
#670=EDGE_CURVE('',#834,#838,#92,.T.);
#671=EDGE_CURVE('',#838,#839,#165,.T.);
#672=EDGE_CURVE('',#839,#840,#166,.T.);
#673=EDGE_CURVE('',#835,#840,#93,.F.);
#674=EDGE_CURVE('',#840,#830,#94,.F.);
#675=EDGE_CURVE('',#774,#768,#910,.T.);
#676=EDGE_CURVE('',#773,#790,#911,.T.);
#677=EDGE_CURVE('',#841,#793,#167,.T.);
#678=EDGE_CURVE('',#842,#841,#912,.T.);
#679=EDGE_CURVE('',#799,#842,#168,.T.);
#680=EDGE_CURVE('',#843,#841,#95,.F.);
#681=EDGE_CURVE('',#843,#844,#913,.T.);
#682=EDGE_CURVE('',#842,#844,#96,.F.);
#683=EDGE_CURVE('',#845,#843,#914,.T.);
#684=EDGE_CURVE('',#846,#845,#915,.T.);
#685=EDGE_CURVE('',#844,#846,#916,.T.);
#686=EDGE_CURVE('',#847,#845,#97,.F.);
#687=EDGE_CURVE('',#847,#848,#917,.T.);
#688=EDGE_CURVE('',#846,#848,#98,.F.);
#689=EDGE_CURVE('',#849,#847,#169,.T.);
#690=EDGE_CURVE('',#850,#849,#918,.T.);
#691=EDGE_CURVE('',#851,#850,#170,.T.);
#692=EDGE_CURVE('',#848,#851,#171,.T.);
#693=EDGE_CURVE('',#829,#852,#99,.F.);
#694=EDGE_CURVE('',#839,#853,#919,.T.);
#695=EDGE_CURVE('',#850,#853,#100,.F.);
#696=EDGE_CURVE('',#852,#849,#172,.T.);
#697=EDGE_CURVE('',#854,#855,#173,.T.);
#698=EDGE_CURVE('',#853,#854,#174,.T.);
#699=EDGE_CURVE('',#855,#838,#920,.T.);
#700=EDGE_CURVE('',#855,#856,#101,.F.);
#701=EDGE_CURVE('',#837,#856,#921,.T.);
#702=EDGE_CURVE('',#856,#857,#922,.T.);
#703=EDGE_CURVE('',#857,#836,#923,.T.);
#704=EDGE_CURVE('',#857,#764,#102,.F.);
#705=EDGE_CURVE('',#764,#819,#103,.F.);
#706=EDGE_CURVE('',#857,#828,#104,.T.);
#707=EDGE_CURVE('',#856,#827,#105,.F.);
#708=EDGE_CURVE('',#855,#826,#106,.T.);
#709=EDGE_CURVE('',#854,#825,#107,.F.);
#710=EDGE_CURVE('',#848,#823,#108,.F.);
#711=EDGE_CURVE('',#824,#851,#109,.F.);
#712=EDGE_CURVE('',#846,#822,#110,.T.);
#713=EDGE_CURVE('',#844,#821,#111,.F.);
#714=EDGE_CURVE('',#842,#820,#112,.T.);
#715=EDGE_CURVE('',#858,#815,#113,.F.);
#716=EDGE_CURVE('',#859,#858,#175,.T.);
#717=EDGE_CURVE('',#860,#859,#114,.F.);
#718=EDGE_CURVE('',#861,#860,#924,.T.);
#719=EDGE_CURVE('',#862,#861,#115,.F.);
#720=EDGE_CURVE('',#792,#862,#176,.T.);
#721=EDGE_CURVE('',#841,#862,#116,.F.);
#722=EDGE_CURVE('',#843,#861,#117,.T.);
#723=EDGE_CURVE('',#845,#860,#118,.F.);
#724=EDGE_CURVE('',#847,#859,#119,.T.);
#725=EDGE_CURVE('',#852,#858,#120,.F.);
#726=EDGE_CURVE('',#769,#863,#45,.T.);
#727=EDGE_CURVE('',#863,#780,#925,.T.);
#728=EDGE_CURVE('',#759,#864,#926,.T.);
#729=EDGE_CURVE('',#864,#863,#177,.T.);
#730=EDGE_CURVE('',#865,#866,#927,.T.);
#731=EDGE_CURVE('',#867,#865,#928,.T.);
#732=EDGE_CURVE('',#867,#868,#929,.T.);
#733=EDGE_CURVE('',#868,#866,#930,.T.);
#734=EDGE_CURVE('',#865,#869,#931,.T.);
#735=EDGE_CURVE('',#870,#869,#932,.T.);
#736=EDGE_CURVE('',#867,#870,#933,.T.);
#737=EDGE_CURVE('',#871,#872,#178,.F.);
#738=EDGE_CURVE('',#873,#871,#934,.T.);
#739=EDGE_CURVE('',#870,#873,#935,.T.);
#740=EDGE_CURVE('',#869,#874,#936,.T.);
#741=EDGE_CURVE('',#872,#874,#937,.T.);
#742=EDGE_CURVE('',#875,#876,#46,.T.);
#743=EDGE_CURVE('',#757,#875,#938,.T.);
#744=EDGE_CURVE('',#877,#758,#939,.T.);
#745=EDGE_CURVE('',#876,#877,#940,.T.);
#746=EDGE_CURVE('',#775,#876,#179,.T.);
#747=EDGE_CURVE('',#877,#878,#941,.T.);
#748=EDGE_CURVE('',#879,#878,#942,.T.);
#749=EDGE_CURVE('',#776,#879,#943,.T.);
#750=EDGE_CURVE('',#879,#809,#944,.T.);
#751=EDGE_CURVE('',#878,#811,#945,.T.);
#752=EDGE_CURVE('',#871,#872,#180,.F.);
#753=EDGE_CURVE('',#866,#874,#946,.T.);
#754=EDGE_CURVE('',#868,#873,#947,.T.);
#755=EDGE_CURVE('',#775,#769,#948,.T.);
#756=EDGE_CURVE('',#875,#864,#949,.T.);
#757=VERTEX_POINT('',#1673);
#758=VERTEX_POINT('',#1674);
#759=VERTEX_POINT('',#1676);
#760=VERTEX_POINT('',#1678);
#761=VERTEX_POINT('',#1680);
#762=VERTEX_POINT('',#1682);
#763=VERTEX_POINT('',#1684);
#764=VERTEX_POINT('',#1686);
#765=VERTEX_POINT('',#1688);
#766=VERTEX_POINT('',#1690);
#767=VERTEX_POINT('',#1692);
#768=VERTEX_POINT('',#1696);
#769=VERTEX_POINT('',#1697);
#770=VERTEX_POINT('',#1699);
#771=VERTEX_POINT('',#1701);
#772=VERTEX_POINT('',#1703);
#773=VERTEX_POINT('',#1707);
#774=VERTEX_POINT('',#1708);
#775=VERTEX_POINT('',#1710);
#776=VERTEX_POINT('',#1712);
#777=VERTEX_POINT('',#1719);
#778=VERTEX_POINT('',#1727);
#779=VERTEX_POINT('',#1732);
#780=VERTEX_POINT('',#1734);
#781=VERTEX_POINT('',#1738);
#782=VERTEX_POINT('',#1740);
#783=VERTEX_POINT('',#1744);
#784=VERTEX_POINT('',#1768);
#785=VERTEX_POINT('',#1779);
#786=VERTEX_POINT('',#1793);
#787=VERTEX_POINT('',#1794);
#788=VERTEX_POINT('',#1800);
#789=VERTEX_POINT('',#1810);
#790=VERTEX_POINT('',#1811);
#791=VERTEX_POINT('',#1833);
#792=VERTEX_POINT('',#1839);
#793=VERTEX_POINT('',#1844);
#794=VERTEX_POINT('',#1893);
#795=VERTEX_POINT('',#1894);
#796=VERTEX_POINT('',#1904);
#797=VERTEX_POINT('',#1912);
#798=VERTEX_POINT('',#1913);
#799=VERTEX_POINT('',#1915);
#800=VERTEX_POINT('',#1921);
#801=VERTEX_POINT('',#1935);
#802=VERTEX_POINT('',#1942);
#803=VERTEX_POINT('',#1952);
#804=VERTEX_POINT('',#1965);
#805=VERTEX_POINT('',#1979);
#806=VERTEX_POINT('',#1980);
#807=VERTEX_POINT('',#1992);
#808=VERTEX_POINT('',#2003);
#809=VERTEX_POINT('',#2016);
#810=VERTEX_POINT('',#2017);
#811=VERTEX_POINT('',#2019);
#812=VERTEX_POINT('',#2022);
#813=VERTEX_POINT('',#2028);
#814=VERTEX_POINT('',#2030);
#815=VERTEX_POINT('',#2036);
#816=VERTEX_POINT('',#2038);
#817=VERTEX_POINT('',#2049);
#818=VERTEX_POINT('',#2052);
#819=VERTEX_POINT('',#2107);
#820=VERTEX_POINT('',#2109);
#821=VERTEX_POINT('',#2115);
#822=VERTEX_POINT('',#2117);
#823=VERTEX_POINT('',#2123);
#824=VERTEX_POINT('',#2125);
#825=VERTEX_POINT('',#2181);
#826=VERTEX_POINT('',#2183);
#827=VERTEX_POINT('',#2189);
#828=VERTEX_POINT('',#2191);
#829=VERTEX_POINT('',#2206);
#830=VERTEX_POINT('',#2215);
#831=VERTEX_POINT('',#2219);
#832=VERTEX_POINT('',#2225);
#833=VERTEX_POINT('',#2227);
#834=VERTEX_POINT('',#2233);
#835=VERTEX_POINT('',#2235);
#836=VERTEX_POINT('',#2310);
#837=VERTEX_POINT('',#2317);
#838=VERTEX_POINT('',#2356);
#839=VERTEX_POINT('',#2363);
#840=VERTEX_POINT('',#2365);
#841=VERTEX_POINT('',#2569);
#842=VERTEX_POINT('',#2571);
#843=VERTEX_POINT('',#2583);
#844=VERTEX_POINT('',#2585);
#845=VERTEX_POINT('',#2597);
#846=VERTEX_POINT('',#2599);
#847=VERTEX_POINT('',#2611);
#848=VERTEX_POINT('',#2613);
#849=VERTEX_POINT('',#2625);
#850=VERTEX_POINT('',#2627);
#851=VERTEX_POINT('',#2629);
#852=VERTEX_POINT('',#2694);
#853=VERTEX_POINT('',#2696);
#854=VERTEX_POINT('',#2779);
#855=VERTEX_POINT('',#2780);
#856=VERTEX_POINT('',#2793);
#857=VERTEX_POINT('',#2797);
#858=VERTEX_POINT('',#3136);
#859=VERTEX_POINT('',#3138);
#860=VERTEX_POINT('',#3144);
#861=VERTEX_POINT('',#3146);
#862=VERTEX_POINT('',#3152);
#863=VERTEX_POINT('',#3380);
#864=VERTEX_POINT('',#3384);
#865=VERTEX_POINT('',#3388);
#866=VERTEX_POINT('',#3389);
#867=VERTEX_POINT('',#3391);
#868=VERTEX_POINT('',#3393);
#869=VERTEX_POINT('',#3397);
#870=VERTEX_POINT('',#3399);
#871=VERTEX_POINT('',#3403);
#872=VERTEX_POINT('',#3404);
#873=VERTEX_POINT('',#3406);
#874=VERTEX_POINT('',#3409);
#875=VERTEX_POINT('',#3413);
#876=VERTEX_POINT('',#3414);
#877=VERTEX_POINT('',#3417);
#878=VERTEX_POINT('',#3422);
#879=VERTEX_POINT('',#3424);
#880=LINE('',#1672,#950);
#881=LINE('',#1675,#951);
#882=LINE('',#1677,#952);
#883=LINE('',#1681,#953);
#884=LINE('',#1687,#954);
#885=LINE('',#1693,#955);
#886=LINE('',#1695,#956);
#887=LINE('',#1698,#957);
#888=LINE('',#1700,#958);
#889=LINE('',#1704,#959);
#890=LINE('',#1706,#960);
#891=LINE('',#1709,#961);
#892=LINE('',#1711,#962);
#893=LINE('',#1713,#963);
#894=LINE('',#1737,#964);
#895=LINE('',#1741,#965);
#896=LINE('',#1743,#966);
#897=LINE('',#1780,#967);
#898=LINE('',#1991,#968);
#899=LINE('',#1993,#969);
#900=LINE('',#2002,#970);
#901=LINE('',#2015,#971);
#902=LINE('',#2020,#972);
#903=LINE('',#2021,#973);
#904=LINE('',#2037,#974);
#905=LINE('',#2116,#975);
#906=LINE('',#2190,#976);
#907=LINE('',#2216,#977);
#908=LINE('',#2226,#978);
#909=LINE('',#2316,#979);
#910=LINE('',#2566,#980);
#911=LINE('',#2567,#981);
#912=LINE('',#2570,#982);
#913=LINE('',#2584,#983);
#914=LINE('',#2596,#984);
#915=LINE('',#2598,#985);
#916=LINE('',#2600,#986);
#917=LINE('',#2612,#987);
#918=LINE('',#2626,#988);
#919=LINE('',#2695,#989);
#920=LINE('',#2782,#990);
#921=LINE('',#2794,#991);
#922=LINE('',#2796,#992);
#923=LINE('',#2798,#993);
#924=LINE('',#3145,#994);
#925=LINE('',#3381,#995);
#926=LINE('',#3383,#996);
#927=LINE('',#3387,#997);
#928=LINE('',#3390,#998);
#929=LINE('',#3392,#999);
#930=LINE('',#3394,#1000);
#931=LINE('',#3396,#1001);
#932=LINE('',#3398,#1002);
#933=LINE('',#3400,#1003);
#934=LINE('',#3405,#1004);
#935=LINE('',#3407,#1005);
#936=LINE('',#3408,#1006);
#937=LINE('',#3410,#1007);
#938=LINE('',#3415,#1008);
#939=LINE('',#3416,#1009);
#940=LINE('',#3418,#1010);
#941=LINE('',#3421,#1011);
#942=LINE('',#3423,#1012);
#943=LINE('',#3425,#1013);
#944=LINE('',#3427,#1014);
#945=LINE('',#3428,#1015);
#946=LINE('',#3431,#1016);
#947=LINE('',#3432,#1017);
#948=LINE('',#3437,#1018);
#949=LINE('',#3439,#1019);
#950=VECTOR('',#1394,1.);
#951=VECTOR('',#1395,1.);
#952=VECTOR('',#1396,1.);
#953=VECTOR('',#1399,1.);
#954=VECTOR('',#1404,1.);
#955=VECTOR('',#1409,1.);
#956=VECTOR('',#1412,1.);
#957=VECTOR('',#1413,1.);
#958=VECTOR('',#1414,1.);
#959=VECTOR('',#1417,1.);
#960=VECTOR('',#1420,1.);
#961=VECTOR('',#1421,1.);
#962=VECTOR('',#1422,1.);
#963=VECTOR('',#1423,1.);
#964=VECTOR('',#1432,1.);
#965=VECTOR('',#1435,1.);
#966=VECTOR('',#1438,1.);
#967=VECTOR('',#1441,1.);
#968=VECTOR('',#1472,1.);
#969=VECTOR('',#1473,1.);
#970=VECTOR('',#1474,1.);
#971=VECTOR('',#1481,1.);
#972=VECTOR('',#1484,1.);
#973=VECTOR('',#1485,1.);
#974=VECTOR('',#1488,1.);
#975=VECTOR('',#1503,1.);
#976=VECTOR('',#1508,1.);
#977=VECTOR('',#1511,1.);
#978=VECTOR('',#1516,1.);
#979=VECTOR('',#1523,1.);
#980=VECTOR('',#1532,1.);
#981=VECTOR('',#1533,1.);
#982=VECTOR('',#1536,1.);
#983=VECTOR('',#1541,1.);
#984=VECTOR('',#1544,1.);
#985=VECTOR('',#1545,1.);
#986=VECTOR('',#1546,1.);
#987=VECTOR('',#1549,1.);
#988=VECTOR('',#1554,1.);
#989=VECTOR('',#1559,1.);
#990=VECTOR('',#1568,1.);
#991=VECTOR('',#1571,1.);
#992=VECTOR('',#1574,1.);
#993=VECTOR('',#1575,1.);
#994=VECTOR('',#1594,1.);
#995=VECTOR('',#1607,1.);
#996=VECTOR('',#1610,1.);
#997=VECTOR('',#1615,1.);
#998=VECTOR('',#1616,1.);
#999=VECTOR('',#1617,1.);
#1000=VECTOR('',#1618,1.);
#1001=VECTOR('',#1621,1.);
#1002=VECTOR('',#1622,1.);
#1003=VECTOR('',#1623,1.);
#1004=VECTOR('',#1628,1.);
#1005=VECTOR('',#1629,1.);
#1006=VECTOR('',#1630,1.);
#1007=VECTOR('',#1631,1.);
#1008=VECTOR('',#1636,1.);
#1009=VECTOR('',#1637,1.);
#1010=VECTOR('',#1638,1.);
#1011=VECTOR('',#1643,1.);
#1012=VECTOR('',#1644,1.);
#1013=VECTOR('',#1645,1.);
#1014=VECTOR('',#1648,1.);
#1015=VECTOR('',#1649,1.);
#1016=VECTOR('',#1654,1.);
#1017=VECTOR('',#1655,1.);
#1018=VECTOR('',#1664,1.);
#1019=VECTOR('',#1667,1.);
#1020=EDGE_LOOP('',(#181,#182,#183,#184,#185,#186,#187,#188,#189,#190,#191));
#1021=EDGE_LOOP('',(#192,#193,#194,#195,#196));
#1022=EDGE_LOOP('',(#197,#198,#199,#200));
#1023=EDGE_LOOP('',(#201,#202,#203,#204,#205,#206));
#1024=EDGE_LOOP('',(#207,#208,#209,#210));
#1025=EDGE_LOOP('',(#211,#212,#213,#214));
#1026=EDGE_LOOP('',(#215,#216,#217,#218,#219,#220));
#1027=EDGE_LOOP('',(#221,#222,#223,#224,#225));
#1028=EDGE_LOOP('',(#226,#227,#228,#229,#230));
#1029=EDGE_LOOP('',(#231,#232,#233,#234,#235));
#1030=EDGE_LOOP('',(#236,#237,#238,#239,#240,#241,#242,#243));
#1031=EDGE_LOOP('',(#244,#245,#246,#247,#248));
#1032=EDGE_LOOP('',(#249,#250,#251,#252));
#1033=EDGE_LOOP('',(#253,#254,#255,#256,#257,#258,#259,#260,#261,#262));
#1034=EDGE_LOOP('',(#263,#264,#265,#266,#267));
#1035=EDGE_LOOP('',(#268,#269,#270,#271));
#1036=EDGE_LOOP('',(#272,#273,#274,#275));
#1037=EDGE_LOOP('',(#276,#277,#278,#279,#280,#281,#282,#283,#284,#285,#286));
#1038=EDGE_LOOP('',(#287));
#1039=EDGE_LOOP('',(#288));
#1040=EDGE_LOOP('',(#289));
#1041=EDGE_LOOP('',(#290));
#1042=EDGE_LOOP('',(#291,#292,#293,#294));
#1043=EDGE_LOOP('',(#295,#296,#297,#298,#299,#300,#301,#302,#303,#304,#305,
#306));
#1044=EDGE_LOOP('',(#307,#308,#309,#310));
#1045=EDGE_LOOP('',(#311,#312,#313,#314,#315,#316,#317,#318,#319));
#1046=EDGE_LOOP('',(#320,#321,#322,#323));
#1047=EDGE_LOOP('',(#324,#325,#326,#327));
#1048=EDGE_LOOP('',(#328,#329,#330,#331));
#1049=EDGE_LOOP('',(#332,#333,#334,#335));
#1050=EDGE_LOOP('',(#336,#337,#338,#339,#340));
#1051=EDGE_LOOP('',(#341,#342,#343,#344,#345));
#1052=EDGE_LOOP('',(#346,#347,#348,#349,#350,#351,#352,#353,#354,#355,#356,
#357));
#1053=EDGE_LOOP('',(#358,#359,#360,#361));
#1054=EDGE_LOOP('',(#362,#363,#364,#365));
#1055=EDGE_LOOP('',(#366,#367,#368,#369));
#1056=EDGE_LOOP('',(#370,#371,#372,#373,#374));
#1057=EDGE_LOOP('',(#375,#376,#377,#378,#379,#380,#381,#382));
#1058=EDGE_LOOP('',(#383,#384,#385,#386,#387));
#1059=EDGE_LOOP('',(#388,#389,#390,#391));
#1060=EDGE_LOOP('',(#392,#393,#394,#395));
#1061=EDGE_LOOP('',(#396,#397,#398,#399));
#1062=EDGE_LOOP('',(#400,#401,#402,#403));
#1063=EDGE_LOOP('',(#404,#405,#406,#407));
#1064=EDGE_LOOP('',(#408,#409,#410,#411));
#1065=EDGE_LOOP('',(#412,#413,#414,#415));
#1066=EDGE_LOOP('',(#416,#417,#418,#419));
#1067=EDGE_LOOP('',(#420,#421,#422,#423));
#1068=EDGE_LOOP('',(#424,#425,#426,#427));
#1069=EDGE_LOOP('',(#428,#429,#430,#431));
#1070=EDGE_LOOP('',(#432,#433,#434,#435));
#1071=EDGE_LOOP('',(#436,#437,#438,#439));
#1072=EDGE_LOOP('',(#440,#441,#442,#443,#444,#445));
#1073=EDGE_LOOP('',(#446,#447,#448,#449,#450,#451,#452,#453,#454));
#1074=EDGE_LOOP('',(#455,#456,#457,#458));
#1075=EDGE_LOOP('',(#459,#460,#461,#462));
#1076=EDGE_LOOP('',(#463,#464,#465,#466));
#1077=EDGE_LOOP('',(#467,#468,#469,#470));
#1078=EDGE_LOOP('',(#471,#472,#473,#474,#475));
#1079=EDGE_LOOP('',(#476,#477,#478,#479,#480));
#1080=EDGE_LOOP('',(#481,#482,#483,#484));
#1081=EDGE_LOOP('',(#485,#486,#487,#488,#489,#490,#491));
#1082=EDGE_LOOP('',(#492,#493,#494,#495));
#1083=EDGE_LOOP('',(#496,#497,#498,#499));
#1084=EDGE_LOOP('',(#500,#501,#502,#503,#504,#505));
#1085=EDGE_LOOP('',(#506,#507,#508,#509,#510));
#1086=EDGE_LOOP('',(#511,#512,#513,#514,#515,#516));
#1087=EDGE_LOOP('',(#517,#518,#519,#520));
#1088=EDGE_LOOP('',(#521,#522,#523,#524,#525,#526));
#1089=EDGE_LOOP('',(#527,#528,#529,#530,#531,#532,#533));
#1090=EDGE_LOOP('',(#534,#535,#536,#537));
#1091=EDGE_LOOP('',(#538,#539,#540,#541,#542,#543,#544));
#1092=EDGE_LOOP('',(#545,#546,#547,#548));
#1093=EDGE_LOOP('',(#549,#550));
#1094=EDGE_LOOP('',(#551,#552,#553,#554));
#1095=EDGE_LOOP('',(#555,#556,#557,#558));
#1096=EDGE_LOOP('',(#559,#560,#561,#562,#563,#564));
#1097=FACE_BOUND('',#1020,.T.);
#1098=FACE_BOUND('',#1021,.T.);
#1099=FACE_BOUND('',#1022,.T.);
#1100=FACE_BOUND('',#1023,.T.);
#1101=FACE_BOUND('',#1024,.T.);
#1102=FACE_BOUND('',#1025,.T.);
#1103=FACE_BOUND('',#1026,.T.);
#1104=FACE_BOUND('',#1027,.T.);
#1105=FACE_BOUND('',#1028,.T.);
#1106=FACE_BOUND('',#1029,.T.);
#1107=FACE_BOUND('',#1030,.T.);
#1108=FACE_BOUND('',#1031,.T.);
#1109=FACE_BOUND('',#1032,.T.);
#1110=FACE_BOUND('',#1033,.T.);
#1111=FACE_BOUND('',#1034,.T.);
#1112=FACE_BOUND('',#1035,.T.);
#1113=FACE_BOUND('',#1036,.T.);
#1114=FACE_BOUND('',#1037,.T.);
#1115=FACE_BOUND('',#1038,.T.);
#1116=FACE_BOUND('',#1039,.T.);
#1117=FACE_BOUND('',#1040,.T.);
#1118=FACE_BOUND('',#1041,.T.);
#1119=FACE_BOUND('',#1042,.T.);
#1120=FACE_BOUND('',#1043,.T.);
#1121=FACE_BOUND('',#1044,.T.);
#1122=FACE_BOUND('',#1045,.T.);
#1123=FACE_BOUND('',#1046,.T.);
#1124=FACE_BOUND('',#1047,.T.);
#1125=FACE_BOUND('',#1048,.T.);
#1126=FACE_BOUND('',#1049,.T.);
#1127=FACE_BOUND('',#1050,.T.);
#1128=FACE_BOUND('',#1051,.T.);
#1129=FACE_BOUND('',#1052,.T.);
#1130=FACE_BOUND('',#1053,.T.);
#1131=FACE_BOUND('',#1054,.T.);
#1132=FACE_BOUND('',#1055,.T.);
#1133=FACE_BOUND('',#1056,.T.);
#1134=FACE_BOUND('',#1057,.T.);
#1135=FACE_BOUND('',#1058,.T.);
#1136=FACE_BOUND('',#1059,.T.);
#1137=FACE_BOUND('',#1060,.T.);
#1138=FACE_BOUND('',#1061,.T.);
#1139=FACE_BOUND('',#1062,.T.);
#1140=FACE_BOUND('',#1063,.T.);
#1141=FACE_BOUND('',#1064,.T.);
#1142=FACE_BOUND('',#1065,.T.);
#1143=FACE_BOUND('',#1066,.T.);
#1144=FACE_BOUND('',#1067,.T.);
#1145=FACE_BOUND('',#1068,.T.);
#1146=FACE_BOUND('',#1069,.T.);
#1147=FACE_BOUND('',#1070,.T.);
#1148=FACE_BOUND('',#1071,.T.);
#1149=FACE_BOUND('',#1072,.T.);
#1150=FACE_BOUND('',#1073,.T.);
#1151=FACE_BOUND('',#1074,.T.);
#1152=FACE_BOUND('',#1075,.T.);
#1153=FACE_BOUND('',#1076,.T.);
#1154=FACE_BOUND('',#1077,.T.);
#1155=FACE_BOUND('',#1078,.T.);
#1156=FACE_BOUND('',#1079,.T.);
#1157=FACE_BOUND('',#1080,.T.);
#1158=FACE_BOUND('',#1081,.T.);
#1159=FACE_BOUND('',#1082,.T.);
#1160=FACE_BOUND('',#1083,.T.);
#1161=FACE_BOUND('',#1084,.T.);
#1162=FACE_BOUND('',#1085,.T.);
#1163=FACE_BOUND('',#1086,.T.);
#1164=FACE_BOUND('',#1087,.T.);
#1165=FACE_BOUND('',#1088,.T.);
#1166=FACE_BOUND('',#1089,.T.);
#1167=FACE_BOUND('',#1090,.T.);
#1168=FACE_BOUND('',#1091,.T.);
#1169=FACE_BOUND('',#1092,.T.);
#1170=FACE_BOUND('',#1093,.T.);
#1171=FACE_BOUND('',#1094,.T.);
#1172=FACE_BOUND('',#1095,.T.);
#1173=FACE_BOUND('',#1096,.T.);
#1174=PLANE('',#1286);
#1175=PLANE('',#1292);
#1176=PLANE('',#1294);
#1177=PLANE('',#1298);
#1178=PLANE('',#1300);
#1179=PLANE('',#1311);
#1180=PLANE('',#1316);
#1181=PLANE('',#1331);
#1182=PLANE('',#1340);
#1183=PLANE('',#1344);
#1184=PLANE('',#1346);
#1185=PLANE('',#1351);
#1186=PLANE('',#1355);
#1187=PLANE('',#1369);
#1188=PLANE('',#1371);
#1189=PLANE('',#1373);
#1190=PLANE('',#1374);
#1191=PLANE('',#1375);
#1192=PLANE('',#1377);
#1193=PLANE('',#1379);
#1194=PLANE('',#1381);
#1195=PLANE('',#1382);
#1196=PLANE('',#1384);
#1197=PLANE('',#1385);
#1198=PLANE('',#1387);
#1199=PLANE('',#1388);
#1200=ADVANCED_FACE('',(#1097),#1174,.T.);
#1201=ADVANCED_FACE('',(#1098),#1175,.F.);
#1202=ADVANCED_FACE('',(#1099),#1176,.T.);
#1203=ADVANCED_FACE('',(#1100),#121,.F.);
#1204=ADVANCED_FACE('',(#1101),#1177,.F.);
#1205=ADVANCED_FACE('',(#1102),#1178,.F.);
#1206=ADVANCED_FACE('',(#1103),#41,.F.);
#1207=ADVANCED_FACE('',(#1104),#35,.T.);
#1208=ADVANCED_FACE('',(#1105),#36,.T.);
#1209=ADVANCED_FACE('',(#1106),#21,.T.);
#1210=ADVANCED_FACE('',(#1107),#37,.T.);
#1211=ADVANCED_FACE('',(#1108),#1179,.F.);
#1212=ADVANCED_FACE('',(#1109),#122,.F.);
#1213=ADVANCED_FACE('',(#1110),#38,.F.);
#1214=ADVANCED_FACE('',(#1111),#1180,.F.);
#1215=ADVANCED_FACE('',(#1112),#42,.F.);
#1216=ADVANCED_FACE('',(#1113),#43,.F.);
#1217=ADVANCED_FACE('',(#1114,#1115),#123,.T.);
#1218=ADVANCED_FACE('',(#1116,#1117),#20,.T.);
#1219=ADVANCED_FACE('',(#1118),#39,.T.);
#1220=ADVANCED_FACE('',(#1119),#22,.T.);
#1221=ADVANCED_FACE('',(#1120),#124,.F.);
#1222=ADVANCED_FACE('',(#1121),#1181,.T.);
#1223=ADVANCED_FACE('',(#1122),#125,.T.);
#1224=ADVANCED_FACE('',(#1123),#12,.T.);
#1225=ADVANCED_FACE('',(#1124),#23,.F.);
#1226=ADVANCED_FACE('',(#1125),#126,.T.);
#1227=ADVANCED_FACE('',(#1126),#24,.F.);
#1228=ADVANCED_FACE('',(#1127),#13,.T.);
#1229=ADVANCED_FACE('',(#1128),#25,.F.);
#1230=ADVANCED_FACE('',(#1129),#1182,.T.);
#1231=ADVANCED_FACE('',(#1130),#127,.T.);
#1232=ADVANCED_FACE('',(#1131),#1183,.T.);
#1233=ADVANCED_FACE('',(#1132),#128,.T.);
#1234=ADVANCED_FACE('',(#1133),#1184,.F.);
#1235=ADVANCED_FACE('',(#1134),#26,.F.);
#1236=ADVANCED_FACE('',(#1135),#1185,.F.);
#1237=ADVANCED_FACE('',(#1136),#129,.T.);
#1238=ADVANCED_FACE('',(#1137),#1186,.F.);
#1239=ADVANCED_FACE('',(#1138),#130,.T.);
#1240=ADVANCED_FACE('',(#1139),#14,.T.);
#1241=ADVANCED_FACE('',(#1140),#27,.F.);
#1242=ADVANCED_FACE('',(#1141),#131,.T.);
#1243=ADVANCED_FACE('',(#1142),#28,.F.);
#1244=ADVANCED_FACE('',(#1143),#15,.T.);
#1245=ADVANCED_FACE('',(#1144),#16,.T.);
#1246=ADVANCED_FACE('',(#1145),#29,.F.);
#1247=ADVANCED_FACE('',(#1146),#132,.T.);
#1248=ADVANCED_FACE('',(#1147),#30,.F.);
#1249=ADVANCED_FACE('',(#1148),#17,.T.);
#1250=ADVANCED_FACE('',(#1149),#31,.F.);
#1251=ADVANCED_FACE('',(#1150),#133,.T.);
#1252=ADVANCED_FACE('',(#1151),#18,.T.);
#1253=ADVANCED_FACE('',(#1152),#32,.F.);
#1254=ADVANCED_FACE('',(#1153),#134,.T.);
#1255=ADVANCED_FACE('',(#1154),#33,.F.);
#1256=ADVANCED_FACE('',(#1155),#19,.T.);
#1257=ADVANCED_FACE('',(#1156),#34,.F.);
#1258=ADVANCED_FACE('',(#1157),#1187,.T.);
#1259=ADVANCED_FACE('',(#1158),#1188,.F.);
#1260=ADVANCED_FACE('',(#1159),#1189,.T.);
#1261=ADVANCED_FACE('',(#1160),#1190,.F.);
#1262=ADVANCED_FACE('',(#1161),#1191,.F.);
#1263=ADVANCED_FACE('',(#1162),#1192,.T.);
#1264=ADVANCED_FACE('',(#1163),#1193,.F.);
#1265=ADVANCED_FACE('',(#1164),#1194,.F.);
#1266=ADVANCED_FACE('',(#1165),#1195,.T.);
#1267=ADVANCED_FACE('',(#1166,#1167),#1196,.T.);
#1268=ADVANCED_FACE('',(#1168,#1169),#1197,.F.);
#1269=ADVANCED_FACE('',(#1170),#40,.T.);
#1270=ADVANCED_FACE('',(#1171),#1198,.T.);
#1271=ADVANCED_FACE('',(#1172),#1199,.F.);
#1272=ADVANCED_FACE('',(#1173),#135,.F.);
#1273=CLOSED_SHELL('',(#1200,#1201,#1202,#1203,#1204,#1205,#1206,#1207,
#1208,#1209,#1210,#1211,#1212,#1213,#1214,#1215,#1216,#1217,#1218,#1219,
#1220,#1221,#1222,#1223,#1224,#1225,#1226,#1227,#1228,#1229,#1230,#1231,
#1232,#1233,#1234,#1235,#1236,#1237,#1238,#1239,#1240,#1241,#1242,#1243,
#1244,#1245,#1246,#1247,#1248,#1249,#1250,#1251,#1252,#1253,#1254,#1255,
#1256,#1257,#1258,#1259,#1260,#1261,#1262,#1263,#1264,#1265,#1266,#1267,
#1268,#1269,#1270,#1271,#1272));
#1274=STYLED_ITEM('',(#1275),#1282);
#1275=PRESENTATION_STYLE_ASSIGNMENT((#1276));
#1276=SURFACE_STYLE_USAGE(.BOTH.,#1277);
#1277=SURFACE_SIDE_STYLE('',(#1278));
#1278=SURFACE_STYLE_FILL_AREA(#1279);
#1279=FILL_AREA_STYLE('',(#1280));
#1280=FILL_AREA_STYLE_COLOUR('',#1281);
#1281=COLOUR_RGB('',0.627450980392157,0.627450980392157,0.627450980392157);
#1282=MANIFOLD_SOLID_BREP('spine',#1273);
#1283=SHAPE_DEFINITION_REPRESENTATION(#3447,#1284);
#1284=SHAPE_REPRESENTATION('spine',(#1285),#3442);
#1285=AXIS2_PLACEMENT_3D('',#1670,#1390,#1391);
#1286=AXIS2_PLACEMENT_3D('',#1671,#1392,#1393);
#1287=AXIS2_PLACEMENT_3D('',#1679,#1397,#1398);
#1288=AXIS2_PLACEMENT_3D('',#1683,#1400,#1401);
#1289=AXIS2_PLACEMENT_3D('',#1685,#1402,#1403);
#1290=AXIS2_PLACEMENT_3D('',#1689,#1405,#1406);
#1291=AXIS2_PLACEMENT_3D('',#1691,#1407,#1408);
#1292=AXIS2_PLACEMENT_3D('',#1694,#1410,#1411);
#1293=AXIS2_PLACEMENT_3D('',#1702,#1415,#1416);
#1294=AXIS2_PLACEMENT_3D('',#1705,#1418,#1419);
#1295=AXIS2_PLACEMENT_3D('',#1714,#1424,#1425);
#1296=AXIS2_PLACEMENT_3D('',#1733,#1426,#1427);
#1297=AXIS2_PLACEMENT_3D('',#1735,#1428,#1429);
#1298=AXIS2_PLACEMENT_3D('',#1736,#1430,#1431);
#1299=AXIS2_PLACEMENT_3D('',#1739,#1433,#1434);
#1300=AXIS2_PLACEMENT_3D('',#1742,#1436,#1437);
#1301=AXIS2_PLACEMENT_3D('',#1745,#1439,#1440);
#1302=AXIS2_PLACEMENT_3D('',#1781,#1442,#1443);
#1303=AXIS2_PLACEMENT_3D('',#1795,#1444,#1445);
#1304=AXIS2_PLACEMENT_3D('',#1808,#1446,#1447);
#1305=AXIS2_PLACEMENT_3D('',#1809,#1448,#1449);
#1306=AXIS2_PLACEMENT_3D('',#1845,#1450,#1451);
#1307=AXIS2_PLACEMENT_3D('',#1910,#1452,#1453);
#1308=AXIS2_PLACEMENT_3D('',#1911,#1454,#1455);
#1309=AXIS2_PLACEMENT_3D('',#1914,#1456,#1457);
#1310=AXIS2_PLACEMENT_3D('',#1941,#1458,#1459);
#1311=AXIS2_PLACEMENT_3D('',#1950,#1460,#1461);
#1312=AXIS2_PLACEMENT_3D('',#1951,#1462,#1463);
#1313=AXIS2_PLACEMENT_3D('',#1957,#1464,#1465);
#1314=AXIS2_PLACEMENT_3D('',#1970,#1466,#1467);
#1315=AXIS2_PLACEMENT_3D('',#1981,#1468,#1469);
#1316=AXIS2_PLACEMENT_3D('',#1990,#1470,#1471);
#1317=AXIS2_PLACEMENT_3D('',#2004,#1475,#1476);
#1318=AXIS2_PLACEMENT_3D('',#2013,#1477,#1478);
#1319=AXIS2_PLACEMENT_3D('',#2014,#1479,#1480);
#1320=AXIS2_PLACEMENT_3D('',#2018,#1482,#1483);
#1321=AXIS2_PLACEMENT_3D('',#2029,#1486,#1487);
#1322=AXIS2_PLACEMENT_3D('',#2048,#1489,#1490);
#1323=AXIS2_PLACEMENT_3D('',#2050,#1491,#1492);
#1324=AXIS2_PLACEMENT_3D('',#2051,#1493,#1494);
#1325=AXIS2_PLACEMENT_3D('',#2053,#1495,#1496);
#1326=AXIS2_PLACEMENT_3D('',#2105,#1497,#1498);
#1327=AXIS2_PLACEMENT_3D('',#2106,#1499,#1500);
#1328=AXIS2_PLACEMENT_3D('',#2108,#1501,#1502);
#1329=AXIS2_PLACEMENT_3D('',#2124,#1504,#1505);
#1330=AXIS2_PLACEMENT_3D('',#2182,#1506,#1507);
#1331=AXIS2_PLACEMENT_3D('',#2197,#1509,#1510);
#1332=AXIS2_PLACEMENT_3D('',#2217,#1512,#1513);
#1333=AXIS2_PLACEMENT_3D('',#2218,#1514,#1515);
#1334=AXIS2_PLACEMENT_3D('',#2234,#1517,#1518);
#1335=AXIS2_PLACEMENT_3D('',#2271,#1519,#1520);
#1336=AXIS2_PLACEMENT_3D('',#2315,#1521,#1522);
#1337=AXIS2_PLACEMENT_3D('',#2361,#1524,#1525);
#1338=AXIS2_PLACEMENT_3D('',#2362,#1526,#1527);
#1339=AXIS2_PLACEMENT_3D('',#2364,#1528,#1529);
#1340=AXIS2_PLACEMENT_3D('',#2565,#1530,#1531);
#1341=AXIS2_PLACEMENT_3D('',#2568,#1534,#1535);
#1342=AXIS2_PLACEMENT_3D('',#2572,#1537,#1538);
#1343=AXIS2_PLACEMENT_3D('',#2573,#1539,#1540);
#1344=AXIS2_PLACEMENT_3D('',#2595,#1542,#1543);
#1345=AXIS2_PLACEMENT_3D('',#2601,#1547,#1548);
#1346=AXIS2_PLACEMENT_3D('',#2623,#1550,#1551);
#1347=AXIS2_PLACEMENT_3D('',#2624,#1552,#1553);
#1348=AXIS2_PLACEMENT_3D('',#2628,#1555,#1556);
#1349=AXIS2_PLACEMENT_3D('',#2630,#1557,#1558);
#1350=AXIS2_PLACEMENT_3D('',#2776,#1560,#1561);
#1351=AXIS2_PLACEMENT_3D('',#2777,#1562,#1563);
#1352=AXIS2_PLACEMENT_3D('',#2778,#1564,#1565);
#1353=AXIS2_PLACEMENT_3D('',#2781,#1566,#1567);
#1354=AXIS2_PLACEMENT_3D('',#2783,#1569,#1570);
#1355=AXIS2_PLACEMENT_3D('',#2795,#1572,#1573);
#1356=AXIS2_PLACEMENT_3D('',#2799,#1576,#1577);
#1357=AXIS2_PLACEMENT_3D('',#2809,#1578,#1579);
#1358=AXIS2_PLACEMENT_3D('',#2848,#1580,#1581);
#1359=AXIS2_PLACEMENT_3D('',#2882,#1582,#1583);
#1360=AXIS2_PLACEMENT_3D('',#2887,#1584,#1585);
#1361=AXIS2_PLACEMENT_3D('',#2930,#1586,#1587);
#1362=AXIS2_PLACEMENT_3D('',#2964,#1588,#1589);
#1363=AXIS2_PLACEMENT_3D('',#3100,#1590,#1591);
#1364=AXIS2_PLACEMENT_3D('',#3137,#1592,#1593);
#1365=AXIS2_PLACEMENT_3D('',#3153,#1595,#1596);
#1366=AXIS2_PLACEMENT_3D('',#3154,#1597,#1598);
#1367=AXIS2_PLACEMENT_3D('',#3188,#1599,#1600);
#1368=AXIS2_PLACEMENT_3D('',#3227,#1601,#1602);
#1369=AXIS2_PLACEMENT_3D('',#3378,#1603,#1604);
#1370=AXIS2_PLACEMENT_3D('',#3379,#1605,#1606);
#1371=AXIS2_PLACEMENT_3D('',#3382,#1608,#1609);
#1372=AXIS2_PLACEMENT_3D('',#3385,#1611,#1612);
#1373=AXIS2_PLACEMENT_3D('',#3386,#1613,#1614);
#1374=AXIS2_PLACEMENT_3D('',#3395,#1619,#1620);
#1375=AXIS2_PLACEMENT_3D('',#3401,#1624,#1625);
#1376=AXIS2_PLACEMENT_3D('',#3402,#1626,#1627);
#1377=AXIS2_PLACEMENT_3D('',#3411,#1632,#1633);
#1378=AXIS2_PLACEMENT_3D('',#3412,#1634,#1635);
#1379=AXIS2_PLACEMENT_3D('',#3419,#1639,#1640);
#1380=AXIS2_PLACEMENT_3D('',#3420,#1641,#1642);
#1381=AXIS2_PLACEMENT_3D('',#3426,#1646,#1647);
#1382=AXIS2_PLACEMENT_3D('',#3429,#1650,#1651);
#1383=AXIS2_PLACEMENT_3D('',#3430,#1652,#1653);
#1384=AXIS2_PLACEMENT_3D('',#3433,#1656,#1657);
#1385=AXIS2_PLACEMENT_3D('',#3434,#1658,#1659);
#1386=AXIS2_PLACEMENT_3D('',#3435,#1660,#1661);
#1387=AXIS2_PLACEMENT_3D('',#3436,#1662,#1663);
#1388=AXIS2_PLACEMENT_3D('',#3438,#1665,#1666);
#1389=AXIS2_PLACEMENT_3D('',#3440,#1668,#1669);
#1390=DIRECTION('',(0.,0.,1.));
#1391=DIRECTION('',(1.,0.,0.));
#1392=DIRECTION('',(0.,0.,-1.));
#1393=DIRECTION('',(-1.,0.,0.));
#1394=DIRECTION('',(-1.,0.,0.));
#1395=DIRECTION('',(0.,-1.,-5.86453666023684E-16));
#1396=DIRECTION('',(-1.,0.,0.));
#1397=DIRECTION('',(0.,0.,1.));
#1398=DIRECTION('',(-0.357872116256208,0.933770608022283,0.));
#1399=DIRECTION('',(0.,-1.,0.));
#1400=DIRECTION('',(0.,0.,1.));
#1401=DIRECTION('',(0.,1.,0.));
#1402=DIRECTION('',(0.,0.,-1.));
#1403=DIRECTION('',(-0.987391924833108,0.158294620168753,0.));
#1404=DIRECTION('',(0.425779291565073,0.904827052466019,0.));
#1405=DIRECTION('',(0.,0.,1.));
#1406=DIRECTION('',(-0.997498963676994,0.0706810969306771,0.));
#1407=DIRECTION('',(0.,0.,1.));
#1408=DIRECTION('',(0.,1.,0.));
#1409=DIRECTION('',(0.,-1.,8.81239525796218E-16));
#1410=DIRECTION('',(0.,1.,5.86453666023683E-16));
#1411=DIRECTION('',(0.,-5.86453666023683E-16,1.));
#1412=DIRECTION('',(0.,-5.86453666023683E-16,1.));
#1413=DIRECTION('',(-1.,0.,0.));
#1414=DIRECTION('',(0.,-5.86453666023683E-16,1.));
#1415=DIRECTION('',(0.,1.,5.86453666023683E-16));
#1416=DIRECTION('',(0.,-5.86453666023683E-16,1.));
#1417=DIRECTION('',(-1.,0.,0.));
#1418=DIRECTION('',(0.,0.566719432326686,-0.823910847739802));
#1419=DIRECTION('',(0.,0.823910847739802,0.566719432326686));
#1420=DIRECTION('',(-1.,0.,0.));
#1421=DIRECTION('',(0.,0.823910847739802,0.566719432326686));
#1422=DIRECTION('',(-1.,0.,0.));
#1423=DIRECTION('',(0.,-0.823910847739802,-0.566719432326686));
#1424=DIRECTION('',(0.,1.,0.));
#1425=DIRECTION('',(0.,0.,1.));
#1426=DIRECTION('',(0.,1.,5.86453666023683E-16));
#1427=DIRECTION('',(0.,-5.86453666023683E-16,1.));
#1428=DIRECTION('',(0.,-0.930544523908599,-0.366178766483965));
#1429=DIRECTION('',(0.,0.366178766483965,-0.930544523908599));
#1430=DIRECTION('',(-1.,0.,0.));
#1431=DIRECTION('',(0.,0.,1.));
#1432=DIRECTION('',(0.,5.86453666023683E-16,-1.));
#1433=DIRECTION('',(1.,0.,0.));
#1434=DIRECTION('',(0.,0.,-1.));
#1435=DIRECTION('',(-5.22064391716981E-10,0.760858755457528,-0.648917524993447));
#1436=DIRECTION('',(1.,0.,0.));
#1437=DIRECTION('',(0.,0.,-1.));
#1438=DIRECTION('',(0.,-0.76086908230893,0.648905416517976));
#1439=DIRECTION('',(-1.,0.,0.));
#1440=DIRECTION('',(0.,0.,1.));
#1441=DIRECTION('',(0.,0.760858755457526,0.64891752499345));
#1442=DIRECTION('',(-1.12481983699639E-32,7.40148683083438E-17,1.));
#1443=DIRECTION('',(-1.83697019872103E-16,1.,0.));
#1444=DIRECTION('',(1.,0.,0.));
#1445=DIRECTION('',(0.,0.,-1.));
#1446=DIRECTION('',(-1.12481983699639E-32,7.40148683083438E-17,1.));
#1447=DIRECTION('',(-1.83697019872103E-16,1.,0.));
#1448=DIRECTION('',(1.,0.,0.));
#1449=DIRECTION('',(0.,0.,-1.));
#1450=DIRECTION('',(0.,0.,1.));
#1451=DIRECTION('',(0.,1.,0.));
#1452=DIRECTION('',(-1.12481983699639E-32,7.40148683083438E-17,1.));
#1453=DIRECTION('',(-1.83697019872103E-16,1.,0.));
#1454=DIRECTION('',(1.,0.,0.));
#1455=DIRECTION('',(0.,0.,1.));
#1456=DIRECTION('',(0.,0.,1.));
#1457=DIRECTION('',(0.,1.,0.));
#1458=DIRECTION('',(-1.,0.,0.));
#1459=DIRECTION('',(0.,0.,-1.));
#1460=DIRECTION('',(-1.,0.,0.));
#1461=DIRECTION('',(0.,0.,1.));
#1462=DIRECTION('',(1.,0.,0.));
#1463=DIRECTION('',(0.,0.,-1.));
#1464=DIRECTION('',(-2.46821633360984E-17,1.,5.59290902892618E-17));
#1465=DIRECTION('',(-0.0788519324522287,0.,0.99688633893165));
#1466=DIRECTION('',(6.12323399573677E-17,0.,1.));
#1467=DIRECTION('',(1.,0.,0.));
#1468=DIRECTION('',(-1.,0.,0.));
#1469=DIRECTION('',(0.,0.,1.));
#1470=DIRECTION('',(1.,0.,0.));
#1471=DIRECTION('',(0.,0.,-1.));
#1472=DIRECTION('',(0.,-0.760868643163678,-0.648905931434029));
#1473=DIRECTION('',(0.,1.,0.));
#1474=DIRECTION('',(0.695247285627724,-0.30909101828371,-0.648917524993447));
#1475=DIRECTION('',(0.,0.,1.));
#1476=DIRECTION('',(-0.357872116256208,0.933770608022283,0.));
#1477=DIRECTION('',(0.,0.,1.));
#1478=DIRECTION('',(0.998630208307871,-0.0523231024976368,0.));
#1479=DIRECTION('',(0.,0.,1.));
#1480=DIRECTION('',(1.,0.,0.));
#1481=DIRECTION('',(0.,0.,1.));
#1482=DIRECTION('',(0.,0.,-1.));
#1483=DIRECTION('',(-1.,0.,0.));
#1484=DIRECTION('',(0.,0.,1.));
#1485=DIRECTION('',(0.,0.,1.));
#1486=DIRECTION('',(0.,0.,1.));
#1487=DIRECTION('',(1.,0.,0.));
#1488=DIRECTION('',(0.,0.,-1.));
#1489=DIRECTION('',(0.,0.,1.));
#1490=DIRECTION('',(1.,0.,0.));
#1491=DIRECTION('',(0.,0.,-1.));
#1492=DIRECTION('',(1.,0.,0.));
#1493=DIRECTION('',(0.,0.,-1.));
#1494=DIRECTION('',(1.,0.,0.));
#1495=DIRECTION('',(6.12323399573677E-17,0.,1.));
#1496=DIRECTION('',(1.,0.,0.));
#1497=DIRECTION('',(0.,0.,1.));
#1498=DIRECTION('',(6.12323399573677E-17,1.,0.));
#1499=DIRECTION('',(0.,0.,1.));
#1500=DIRECTION('',(-0.987391924833108,0.158294620168753,0.));
#1501=DIRECTION('',(0.,0.,1.));
#1502=DIRECTION('',(0.987391924833108,0.158294620168753,0.));
#1503=DIRECTION('',(0.,0.,-1.));
#1504=DIRECTION('',(0.,0.,-1.));
#1505=DIRECTION('',(0.85402423924477,-0.520233215762308,0.));
#1506=DIRECTION('',(0.,0.,-1.));
#1507=DIRECTION('',(-0.85402423924477,-0.520233215762308,0.));
#1508=DIRECTION('',(0.,0.,1.));
#1509=DIRECTION('',(0.,0.,1.));
#1510=DIRECTION('',(1.,0.,0.));
#1511=DIRECTION('',(1.,-1.88027094746321E-15,0.));
#1512=DIRECTION('',(0.,0.,1.));
#1513=DIRECTION('',(6.12323399573677E-17,1.,0.));
#1514=DIRECTION('',(0.,0.,-1.));
#1515=DIRECTION('',(-0.997498963676994,0.0706810969306771,0.));
#1516=DIRECTION('',(0.,0.,-1.));
#1517=DIRECTION('',(0.,0.,1.));
#1518=DIRECTION('',(-0.852121871852412,-0.523343401134228,0.));
#1519=DIRECTION('',(0.,0.,-1.));
#1520=DIRECTION('',(0.996510363621883,0.0834691271919319,0.));
#1521=DIRECTION('',(0.,0.,-1.));
#1522=DIRECTION('',(0.318082526005361,-0.948063028838299,0.));
#1523=DIRECTION('',(0.,0.,1.));
#1524=DIRECTION('',(0.,0.,-1.));
#1525=DIRECTION('',(-1.,0.,0.));
#1526=DIRECTION('',(0.,0.,-1.));
#1527=DIRECTION('',(-0.852121871852412,-0.523343401134229,0.));
#1528=DIRECTION('',(-1.16392138982402E-12,-0.120263213673952,0.992742040732039));
#1529=DIRECTION('',(0.00101177350350837,0.992741532604031,0.120263152118086));
#1530=DIRECTION('',(0.,0.,-1.));
#1531=DIRECTION('',(-1.,0.,0.));
#1532=DIRECTION('',(0.,-1.,-5.86453666023684E-16));
#1533=DIRECTION('',(0.,-1.,8.81239525796218E-16));
#1534=DIRECTION('',(0.,0.,1.));
#1535=DIRECTION('',(0.997498963676994,0.0706810969306772,0.));
#1536=DIRECTION('',(0.425779291565073,-0.904827052466019,0.));
#1537=DIRECTION('',(0.,0.,-1.));
#1538=DIRECTION('',(0.987391924833108,0.158294620168753,0.));
#1539=DIRECTION('',(0.425779291565073,-0.90482705246602,0.));
#1540=DIRECTION('',(-0.639809344599758,-0.301071424354467,-0.707106781186548));
#1541=DIRECTION('',(-0.425779291565073,0.904827052466019,0.));
#1542=DIRECTION('',(-0.90482705246602,-0.425779291565073,0.));
#1543=DIRECTION('',(0.425779291565073,-0.904827052466019,0.));
#1544=DIRECTION('',(0.,0.,-1.));
#1545=DIRECTION('',(0.425779291565073,-0.904827052466019,0.));
#1546=DIRECTION('',(0.,0.,1.));
#1547=DIRECTION('',(-0.425779291565073,0.90482705246602,0.));
#1548=DIRECTION('',(-0.639809344599759,-0.301071424354467,0.707106781186547));
#1549=DIRECTION('',(-0.425779291565073,0.904827052466019,0.));
#1550=DIRECTION('',(0.,0.,-1.));
#1551=DIRECTION('',(0.,1.,0.));
#1552=DIRECTION('',(0.,0.,-1.));
#1553=DIRECTION('',(0.852121871852412,-0.523343401134228,0.));
#1554=DIRECTION('',(1.,0.,0.));
#1555=DIRECTION('',(2.96176709946179E-15,2.83285352170271E-14,1.));
#1556=DIRECTION('',(-0.208182096880595,-0.978090085083372,2.40997505652961E-14));
#1557=DIRECTION('',(0.,0.,1.));
#1558=DIRECTION('',(0.85402423924477,-0.520233215762308,0.));
#1559=DIRECTION('',(1.,0.,0.));
#1560=DIRECTION('',(2.90509803713146E-12,-0.120263213657518,0.99274204073403));
#1561=DIRECTION('',(0.185188486952833,0.975570600895642,0.118183023181148));
#1562=DIRECTION('',(0.,0.,-1.));
#1563=DIRECTION('',(0.,1.,0.));
#1564=DIRECTION('',(0.,0.,1.));
#1565=DIRECTION('',(-0.85402423924477,-0.520233215762308,0.));
#1566=DIRECTION('',(9.22344350879057E-14,-8.82198483201921E-13,1.));
#1567=DIRECTION('',(-0.00136477081831903,-0.999999068699873,-8.91633557120426E-13));
#1568=DIRECTION('',(-0.425779291565073,-0.904827052466019,0.));
#1569=DIRECTION('',(-0.425779291565073,-0.904827052466019,0.));
#1570=DIRECTION('',(0.639809344599759,-0.301071424354469,0.707106781186547));
#1571=DIRECTION('',(0.425779291565073,0.904827052466019,0.));
#1572=DIRECTION('',(-0.904827052466019,0.425779291565073,0.));
#1573=DIRECTION('',(-0.425779291565073,-0.904827052466019,0.));
#1574=DIRECTION('',(0.,0.,-1.));
#1575=DIRECTION('',(-0.425779291565073,-0.904827052466019,0.));
#1576=DIRECTION('',(0.425779291565073,0.904827052466019,0.));
#1577=DIRECTION('',(0.639809344599758,-0.301071424354467,-0.707106781186548));
#1578=DIRECTION('',(0.,0.,-1.));
#1579=DIRECTION('',(0.990185647893768,0.1397583010243,0.));
#1580=DIRECTION('',(0.,0.,1.));
#1581=DIRECTION('',(0.948928231485044,0.315492014939627,0.));
#1582=DIRECTION('',(0.,0.,1.));
#1583=DIRECTION('',(1.,0.,0.));
#1584=DIRECTION('',(0.,0.,1.));
#1585=DIRECTION('',(1.,0.,0.));
#1586=DIRECTION('',(0.,0.,-1.));
#1587=DIRECTION('',(-0.948928231485044,0.315492014939628,0.));
#1588=DIRECTION('',(0.,0.,-1.));
#1589=DIRECTION('',(0.990185647893768,0.1397583010243,0.));
#1590=DIRECTION('',(0.,0.,1.));
#1591=DIRECTION('',(6.12323399573677E-17,1.,0.));
#1592=DIRECTION('',(0.,0.,1.));
#1593=DIRECTION('',(0.852121871852412,-0.523343401134228,0.));
#1594=DIRECTION('',(0.,0.,1.));
#1595=DIRECTION('',(0.,0.,-1.));
#1596=DIRECTION('',(0.997498963676994,0.0706810969306772,0.));
#1597=DIRECTION('',(0.,0.,-1.));
#1598=DIRECTION('',(0.996510363621883,0.0834691271919319,0.));
#1599=DIRECTION('',(0.,0.,1.));
#1600=DIRECTION('',(-0.318082526005366,-0.948063028838297,0.));
#1601=DIRECTION('',(0.,0.,-1.));
#1602=DIRECTION('',(-1.,0.,0.));
#1603=DIRECTION('',(0.,-0.930544523908599,-0.366178766483965));
#1604=DIRECTION('',(0.,0.366178766483965,-0.930544523908599));
#1605=DIRECTION('',(0.,-0.930544523908599,-0.366178766483965));
#1606=DIRECTION('',(0.,-0.366178766483965,0.930544523908599));
#1607=DIRECTION('',(-1.,0.,0.));
#1608=DIRECTION('',(0.,1.,5.86453666023683E-16));
#1609=DIRECTION('',(0.,-5.86453666023683E-16,1.));
#1610=DIRECTION('',(0.,-5.86453666023683E-16,1.));
#1611=DIRECTION('',(0.,1.,5.86453666023683E-16));
#1612=DIRECTION('',(0.,-5.86453666023683E-16,1.));
#1613=DIRECTION('',(0.,0.,-1.));
#1614=DIRECTION('',(-1.,0.,0.));
#1615=DIRECTION('',(0.,-1.,0.));
#1616=DIRECTION('',(-1.,0.,0.));
#1617=DIRECTION('',(0.,-1.,0.));
#1618=DIRECTION('',(-1.,0.,0.));
#1619=DIRECTION('',(0.,1.,0.));
#1620=DIRECTION('',(0.,0.,1.));
#1621=DIRECTION('',(0.,0.,-1.));
#1622=DIRECTION('',(-1.,0.,0.));
#1623=DIRECTION('',(0.,0.,-1.));
#1624=DIRECTION('',(0.,0.,-1.));
#1625=DIRECTION('',(-1.,0.,0.));
#1626=DIRECTION('',(0.,0.,-1.));
#1627=DIRECTION('',(-1.,0.,0.));
#1628=DIRECTION('',(-1.,0.,0.));
#1629=DIRECTION('',(0.,-1.,0.));
#1630=DIRECTION('',(0.,-1.,0.));
#1631=DIRECTION('',(-1.,0.,0.));
#1632=DIRECTION('',(0.,0.566719432326686,-0.823910847739802));
#1633=DIRECTION('',(0.,0.823910847739802,0.566719432326686));
#1634=DIRECTION('',(0.,0.566719432326686,-0.823910847739802));
#1635=DIRECTION('',(0.,-0.823910847739802,-0.566719432326686));
#1636=DIRECTION('',(0.,0.823910847739802,0.566719432326686));
#1637=DIRECTION('',(0.,-0.823910847739802,-0.566719432326686));
#1638=DIRECTION('',(-1.,0.,0.));
#1639=DIRECTION('',(0.,-1.,-1.92747052886312E-16));
#1640=DIRECTION('',(0.,1.92747052886312E-16,-1.));
#1641=DIRECTION('',(0.,-1.,-1.92747052886312E-16));
#1642=DIRECTION('',(0.,1.92747052886312E-16,-1.));
#1643=DIRECTION('',(0.,-1.92747052886312E-16,1.));
#1644=DIRECTION('',(-1.,0.,0.));
#1645=DIRECTION('',(0.,-1.92747052886312E-16,1.));
#1646=DIRECTION('',(0.,0.,-1.));
#1647=DIRECTION('',(-1.,0.,0.));
#1648=DIRECTION('',(0.,-1.,0.));
#1649=DIRECTION('',(0.,-1.,0.));
#1650=DIRECTION('',(0.,1.,0.));
#1651=DIRECTION('',(0.,0.,1.));
#1652=DIRECTION('',(0.,1.,0.));
#1653=DIRECTION('',(0.,0.,1.));
#1654=DIRECTION('',(0.,0.,-1.));
#1655=DIRECTION('',(0.,0.,-1.));
#1656=DIRECTION('',(1.,0.,0.));
#1657=DIRECTION('',(0.,1.,0.));
#1658=DIRECTION('',(1.,0.,0.));
#1659=DIRECTION('',(0.,1.,0.));
#1660=DIRECTION('',(-1.12481983699639E-32,7.40148683083438E-17,1.));
#1661=DIRECTION('',(-1.83697019872103E-16,1.,0.));
#1662=DIRECTION('',(-1.,0.,0.));
#1663=DIRECTION('',(0.,0.,1.));
#1664=DIRECTION('',(0.,-1.,-5.86453666023684E-16));
#1665=DIRECTION('',(-1.,0.,0.));
#1666=DIRECTION('',(0.,0.,1.));
#1667=DIRECTION('',(0.,-1.,-5.86453666023684E-16));
#1668=DIRECTION('',(0.,-1.,-5.86453666023684E-16));
#1669=DIRECTION('',(0.,5.86453666023684E-16,-1.));
#1670=CARTESIAN_POINT('',(0.,0.,0.));
#1671=CARTESIAN_POINT('',(0.,0.000153177683408578,0.));
#1672=CARTESIAN_POINT('',(0.00155,0.00763522449620665,-2.70631878884498E-19));
#1673=CARTESIAN_POINT('',(-0.000999500073098576,0.00763522449620665,1.1736279640067E-18));
#1674=CARTESIAN_POINT('',(-0.00155,0.00763522449620665,-2.70631878884498E-19));
#1675=CARTESIAN_POINT('',(-0.000999500073098576,0.0194605044962066,7.33067082529604E-18));
#1676=CARTESIAN_POINT('',(-0.000999500073098576,0.00696050449620665,0.));
#1677=CARTESIAN_POINT('',(0.00155,0.00696050449620665,0.));
#1678=CARTESIAN_POINT('',(-0.0015392619281349,0.00696050449620665,0.));
#1679=CARTESIAN_POINT('',(0.,0.00294499993417412,0.));
#1680=CARTESIAN_POINT('',(-0.00153900007309857,-0.00107060499486363,0.));
#1681=CARTESIAN_POINT('',(-0.00153900007309857,7.65888417042886E-5,0.));
#1682=CARTESIAN_POINT('',(-0.00153900007309857,-0.00174530696143544,0.));
#1683=CARTESIAN_POINT('',(0.,0.00294499993417412,0.));
#1684=CARTESIAN_POINT('',(-0.00239336378069557,-0.00137232676336159,0.));
#1685=CARTESIAN_POINT('',(-1.51930273028203E-20,-0.00665000009909272,0.));
#1686=CARTESIAN_POINT('',(-0.00368100781541137,-0.0111257355120666,-2.40849157999438E-19));
#1687=CARTESIAN_POINT('',(-0.00128956794387508,-0.00604366709158574,0.));
#1688=CARTESIAN_POINT('',(-0.00399754961718125,-0.0117984210862515,-4.18486678246187E-19));
#1689=CARTESIAN_POINT('',(-1.51930273028203E-20,-0.00665000009909272,0.));
#1690=CARTESIAN_POINT('',(-0.00308537782262814,-0.000908303024539933,0.));
#1691=CARTESIAN_POINT('',(0.,0.00294499993417412,0.));
#1692=CARTESIAN_POINT('',(-0.00155,0.00763168319635431,-2.67511145481925E-19));
#1693=CARTESIAN_POINT('',(-0.00155,0.00729786449620665,2.66630875381127E-20));
#1694=CARTESIAN_POINT('',(0.00155,0.00696050449620665,0.00147899448539448));
#1695=CARTESIAN_POINT('',(0.00100049992690142,0.00696050449620665,0.00147899448539448));
#1696=CARTESIAN_POINT('',(0.00100049992690142,0.00696050449620665,0.));
#1697=CARTESIAN_POINT('',(0.00100049992690142,0.00696050449620665,0.00295798897078896));
#1698=CARTESIAN_POINT('',(0.00155,0.00696050449620665,0.));
#1699=CARTESIAN_POINT('',(0.0015392564505391,0.00696050449620665,0.));
#1700=CARTESIAN_POINT('',(0.00153925097294328,0.00696050449620665,0.0027226251097415));
#1701=CARTESIAN_POINT('',(0.00154398523968966,0.00696050449620665,0.00272268826687269));
#1702=CARTESIAN_POINT('',(-2.32667381431669E-6,0.00696050449620665,0.00276668274148689));
#1703=CARTESIAN_POINT('',(0.00151842529927527,0.00696050449620665,0.00295798897078896));
#1704=CARTESIAN_POINT('',(0.00155,0.00696050449620665,0.00295798897078896));
#1705=CARTESIAN_POINT('',(0.00155,0.00978542357313087,0.00147899448539448));
#1706=CARTESIAN_POINT('',(0.00155,0.00763522449620665,-2.70631878884498E-19));
#1707=CARTESIAN_POINT('',(0.00155,0.00763522449620665,-2.70631878884498E-19));
#1708=CARTESIAN_POINT('',(0.00100049992690142,0.00763522449620665,1.1736279640067E-18));
#1709=CARTESIAN_POINT('',(0.00100049992690142,0.00978542357313087,0.00147899448539448));
#1710=CARTESIAN_POINT('',(0.00100049992690142,0.0119356226500551,0.00295798897078896));
#1711=CARTESIAN_POINT('',(0.00155,0.0119356226500551,0.00295798897078896));
#1712=CARTESIAN_POINT('',(0.00155,0.0119356226500551,0.00295798897078896));
#1713=CARTESIAN_POINT('',(0.00155,0.00978542357313087,0.00147899448539448));
#1714=CARTESIAN_POINT('',(-2.32667381431669E-6,0.00190189998551832,0.00276668274148689));
#1715=CARTESIAN_POINT('',(0.00153925097294328,0.00625457336013535,0.0027226251097415));
#1716=CARTESIAN_POINT('',(0.00153925097294328,0.00648988373882578,0.0027226251097415));
#1717=CARTESIAN_POINT('',(0.00153925097294328,0.00672519411751622,0.0027226251097415));
#1718=CARTESIAN_POINT('',(0.00153925097294328,0.00696050449620665,0.0027226251097415));
#1719=CARTESIAN_POINT('',(0.00153925097294328,0.00625457336013535,0.0027226251097415));
#1720=CARTESIAN_POINT('',(-0.0015350215447099,0.006252996822155,0.00275523417090769));
#1721=CARTESIAN_POINT('',(-0.00153807112732281,0.00620600340692803,0.00316350170062526));
#1722=CARTESIAN_POINT('',(-0.00120722013381752,0.00611137574748309,0.00396688840419789));
#1723=CARTESIAN_POINT('',(1.35458162002602E-5,0.00605037899727377,0.00447157260617812));
#1724=CARTESIAN_POINT('',(0.00122700982968721,0.00611603207452468,0.00394292298755008));
#1725=CARTESIAN_POINT('',(0.00154133510186077,0.00621186598940199,0.00313150592338981));
#1726=CARTESIAN_POINT('',(0.00152979903119901,0.00625875424801571,0.00272337614772748));
#1727=CARTESIAN_POINT('',(-0.00153900007309857,0.00625122556745231,0.00275499993842095));
#1728=CARTESIAN_POINT('',(-0.00153900007309857,0.00696050449620665,0.00275499993842095));
#1729=CARTESIAN_POINT('',(-0.00153900007309857,0.00672407818662187,0.00275499993842095));
#1730=CARTESIAN_POINT('',(-0.00153900007309857,0.00648765187703709,0.00275499993842095));
#1731=CARTESIAN_POINT('',(-0.00153900007309857,0.00625122556745231,0.00275499993842095));
#1732=CARTESIAN_POINT('',(-0.00154695800447498,0.00696050449620665,0.00275500461083271));
#1733=CARTESIAN_POINT('',(-2.32667381431669E-6,0.00696050449620665,0.00276668274148689));
#1734=CARTESIAN_POINT('',(-0.0015230786469039,0.00696050449620665,0.00295798897078896));
#1735=CARTESIAN_POINT('',(-2.32667381431669E-6,0.00703578544974156,0.00276668274148689));
#1736=CARTESIAN_POINT('',(-0.00153900007309857,0.,-4.59953881831648E-7));
#1737=CARTESIAN_POINT('',(-0.00153900007309857,0.00696050449620665,-4.59953881827566E-7));
#1738=CARTESIAN_POINT('',(-0.00153900007309857,0.00696050449620665,8.56005246018143E-8));
#1739=CARTESIAN_POINT('',(-0.00153900007309857,0.00285000004246831,0.002375));
#1740=CARTESIAN_POINT('',(-0.00153900007309857,0.00592865104928607,0.00088012776357892));
#1741=CARTESIAN_POINT('',(-0.00153900007512513,0.00589852015438464,0.000905825654179212));
#1742=CARTESIAN_POINT('',(0.00153925097294328,0.,0.0027226251097415));
#1743=CARTESIAN_POINT('',(0.00153925097294328,0.00644451515733411,0.000440063881789459));
#1744=CARTESIAN_POINT('',(0.00153925097294328,0.00592852161902901,0.00088012776357892));
#1745=CARTESIAN_POINT('',(0.00153925097294328,0.00285000004246831,0.002375));
#1746=CARTESIAN_POINT('',(-0.00153900007309857,0.00592865104928608,0.000880127763578922));
#1747=CARTESIAN_POINT('',(-0.00482139904126894,0.00423555354657644,0.000880127763578922));
#1748=CARTESIAN_POINT('',(-0.00438858773996489,0.000567666345831168,0.000880127763578922));
#1749=CARTESIAN_POINT('',(-0.000802257650216742,-0.000314919982691161,0.000880127763578922));
#1750=CARTESIAN_POINT('',(-0.00153900007309857,0.00696060486321187,-1.62382228251101E-20));
#1751=CARTESIAN_POINT('',(-0.00595668061520135,0.00526750736050223,-1.21142774290768E-20));
#1752=CARTESIAN_POINT('',(-0.0059224811350677,0.000536618340316521,4.70055647126598E-20));
#1753=CARTESIAN_POINT('',(-0.00148078484678851,-0.00109243494562657,6.27479772831071E-20));
#1754=CARTESIAN_POINT('',(-0.00153900007309857,0.00696050449620665,8.56005246018143E-8));
#1755=CARTESIAN_POINT('',(-0.00153908735872224,0.00696050449620665,5.70688871620639E-8));
#1756=CARTESIAN_POINT('',(-0.00153917464373434,0.00696050449620665,2.85353788871416E-8));
#1757=CARTESIAN_POINT('',(-0.00153926192813492,0.00696050449620665,-4.34000932967405E-20));
#1758=CARTESIAN_POINT('',(-0.00341621540388758,0.00285000004130282,0.000822347893363976));
#1759=CARTESIAN_POINT('',(-0.00341909023307466,0.00319159685842097,0.000828673222336484));
#1760=CARTESIAN_POINT('',(-0.00337070899334236,0.00353228719761835,0.000835010171005274));
#1761=CARTESIAN_POINT('',(-0.00314392766747716,0.00428803065505336,0.000849127039422188));
#1762=CARTESIAN_POINT('',(-0.00293311501941051,0.00468625537489726,0.000856611545716451));
#1763=CARTESIAN_POINT('',(-0.00250098907721429,0.00521819249514864,0.000866651003135879));
#1764=CARTESIAN_POINT('',(-0.00233122331194031,0.00538738624749956,0.000869852952859425));
#1765=CARTESIAN_POINT('',(-0.00195750309911626,0.00568889200058072,0.000875569140339633));
#1766=CARTESIAN_POINT('',(-0.00175430662572161,0.00582001695096878,0.000878060914079309));
#1767=CARTESIAN_POINT('',(-0.00153900007309857,0.00592865104928607,0.00088012776357892));
#1768=CARTESIAN_POINT('',(-0.00341621540388758,0.00285000004188556,0.000822347893363975));
#1769=CARTESIAN_POINT('',(-0.00153900007309857,-0.000171163477443404,0.000767111318854056));
#1770=CARTESIAN_POINT('',(-0.00177898787258054,-5.00757082895312E-5,0.000769297595871588));
#1771=CARTESIAN_POINT('',(-0.00200437924008657,9.91828597760833E-5,0.000771995628360627));
#1772=CARTESIAN_POINT('',(-0.00254543058703806,0.000558219201592227,0.000780313891292975));
#1773=CARTESIAN_POINT('',(-0.00282259040321141,0.00090462110423879,0.000786609307620217));
#1774=CARTESIAN_POINT('',(-0.00323093347851623,0.00168438706697512,0.00080085939245199));
#1775=CARTESIAN_POINT('',(-0.00335790726020549,0.00211066122701369,0.000808685610584919));
#1776=CARTESIAN_POINT('',(-0.00341011255560886,0.00264939581470931,0.000818635714025743));
#1777=CARTESIAN_POINT('',(-0.00341537160449493,0.00274973697589815,0.000820491327843761));
#1778=CARTESIAN_POINT('',(-0.00341621540388758,0.00285000004130282,0.000822347893363976));
#1779=CARTESIAN_POINT('',(-0.00153900007309857,-0.000171163477443403,0.000767111318854055));
#1780=CARTESIAN_POINT('',(-0.00153900007309857,-0.000620884236153511,0.000383555659427028));
#1781=CARTESIAN_POINT('',(0.,0.00294499993417412,0.00285));
#1782=CARTESIAN_POINT('',(-0.00191852507468717,-0.000122403594611352,0.00725457683885649));
#1783=CARTESIAN_POINT('',(-0.00243994705963376,0.000213791011118606,0.00726158849252752));
#1784=CARTESIAN_POINT('',(-0.00308440808750369,0.000922574000665002,0.00727325824093046));
#1785=CARTESIAN_POINT('',(-0.00350887758519684,0.00208734792122452,0.0072910898655686));
#1786=CARTESIAN_POINT('',(-0.00358063455298683,0.00285195694850473,0.00730312574337842));
#1787=CARTESIAN_POINT('',(-0.00351586527256204,0.00346395774661228,0.00731337967136569));
#1788=CARTESIAN_POINT('',(-0.0034184140170336,0.00389243878398908,0.00732112509215002));
#1789=CARTESIAN_POINT('',(-0.00321973224865726,0.00441010370516228,0.00733056392117176));
#1790=CARTESIAN_POINT('',(-0.00271486567464586,0.00528696319236983,0.0073460560543914));
#1791=CARTESIAN_POINT('',(-0.00208178914118188,0.00581007231739091,0.00735521707733447));
#1792=CARTESIAN_POINT('',(-0.00154963032534286,0.00606746721713471,0.00735986074304057));
#1793=CARTESIAN_POINT('',(-0.00155000286602405,0.00606824270302453,0.00735956888199926));
#1794=CARTESIAN_POINT('',(-0.00191851943545109,-0.00012237996238497,0.00725386308350132));
#1795=CARTESIAN_POINT('',(-0.00155,0.00294499993417412,0.00285));
#1796=CARTESIAN_POINT('',(-0.00308537782262814,-0.000908303024539933,-1.0662027223566E-20));
#1797=CARTESIAN_POINT('',(-0.00322279204283892,-0.000798274098163073,-5.54622726326735E-19));
#1798=CARTESIAN_POINT('',(-0.00338695650431022,-0.000749288083902543,0.00012939894656857));
#1799=CARTESIAN_POINT('',(-0.00345744714573833,-0.000790880099155971,0.000284993253226907));
#1800=CARTESIAN_POINT('',(-0.00345744694706004,-0.000790879981823882,0.000284996620221089));
#1801=CARTESIAN_POINT('',(-0.00345744829747407,-0.000790880778698794,0.000284995795426872));
#1802=CARTESIAN_POINT('',(-0.00372223195428334,-0.000947128800521401,0.000869478180256059));
#1803=CARTESIAN_POINT('',(-0.00403725166186599,-0.00117480733201107,0.00213066231716443));
#1804=CARTESIAN_POINT('',(-0.00396132948132977,-0.00111559721835152,0.00412410021767718));
#1805=CARTESIAN_POINT('',(-0.00331873944933486,-0.000678649422199865,0.00595748672956984));
#1806=CARTESIAN_POINT('',(-0.00245967724807978,-0.00028200770824782,0.00690765929213334));
#1807=CARTESIAN_POINT('',(-0.00191855595626676,-0.000122950920252975,0.00725418217124285));
#1808=CARTESIAN_POINT('',(0.,0.00294499993417412,0.00285));
#1809=CARTESIAN_POINT('',(0.00155,0.00294499993417412,0.00285));
#1810=CARTESIAN_POINT('',(0.00155000114612854,0.00607094423741384,0.00735849604221375));
#1811=CARTESIAN_POINT('',(0.00155,0.00763168319635431,-2.67511145481925E-19));
#1812=CARTESIAN_POINT('',(0.00154979674070009,0.00607053650986026,0.00735767691572539));
#1813=CARTESIAN_POINT('',(0.00180681379728763,0.00594667756890385,0.00735519258807102));
#1814=CARTESIAN_POINT('',(0.0023250837497558,0.00562095915574026,0.00734913629342646));
#1815=CARTESIAN_POINT('',(0.00290255599500882,0.00497940968556267,0.00733875747956433));
#1816=CARTESIAN_POINT('',(0.0032591838794859,0.00433348568306788,0.00732885854171601));
#1817=CARTESIAN_POINT('',(0.00345185179075617,0.0037673640050337,0.00732035054914987));
#1818=CARTESIAN_POINT('',(0.00352679456934506,0.00336646681355216,0.0073141404254121));
#1819=CARTESIAN_POINT('',(0.00356364087279064,0.00290868728714907,0.00730670940626535));
#1820=CARTESIAN_POINT('',(0.00353933655300376,0.00246101261306581,0.00729896982525262));
#1821=CARTESIAN_POINT('',(0.00347459461735001,0.0020925622974356,0.00729213639264561));
#1822=CARTESIAN_POINT('',(0.00340252936074461,0.00183399490557586,0.00728700838138873));
#1823=CARTESIAN_POINT('',(0.00336384380092756,0.00171520485424497,0.00728457669193644));
#1824=CARTESIAN_POINT('',(0.00333477454588837,0.00163361812831104,0.00728287021281086));
#1825=CARTESIAN_POINT('',(0.0033244441867948,0.00160602418868245,0.00728228796969723));
#1826=CARTESIAN_POINT('',(0.00331449323508132,0.00157972489072379,0.00728179179591273));
#1827=CARTESIAN_POINT('',(0.0032913083903125,0.00152102055503326,0.0072807442603963));
#1828=CARTESIAN_POINT('',(0.00323919305927929,0.00139704075793083,0.00727872425406007));
#1829=CARTESIAN_POINT('',(0.00312071698641138,0.00115051944994521,0.00727505941996464));
#1830=CARTESIAN_POINT('',(0.0028001662062082,0.00063737621377288,0.0072676280059709));
#1831=CARTESIAN_POINT('',(0.00235283658851533,0.00015743161054689,0.00726025250028284));
#1832=CARTESIAN_POINT('',(0.00191877418200353,-0.000122320642225525,0.00725452609483382));
#1833=CARTESIAN_POINT('',(0.00191856879405504,-0.000122427602651329,0.00725385217982111));
#1834=CARTESIAN_POINT('',(0.00191860296354301,-0.000122964743963547,0.00725415207165527));
#1835=CARTESIAN_POINT('',(0.00300118487974054,-0.000441186533747853,0.00656086581952568));
#1836=CARTESIAN_POINT('',(0.00423843423265621,-0.00133212192995341,0.00419584969726762));
#1837=CARTESIAN_POINT('',(0.00398651990357384,-0.00110308453875099,0.00145286912411217));
#1838=CARTESIAN_POINT('',(0.00345745020223791,-0.000790881902694532,0.000285));
#1839=CARTESIAN_POINT('',(0.0034574502022379,-0.000790881902694531,0.000285));
#1840=CARTESIAN_POINT('',(0.0034574502022379,-0.000790881902694533,0.000285));
#1841=CARTESIAN_POINT('',(0.00338679902804778,-0.000749190831051338,0.000129044509238444));
#1842=CARTESIAN_POINT('',(0.00322306384380519,-0.000798056464438845,1.28644105178787E-18));
#1843=CARTESIAN_POINT('',(0.00308537782262814,-0.000908303024539932,-1.31472846692925E-20));
#1844=CARTESIAN_POINT('',(0.00308537782262814,-0.000908303024539935,0.));
#1845=CARTESIAN_POINT('',(0.,0.00294499993417412,0.));
#1846=CARTESIAN_POINT('',(-0.00127884266424262,0.00558527720191171,0.00848704316060018));
#1847=CARTESIAN_POINT('',(-0.0019546507706592,0.00526781635970212,0.00847916710928144));
#1848=CARTESIAN_POINT('',(-0.00309848731231334,0.00407850312990956,0.00844964797499672));
#1849=CARTESIAN_POINT('',(-0.0030870585006377,0.00155865186281122,0.00838635888794073));
#1850=CARTESIAN_POINT('',(-0.00187548155566805,0.000355827195532952,0.0083557863080411));
#1851=CARTESIAN_POINT('',(-0.00114287273979847,5.61417572864404E-5,0.00834816373541033));
#1852=CARTESIAN_POINT('',(-0.00127569281723944,0.00558617574764456,0.00805348741101911));
#1853=CARTESIAN_POINT('',(-0.00195017480803305,0.00527016031007616,0.00804646666300695));
#1854=CARTESIAN_POINT('',(-0.00309368299197346,0.00408575655283884,0.00802014009073842));
#1855=CARTESIAN_POINT('',(-0.00309089553624277,0.00156664479142592,0.00796365158448325));
#1856=CARTESIAN_POINT('',(-0.00187879411899364,0.000357979013124909,0.00793627447137807));
#1857=CARTESIAN_POINT('',(-0.00114540790385665,5.71788069851966E-5,0.00792946402073616));
#1858=CARTESIAN_POINT('',(-0.00136211446289227,0.00577822398601827,0.00762476040751138));
#1859=CARTESIAN_POINT('',(-0.0020822198282482,0.00544066460935708,0.00761854764861722));
#1860=CARTESIAN_POINT('',(-0.00330269547988381,0.00417559518847049,0.00759524437651094));
#1861=CARTESIAN_POINT('',(-0.00329808701314405,0.00148688578409834,0.00754518584658514));
#1862=CARTESIAN_POINT('',(-0.00200450782135277,0.000197988187528357,0.00752086720531385));
#1863=CARTESIAN_POINT('',(-0.00122197012066679,-0.000122820280758675,0.0075148242310557));
#1864=CARTESIAN_POINT('',(-0.0015060437651866,0.0060902306125154,0.00735963452848014));
#1865=CARTESIAN_POINT('',(-0.00230191695083296,0.00571636920214105,0.00735333368742515));
#1866=CARTESIAN_POINT('',(-0.00364896920371588,0.00431576080466956,0.00732971837999737));
#1867=CARTESIAN_POINT('',(-0.00363550993225986,0.00134822899163097,0.00727908711035258));
#1868=CARTESIAN_POINT('',(-0.00220868241466525,-6.8291305523744E-5,0.00725462904643289));
#1869=CARTESIAN_POINT('',(-0.00134591722054767,-0.000421219307074016,0.00724853098832826));
#1870=CARTESIAN_POINT('',(-0.00150701153059165,0.00609232851207066,0.00735785185011222));
#1871=CARTESIAN_POINT('',(-0.00230339417104759,0.00571822301066133,0.0073515504168021));
#1872=CARTESIAN_POINT('',(-0.00365129751160914,0.00431670326344739,0.00732793301128182));
#1873=CARTESIAN_POINT('',(-0.00363777872827836,0.00134729667802432,0.00727729789059573));
#1874=CARTESIAN_POINT('',(-0.00221005526303489,-7.00817406703248E-5,0.0072528388892129));
#1875=CARTESIAN_POINT('',(-0.00134675062773724,-0.000423225710564937,0.00724674046073032));
#1876=CARTESIAN_POINT('',(-0.00150797929599671,0.00609442641162591,0.0073560691717443));
#1877=CARTESIAN_POINT('',(-0.00230487139126222,0.00572007681918161,0.00734976714617904));
#1878=CARTESIAN_POINT('',(-0.0036536258195024,0.00431764572222523,0.00732614764256627));
#1879=CARTESIAN_POINT('',(-0.00364004752429687,0.00134636436441766,0.00727550867083888));
#1880=CARTESIAN_POINT('',(-0.00221142811140453,-7.18721758169057E-5,0.00725104873199291));
#1881=CARTESIAN_POINT('',(-0.0013475840349268,-0.000425232114055859,0.00724494993313238));
#1882=CARTESIAN_POINT('',(-0.00150894706140176,0.00609652431118116,0.00735428649337637));
#1883=CARTESIAN_POINT('',(-0.00230634861147685,0.00572193062770188,0.00734798387555598));
#1884=CARTESIAN_POINT('',(-0.00365595412739566,0.00431858818100307,0.00732436227385071));
#1885=CARTESIAN_POINT('',(-0.00364231632031538,0.00134543205081101,0.00727371945108204));
#1886=CARTESIAN_POINT('',(-0.00221280095977418,-7.36626109634866E-5,0.00724925857477293));
#1887=CARTESIAN_POINT('',(-0.00134841744211637,-0.00042723851754678,0.00724315940553443));
#1888=CARTESIAN_POINT('',(-0.00154999309075012,0.00544023625480122,0.00848155431479403));
#1889=CARTESIAN_POINT('',(-0.00193249765811527,0.00521134615058081,0.00847549863042547));
#1890=CARTESIAN_POINT('',(-0.00266445851168513,0.00453988178492682,0.00845897884852842));
#1891=CARTESIAN_POINT('',(-0.00301857580751271,0.00344218588064731,0.0084336422403115));
#1892=CARTESIAN_POINT('',(-0.00301857619036691,0.00285000199401515,0.00841876972962308));
#1893=CARTESIAN_POINT('',(-0.00301788788806464,0.00285000103363282,0.00841876972991231));
#1894=CARTESIAN_POINT('',(-0.00154999619729171,0.00544021646013131,0.00848249872834936));
#1895=CARTESIAN_POINT('',(-0.00155,0.005440195222694,0.00848249874258591));
#1896=CARTESIAN_POINT('',(-0.00155,0.00543989385309001,0.0080329292870176));
#1897=CARTESIAN_POINT('',(-0.00155000000000001,0.00569951727796328,0.00761494813653936));
#1898=CARTESIAN_POINT('',(-0.00155000000000001,0.00606841751596968,0.00735982165284506));
#1899=CARTESIAN_POINT('',(-0.00114348127865421,5.63907712403395E-5,0.00834817006910806));
#1900=CARTESIAN_POINT('',(-0.00114348129388584,5.63907686432512E-5,0.00811015012946458));
#1901=CARTESIAN_POINT('',(-0.00137784147188929,1.74539784497736E-5,0.00767770372893048));
#1902=CARTESIAN_POINT('',(-0.00172545654594041,-6.6211552372238E-5,0.00737681780543208));
#1903=CARTESIAN_POINT('',(-0.001917928648712,-0.000122766562687803,0.0072531205787234));
#1904=CARTESIAN_POINT('',(-0.00114348128548536,5.63907700755884E-5,0.00834817006910806));
#1905=CARTESIAN_POINT('',(-0.00301857619036738,0.00285000103447157,0.00841876970552407));
#1906=CARTESIAN_POINT('',(-0.00301857644663813,0.00207019234593709,0.00839918505872727));
#1907=CARTESIAN_POINT('',(-0.00241197498757175,0.000748554710089175,0.00836783380587461));
#1908=CARTESIAN_POINT('',(-0.00152273383683929,0.000211626578800535,0.00835211863450378));
#1909=CARTESIAN_POINT('',(-0.00114348128484309,5.63907698126914E-5,0.00834817006918883));
#1910=CARTESIAN_POINT('',(0.,0.00294499993417412,0.00285));
#1911=CARTESIAN_POINT('',(0.00153925097294328,0.00294499993417412,0.00285));
#1912=CARTESIAN_POINT('',(0.00153919294856784,-0.00254174531575998,0.00272254540632904));
#1913=CARTESIAN_POINT('',(0.00153925097294328,-0.0017452246278584,0.));
#1914=CARTESIAN_POINT('',(0.,0.00294499993417412,0.));
#1915=CARTESIAN_POINT('',(0.00239336378069557,-0.00137232676336159,0.));
#1916=CARTESIAN_POINT('',(0.00239336378069557,-0.00137232676336159,5.33101361177489E-21));
#1917=CARTESIAN_POINT('',(0.00232203438694609,-0.00141186910042782,1.14974686743614E-18));
#1918=CARTESIAN_POINT('',(0.00217962221541911,-0.00151940637435058,5.16020961851243E-5));
#1919=CARTESIAN_POINT('',(0.00220988994076807,-0.00160238930006041,0.000216691977524496));
#1920=CARTESIAN_POINT('',(0.00225073109901026,-0.00162065515853383,0.000285043256821265));
#1921=CARTESIAN_POINT('',(0.0022507310955108,-0.00162065516064086,0.000285043258022143));
#1922=CARTESIAN_POINT('',(0.00225073109579508,-0.00162065516060131,0.00028504325786291));
#1923=CARTESIAN_POINT('',(0.00259693721144986,-0.00177558922847464,0.000864621214082241));
#1924=CARTESIAN_POINT('',(0.0029773766280419,-0.00201571793644325,0.00218465076821235));
#1925=CARTESIAN_POINT('',(0.00285600450154959,-0.00193132604885621,0.00426983107045366));
#1926=CARTESIAN_POINT('',(0.00212301727090712,-0.0015225970782196,0.00582933950000466));
#1927=CARTESIAN_POINT('',(0.00103597724018313,-0.00120988928432581,0.00666066005854183));
#1928=CARTESIAN_POINT('',(8.39681806781636E-6,-0.00110570395195363,0.00690595512979695));
#1929=CARTESIAN_POINT('',(-0.00102464820270148,-0.00120732548389995,0.00666706870208488));
#1930=CARTESIAN_POINT('',(-0.00211869403120332,-0.00152043532296631,0.00583572451792589));
#1931=CARTESIAN_POINT('',(-0.00285253784000079,-0.00192924217899792,0.00428478260716903));
#1932=CARTESIAN_POINT('',(-0.00297902104698136,-0.0020167036904694,0.0021859519619906));
#1933=CARTESIAN_POINT('',(-0.00259683258556019,-0.0017755423738357,0.000864445790534858));
#1934=CARTESIAN_POINT('',(-0.00225073070133558,-0.00162065498416304,0.000285042597482535));
#1935=CARTESIAN_POINT('',(-0.00225073070105849,-0.00162065498411315,0.000285042597655874));
#1936=CARTESIAN_POINT('',(-0.00225073070430597,-0.00162065498366132,0.000285042595836202));
#1937=CARTESIAN_POINT('',(-0.00220991074180226,-0.00160239843510075,0.000216726512540042));
#1938=CARTESIAN_POINT('',(-0.0021793092125975,-0.00151993437588803,5.22021457248012E-5));
#1939=CARTESIAN_POINT('',(-0.00232196947661076,-0.00141190508427997,1.13234138655318E-18));
#1940=CARTESIAN_POINT('',(-0.00239336378069557,-0.00137232676336159,-1.31158951163724E-20));
#1941=CARTESIAN_POINT('',(-0.00153900007309857,0.00294499993417412,0.00285));
#1942=CARTESIAN_POINT('',(-0.00153914909194901,-0.00254243981530521,0.00275499979871346));
#1943=CARTESIAN_POINT('',(-0.00153929811260798,-0.00254239803064888,0.00275500054643373));
#1944=CARTESIAN_POINT('',(-0.00154036827904993,-0.00254919810855869,0.0031651296303867));
#1945=CARTESIAN_POINT('',(-0.00120311125999888,-0.00256250135181277,0.00396979783994504));
#1946=CARTESIAN_POINT('',(1.64099175707828E-5,-0.00257070041028755,0.00446873920381258));
#1947=CARTESIAN_POINT('',(0.00122830683748934,-0.00256204216603288,0.00394552798224279));
#1948=CARTESIAN_POINT('',(0.00154885315614776,-0.00254858392757846,0.00313255156769663));
#1949=CARTESIAN_POINT('',(0.00153913683087055,-0.00254178540078996,0.00272254607153634));
#1950=CARTESIAN_POINT('',(-0.00153900007309857,0.,-4.59953881831648E-7));
#1951=CARTESIAN_POINT('',(-0.00153900007309857,0.00285000004246831,0.002375));
#1952=CARTESIAN_POINT('',(-0.0015391490714229,-0.000551158938395569,0.002754992034553));
#1953=CARTESIAN_POINT('',(-0.00153900007309858,-0.000551225482515684,0.00275499993842095));
#1954=CARTESIAN_POINT('',(-0.00153900007309858,-0.00121496359344553,0.00275499993842095));
#1955=CARTESIAN_POINT('',(-0.00153900007309858,-0.00187870170437537,0.00275499993842095));
#1956=CARTESIAN_POINT('',(-0.00153900007309858,-0.00254243981530521,0.00275499993842095));
#1957=CARTESIAN_POINT('',(1.32783434311715E-7,-0.0026125,0.00275901744586636));
#1958=CARTESIAN_POINT('',(0.00153913889741321,-0.000554623099397207,0.00272263337921358));
#1959=CARTESIAN_POINT('',(0.0015488030723881,-0.000508514774030657,0.00313141738114641));
#1960=CARTESIAN_POINT('',(0.00123155366461559,-0.000414901615129849,0.00394113328701665));
#1961=CARTESIAN_POINT('',(2.02488383549566E-5,-0.000351418806896935,0.00447015053192636));
#1962=CARTESIAN_POINT('',(-0.00120577234865364,-0.000411768976968069,0.00396837805953869));
#1963=CARTESIAN_POINT('',(-0.0015403693675624,-0.000504924465108806,0.00316387580619233));
#1964=CARTESIAN_POINT('',(-0.00153929806968617,-0.000551092394248194,0.00275498413068213));
#1965=CARTESIAN_POINT('',(0.00153919490198148,-0.000554598345685937,0.00272262784039887));
#1966=CARTESIAN_POINT('',(0.00153925097294328,-0.00254170656336643,0.0027226251097415));
#1967=CARTESIAN_POINT('',(0.00153925097294328,-0.00187933715747293,0.0027226251097415));
#1968=CARTESIAN_POINT('',(0.00153925097294328,-0.00121696775157943,0.0027226251097415));
#1969=CARTESIAN_POINT('',(0.00153925097294328,-0.000554598345685937,0.0027226251097415));
#1970=CARTESIAN_POINT('',(0.,0.00285000004246831,0.002375));
#1971=CARTESIAN_POINT('',(0.0034082247944517,0.00311401894430066,0.000827242260571795));
#1972=CARTESIAN_POINT('',(0.00343900988517301,0.00266809821355921,0.000818966422685478));
#1973=CARTESIAN_POINT('',(0.0033819753659772,0.00222043698834624,0.000810707658029814));
#1974=CARTESIAN_POINT('',(0.00309809249876225,0.00137056515181557,0.000795110836517992));
#1975=CARTESIAN_POINT('',(0.00287323061747807,0.000976846871416664,0.00078792822744697));
#1976=CARTESIAN_POINT('',(0.00228791697057243,0.000303360414202713,0.000775687247972138));
#1977=CARTESIAN_POINT('',(0.00193486070956493,2.86120241752878E-5,0.000770718330870095));
#1978=CARTESIAN_POINT('',(0.00153925097294328,-0.000171036870967368,0.000767113604774207));
#1979=CARTESIAN_POINT('',(0.0034082247944517,0.00311401894430067,0.000827242260571796));
#1980=CARTESIAN_POINT('',(0.00153925097294328,-0.000171036870967368,0.000767113604774208));
#1981=CARTESIAN_POINT('',(0.00153925097294328,0.00285000004246831,0.002375));
#1982=CARTESIAN_POINT('',(0.00153925209046922,0.00592852387948132,0.000880125344074361));
#1983=CARTESIAN_POINT('',(0.00193713436367172,0.00572772895645148,0.000876305066509059));
#1984=CARTESIAN_POINT('',(0.00229189435046224,0.00545101091138402,0.000871050243756924));
#1985=CARTESIAN_POINT('',(0.00282351204821318,0.0048366313318265,0.000859446410827808));
#1986=CARTESIAN_POINT('',(0.00301728538775586,0.00452240837613862,0.000853531508059376));
#1987=CARTESIAN_POINT('',(0.0032981289462019,0.00384282496492039,0.000840801367121145));
#1988=CARTESIAN_POINT('',(0.0033828425528644,0.00348167963495523,0.000834065671243842));
#1989=CARTESIAN_POINT('',(0.0034082247944517,0.00311401894430067,0.000827242260571795));
#1990=CARTESIAN_POINT('',(0.00153925097294328,0.,0.0027226251097415));
#1991=CARTESIAN_POINT('',(0.00153925097294328,-0.000620772849129165,0.000383556802387103));
#1992=CARTESIAN_POINT('',(0.00153925097294328,-0.00107050882729096,0.));
#1993=CARTESIAN_POINT('',(0.00153925097294328,7.65888417042886E-5,0.));
#1994=CARTESIAN_POINT('',(0.00151813539787808,-0.000105313652683064,0.000832205714135229));
#1995=CARTESIAN_POINT('',(0.00276810173489186,0.0005167922680173,0.000832205714135229));
#1996=CARTESIAN_POINT('',(0.00347313687362638,0.0017219300499276,0.000832205714135229));
#1997=CARTESIAN_POINT('',(0.00340290697287283,0.00311638312596789,0.000832205714135229));
#1998=CARTESIAN_POINT('',(0.00151144959574625,-0.00108105573988556,1.66433348047472E-20));
#1999=CARTESIAN_POINT('',(0.00316125835154141,-0.000461689546548552,1.51804236206099E-20));
#2000=CARTESIAN_POINT('',(0.00420232262187693,0.000960164383072173,1.86517639454397E-20));
#2001=CARTESIAN_POINT('',(0.00429452839092937,0.00271998866643133,8.27020341611291E-21));
#2002=CARTESIAN_POINT('',(0.0033240309038621,0.00315144961956336,0.000905825654179212));
#2003=CARTESIAN_POINT('',(0.00429452839092937,0.00271998866643133,0.));
#2004=CARTESIAN_POINT('',(0.,0.00294499993417412,0.));
#2005=CARTESIAN_POINT('',(0.00335156350700206,0.0031392092548522,0.00088012776357892));
#2006=CARTESIAN_POINT('',(0.00326372062119416,0.00465515611772977,0.00088012776357892));
#2007=CARTESIAN_POINT('',(0.00229691269662576,0.00582609322135539,0.00088012776357892));
#2008=CARTESIAN_POINT('',(0.000824985094488889,0.00619924251818309,0.00088012776357892));
#2009=CARTESIAN_POINT('',(0.00429452839092937,0.00271998866643132,-4.98354570941384E-20));
#2010=CARTESIAN_POINT('',(0.0043963033161946,0.00466244830598964,-2.88548951108128E-20));
#2011=CARTESIAN_POINT('',(0.00333037668743016,0.00628950331698855,9.90108530628166E-21));
#2012=CARTESIAN_POINT('',(0.00150892109384246,0.00697200394505702,2.71210485305531E-20));
#2013=CARTESIAN_POINT('',(0.,0.00294499993417412,0.));
#2014=CARTESIAN_POINT('',(0.,0.00285000004246831,0.));
#2015=CARTESIAN_POINT('',(0.00155,0.00544023212030493,0.));
#2016=CARTESIAN_POINT('',(0.00155,0.00544023212030493,0.011957988970789));
#2017=CARTESIAN_POINT('',(0.00155000275215766,0.00544103528567254,0.00848251991568719));
#2018=CARTESIAN_POINT('',(0.,0.00285000004246831,0.011957988970789));
#2019=CARTESIAN_POINT('',(-0.00155,0.00544023212030493,0.011957988970789));
#2020=CARTESIAN_POINT('',(-0.00155,0.00544023212030493,0.));
#2021=CARTESIAN_POINT('',(-0.00114348128548536,5.63907700755867E-5,0.00597899448539448));
#2022=CARTESIAN_POINT('',(-0.00114348128548402,5.63907700758136E-5,0.0116618853920064));
#2023=CARTESIAN_POINT('',(-0.00114369644749838,5.64788499527701E-5,0.0116618853032664));
#2024=CARTESIAN_POINT('',(-0.00114373553025665,5.64948508379275E-5,0.0117725285056181));
#2025=CARTESIAN_POINT('',(-0.000948845733387352,-2.21771217626261E-5,0.0119178976691288));
#2026=CARTESIAN_POINT('',(-0.000747445641143735,-7.6575862027514E-5,0.0119476473992959));
#2027=CARTESIAN_POINT('',(-0.000641664086616141,-9.95879655424589E-5,0.0119579585666148));
#2028=CARTESIAN_POINT('',(-0.000641666916375388,-9.95873499449302E-5,0.011957988970789));
#2029=CARTESIAN_POINT('',(0.,0.00285000004246831,0.011957988970789));
#2030=CARTESIAN_POINT('',(0.000641666916375454,-9.95873499449159E-5,0.011957988970789));
#2031=CARTESIAN_POINT('',(0.000641665508255902,-9.95876562781777E-5,0.0119579738034257));
#2032=CARTESIAN_POINT('',(0.000747443748409989,-7.6576220388432E-5,0.0119476887096413));
#2033=CARTESIAN_POINT('',(0.000948039444935303,-2.24561572037451E-5,0.0119186249239861));
#2034=CARTESIAN_POINT('',(0.00114405129195198,5.66241526613797E-5,0.011772369452018));
#2035=CARTESIAN_POINT('',(0.00114399798898115,5.66023231556822E-5,0.0116618851009249));
#2036=CARTESIAN_POINT('',(0.00114348128548536,5.63907700755861E-5,0.0116618853920063));
#2037=CARTESIAN_POINT('',(0.00114348128548536,5.63907700755867E-5,0.00597899448539448));
#2038=CARTESIAN_POINT('',(0.00114348128548536,5.63907700755871E-5,0.00834817006910806));
#2039=CARTESIAN_POINT('',(0.00114348128548535,5.63907700755779E-5,0.00834817006910806));
#2040=CARTESIAN_POINT('',(0.00148159172620671,0.000194786273417009,0.00835169018862933));
#2041=CARTESIAN_POINT('',(0.00206544846997802,0.000541028439108914,0.00836165839171035));
#2042=CARTESIAN_POINT('',(0.00271817963110066,0.00144133701368421,0.00838432921413306));
#2043=CARTESIAN_POINT('',(0.00303344833768262,0.0023409607402148,0.00840601459867456));
#2044=CARTESIAN_POINT('',(0.00302573845458378,0.00339442140938376,0.00843241295000532));
#2045=CARTESIAN_POINT('',(0.00260185422363093,0.00457665973453749,0.00845997313900198));
#2046=CARTESIAN_POINT('',(0.00198336338429782,0.00518098910856815,0.00847469060367454));
#2047=CARTESIAN_POINT('',(0.00154963703983945,0.00544044928184967,0.00848156331950073));
#2048=CARTESIAN_POINT('',(0.,0.00285000004246831,0.012825));
#2049=CARTESIAN_POINT('',(0.00301857619036754,0.00285000004246831,0.012825));
#2050=CARTESIAN_POINT('',(0.,0.00285000004246831,0.0135375));
#2051=CARTESIAN_POINT('',(0.,0.00285000004246831,0.0135758403888268));
#2052=CARTESIAN_POINT('',(0.00226773580154079,0.00285000004246831,0.0135758403888268));
#2053=CARTESIAN_POINT('',(0.,0.00285000004246831,0.016625));
#2054=CARTESIAN_POINT('',(0.00114305117264471,5.62147547682347E-5,0.00834816559211888));
#2055=CARTESIAN_POINT('',(0.00187564146650625,0.000355947235339758,0.00835578935870821));
#2056=CARTESIAN_POINT('',(0.00309013210221955,0.00155918617149607,0.00838637818483494));
#2057=CARTESIAN_POINT('',(0.00309431006322718,0.0040769223620066,0.00844960172250971));
#2058=CARTESIAN_POINT('',(0.00195364902344921,0.00527002070455405,0.00847921912870821));
#2059=CARTESIAN_POINT('',(0.0012786356116949,0.00558730375457126,0.0084870920295299));
#2060=CARTESIAN_POINT('',(0.00114558666658946,5.72521284488639E-5,0.00792946568177032));
#2061=CARTESIAN_POINT('',(0.00187895420259546,0.000358099516600997,0.00793627719885188));
#2062=CARTESIAN_POINT('',(0.00309356362715237,0.00156745383016637,0.00796367601586524));
#2063=CARTESIAN_POINT('',(0.00309007360518153,0.00408445891496848,0.00802011266070365));
#2064=CARTESIAN_POINT('',(0.00194930220546688,0.00527205114449106,0.00804650344567015));
#2065=CARTESIAN_POINT('',(0.00127548984527333,0.00558791027171013,0.00805352146017787));
#2066=CARTESIAN_POINT('',(0.00122216084533103,-0.000122742089174212,0.00751482570586748));
#2067=CARTESIAN_POINT('',(0.00200467864178064,0.000198116706388887,0.00752086962612502));
#2068=CARTESIAN_POINT('',(0.00330098742525324,0.00148770752851761,0.00754521100367145));
#2069=CARTESIAN_POINT('',(0.00329876522258523,0.0041741782754472,0.00759522596505091));
#2070=CARTESIAN_POINT('',(0.00208127238235369,0.00544272750650533,0.00761857576347329));
#2071=CARTESIAN_POINT('',(0.00136189928651877,0.00578011601589473,0.00762478619746998));
#2072=CARTESIAN_POINT('',(0.00134612735404032,-0.000421133340750398,0.0072485324736951));
#2073=CARTESIAN_POINT('',(0.00220887073550221,-6.81499392652758E-5,0.00725463148696656));
#2074=CARTESIAN_POINT('',(0.00363912959449701,0.00134885822639612,0.00727910254786796));
#2075=CARTESIAN_POINT('',(0.0036440498183077,0.00431389919517605,0.00732968137800776));
#2076=CARTESIAN_POINT('',(0.00230073723171498,0.00571896517419719,0.00735337530296656));
#2077=CARTESIAN_POINT('',(0.0015057999273735,0.00609261720555228,0.00735967362362392));
#2078=CARTESIAN_POINT('',(0.00134695560194717,-0.000423126959285848,0.00724675330918971));
#2079=CARTESIAN_POINT('',(0.00221023498844422,-6.99289261402076E-5,0.00725285269054989));
#2080=CARTESIAN_POINT('',(0.0036413887977835,0.00134793054322551,0.00727732461789472));
#2081=CARTESIAN_POINT('',(0.00364635674173927,0.00431483270181839,0.00732790721536754));
#2082=CARTESIAN_POINT('',(0.00230220352534543,0.00572081077969531,0.00735160343951251));
#2083=CARTESIAN_POINT('',(0.00150676135966535,0.00609470509573257,0.00735790234736026));
#2084=CARTESIAN_POINT('',(0.00134778384985401,-0.000425120577821299,0.00724497414468432));
#2085=CARTESIAN_POINT('',(0.00221159924138624,-7.17079130151394E-5,0.00725107389413322));
#2086=CARTESIAN_POINT('',(0.00364364800106999,0.0013470028600549,0.00727554668792148));
#2087=CARTESIAN_POINT('',(0.00364866366517085,0.00431576620846072,0.00732613305272731));
#2088=CARTESIAN_POINT('',(0.00230366981897587,0.00572265638519343,0.00734983157605846));
#2089=CARTESIAN_POINT('',(0.0015077227919572,0.00609679298591287,0.00735613107109659));
#2090=CARTESIAN_POINT('',(0.00134861209776085,-0.000427114196356751,0.00724319498017893));
#2091=CARTESIAN_POINT('',(0.00221296349432826,-7.34868998900712E-5,0.00724929509771654));
#2092=CARTESIAN_POINT('',(0.00364590720435649,0.00134607517688429,0.00727376875794824));
#2093=CARTESIAN_POINT('',(0.00365097058860242,0.00431669971510306,0.00732435889008708));
#2094=CARTESIAN_POINT('',(0.00230513611260632,0.00572450199069155,0.00734805971260441));
#2095=CARTESIAN_POINT('',(0.00150868422424905,0.00609888087609316,0.00735435979483294));
#2096=CARTESIAN_POINT('',(0.00155,0.0054418426650069,0.00848251891689936));
#2097=CARTESIAN_POINT('',(0.00155,0.00544128594564968,0.00803248974553196));
#2098=CARTESIAN_POINT('',(0.00154999999999984,0.00570183789805869,0.0076142096830041));
#2099=CARTESIAN_POINT('',(0.00154999999999984,0.00607145222023838,0.00735931685867104));
#2100=CARTESIAN_POINT('',(0.00191801319615147,-0.000122791406266349,0.00725315373909566));
#2101=CARTESIAN_POINT('',(0.00172558805818841,-6.62474881455698E-5,0.00737677213401732));
#2102=CARTESIAN_POINT('',(0.00137858584473008,1.73007787116664E-5,0.00767640266088275));
#2103=CARTESIAN_POINT('',(0.00114348129233571,5.63907689091082E-5,0.00811083767581697));
#2104=CARTESIAN_POINT('',(0.00114348128216293,5.63907706436293E-5,0.00834817006910854));
#2105=CARTESIAN_POINT('',(-1.51930273028203E-20,-0.00665000009909272,0.00597899448539448));
#2106=CARTESIAN_POINT('',(-1.51930273028203E-20,-0.00665000009909272,0.000285));
#2107=CARTESIAN_POINT('',(-0.0034999746470313,-0.010905617380421,0.000284999999955232));
#2108=CARTESIAN_POINT('',(-1.51930273028203E-20,-0.00665000009909272,0.000285));
#2109=CARTESIAN_POINT('',(0.00349997464822155,-0.0109056173794421,0.000285));
#2110=CARTESIAN_POINT('',(0.00349997464822153,-0.0109056173794421,0.000285000000000001));
#2111=CARTESIAN_POINT('',(0.00327966010230785,-0.0110868120862342,0.000285000000000001));
#2112=CARTESIAN_POINT('',(0.00280371284680851,-0.0114079355160501,0.000526852641527521));
#2113=CARTESIAN_POINT('',(0.00258852401143009,-0.0115141181525042,0.00112234488902584));
#2114=CARTESIAN_POINT('',(0.00258839832111612,-0.0115141850365971,0.001425));
#2115=CARTESIAN_POINT('',(0.00258839832111613,-0.0115141850365971,0.001425));
#2116=CARTESIAN_POINT('',(0.00258839832111613,-0.0115141850365971,0.00597899448539448));
#2117=CARTESIAN_POINT('',(0.00258839832111613,-0.0115141850365971,0.00553909334010209));
#2118=CARTESIAN_POINT('',(0.00258839832111612,-0.0115141850365971,0.00553909334010209));
#2119=CARTESIAN_POINT('',(0.00258851212226571,-0.0115141244791331,0.00584329993955331));
#2120=CARTESIAN_POINT('',(0.00280441786032196,-0.0114072686231738,0.00643738882929288));
#2121=CARTESIAN_POINT('',(0.00327742671660535,-0.0110886489039797,0.00667909334010209));
#2122=CARTESIAN_POINT('',(0.00349997464822153,-0.0109056173794421,0.00667909334010209));
#2123=CARTESIAN_POINT('',(0.00349997464822155,-0.0109056173794421,0.00667909334010209));
#2124=CARTESIAN_POINT('',(-1.51930273028203E-20,-0.00665000009909272,0.00667909334010209));
#2125=CARTESIAN_POINT('',(0.00538826326657272,-0.00780183339653847,0.00667909334010209));
#2126=CARTESIAN_POINT('',(0.00538826326657267,-0.00780183339653869,0.00667909334010374));
#2127=CARTESIAN_POINT('',(0.00549457693464589,-0.00730449924785264,0.00674245791310741));
#2128=CARTESIAN_POINT('',(0.00554251546350204,-0.00658573907829533,0.00686707019990913));
#2129=CARTESIAN_POINT('',(0.00544017763644086,-0.00571052439432857,0.00710340900194768));
#2130=CARTESIAN_POINT('',(0.00531480839285739,-0.00515058480191678,0.00729364118320715));
#2131=CARTESIAN_POINT('',(0.00508637338401776,-0.00449716818193509,0.00758531729788077));
#2132=CARTESIAN_POINT('',(0.00482369693763319,-0.00396662534605941,0.00790289396738184));
#2133=CARTESIAN_POINT('',(0.00456590713642434,-0.00355572443541158,0.00822439600774835));
#2134=CARTESIAN_POINT('',(0.00434375426386776,-0.00325596296308266,0.00851124247533126));
#2135=CARTESIAN_POINT('',(0.00416040004869079,-0.0030341106473821,0.00875440491758082));
#2136=CARTESIAN_POINT('',(0.00402793907954353,-0.00288892176835169,0.00893519351448841));
#2137=CARTESIAN_POINT('',(0.00391067838268001,-0.00276736886441965,0.00909674380263549));
#2138=CARTESIAN_POINT('',(0.00379789342323827,-0.00265748770047012,0.00925286468839706));
#2139=CARTESIAN_POINT('',(0.00375769598116177,-0.00261991706096686,0.00930909874926577));
#2140=CARTESIAN_POINT('',(0.00367090885452439,-0.00254028789374913,0.00943008128213733));
#2141=CARTESIAN_POINT('',(0.00357198322465173,-0.0024536199928228,0.00956648315536862));
#2142=CARTESIAN_POINT('',(0.00339064514394461,-0.00230420316249684,0.00981248641305911));
#2143=CARTESIAN_POINT('',(0.00325071062759777,-0.0021997263612266,0.00999189923669414));
#2144=CARTESIAN_POINT('',(0.0031157525156487,-0.00210515990331371,0.0101522555823918));
#2145=CARTESIAN_POINT('',(0.00304226556256202,-0.00205550361591507,0.010235901887574));
#2146=CARTESIAN_POINT('',(0.0029160751383633,-0.0019740718753826,0.0103686397001164));
#2147=CARTESIAN_POINT('',(0.00276112965929561,-0.00188038636492943,0.010515569666736));
#2148=CARTESIAN_POINT('',(0.00248158529713331,-0.00172363510734839,0.0107496492175349));
#2149=CARTESIAN_POINT('',(0.00209073244346469,-0.00154489568706023,0.0109794430065233));
#2150=CARTESIAN_POINT('',(0.00170511149021806,-0.0014067867132186,0.0111242413195749));
#2151=CARTESIAN_POINT('',(0.00124220591374333,-0.00127305652776045,0.0112493105998309));
#2152=CARTESIAN_POINT('',(0.000735907006946506,-0.00117625618902037,0.0113271465470504));
#2153=CARTESIAN_POINT('',(3.04318250270061E-6,-0.00112210225357926,0.011366413544292));
#2154=CARTESIAN_POINT('',(-0.000729067918308965,-0.00117534032692994,0.0113278731698855));
#2155=CARTESIAN_POINT('',(-0.00123639799589688,-0.00127171818889408,0.0112505569375352));
#2156=CARTESIAN_POINT('',(-0.00169913565756551,-0.00140484644217681,0.0111263473775204));
#2157=CARTESIAN_POINT('',(-0.00208570438326374,-0.00154280473117886,0.010981925757575));
#2158=CARTESIAN_POINT('',(-0.00247751308932654,-0.00172153603755745,0.0107524395039703));
#2159=CARTESIAN_POINT('',(-0.0027583555004219,-0.00187877421405898,0.0105181500008344));
#2160=CARTESIAN_POINT('',(-0.00291347984649436,-0.00197245590937946,0.0103714481205003));
#2161=CARTESIAN_POINT('',(-0.00303961066570944,-0.00205374528378368,0.0102390781450848));
#2162=CARTESIAN_POINT('',(-0.00311324816357537,-0.00210344906411039,0.0101553724710992));
#2163=CARTESIAN_POINT('',(-0.00324748928352249,-0.00219737773132064,0.00999600767554955));
#2164=CARTESIAN_POINT('',(-0.00338797047858805,-0.00230215612300951,0.00981596049738386));
#2165=CARTESIAN_POINT('',(-0.00356767267728953,-0.00244996816552766,0.00957221705555913));
#2166=CARTESIAN_POINT('',(-0.00366697284915228,-0.0025367682042546,0.00943542120219305));
#2167=CARTESIAN_POINT('',(-0.00375430148886093,-0.00261673981974924,0.00931379800079143));
#2168=CARTESIAN_POINT('',(-0.0037967433673257,-0.00265639329724507,0.00925449774204735));
#2169=CARTESIAN_POINT('',(-0.00390858970277042,-0.00276527623667553,0.00909975833922648));
#2170=CARTESIAN_POINT('',(-0.0040266807731803,-0.00288754029218994,0.00893707607606956));
#2171=CARTESIAN_POINT('',(-0.00415978487258696,-0.00303341841534531,0.00875531795072619));
#2172=CARTESIAN_POINT('',(-0.0043423622691438,-0.00325420486672368,0.00851295657230255));
#2173=CARTESIAN_POINT('',(-0.00456436409858775,-0.00355350183394626,0.00822614898061279));
#2174=CARTESIAN_POINT('',(-0.00482140924160575,-0.00396249557289612,0.00790568860626807));
#2175=CARTESIAN_POINT('',(-0.00508543187362943,-0.00449488281373396,0.00758651149938045));
#2176=CARTESIAN_POINT('',(-0.00531369995594545,-0.00514680440772273,0.00729497182827038));
#2177=CARTESIAN_POINT('',(-0.00543968227448674,-0.00570742798660067,0.00710417124846149));
#2178=CARTESIAN_POINT('',(-0.00554253963869697,-0.00658330452810587,0.00686748207411607));
#2179=CARTESIAN_POINT('',(-0.00549480624467744,-0.00730342653809882,0.00674259458539509));
#2180=CARTESIAN_POINT('',(-0.00538826326656994,-0.00780183339655149,0.0066790933401021));
#2181=CARTESIAN_POINT('',(-0.00538826326656994,-0.00780183339655149,0.0066790933401021));
#2182=CARTESIAN_POINT('',(-1.51930273028203E-20,-0.00665000009909272,0.00667909334010209));
#2183=CARTESIAN_POINT('',(-0.00349997464822155,-0.0109056173794421,0.00667909334010209));
#2184=CARTESIAN_POINT('',(-0.00349997464822154,-0.0109056173794421,0.00667909334010209));
#2185=CARTESIAN_POINT('',(-0.00327966263549888,-0.0110868100028456,0.00667909334010209));
#2186=CARTESIAN_POINT('',(-0.00280372410147549,-0.0114079289212447,0.00643722736468871));
#2187=CARTESIAN_POINT('',(-0.00258852401847963,-0.0115141181487529,0.00584174311320437));
#2188=CARTESIAN_POINT('',(-0.00258839832111613,-0.0115141850365971,0.00553909334010209));
#2189=CARTESIAN_POINT('',(-0.00258839832111613,-0.0115141850365971,0.00553909334010209));
#2190=CARTESIAN_POINT('',(-0.00258839832111613,-0.0115141850365971,0.00597899448539448));
#2191=CARTESIAN_POINT('',(-0.00258839832111613,-0.0115141850365971,0.001425));
#2192=CARTESIAN_POINT('',(-0.00258839832111613,-0.0115141850365971,0.001425));
#2193=CARTESIAN_POINT('',(-0.00258851181386203,-0.0115141246432452,0.00112079089066712));
#2194=CARTESIAN_POINT('',(-0.00280441733141142,-0.0114072687092013,0.00052669057275468));
#2195=CARTESIAN_POINT('',(-0.00327742437950773,-0.0110886508260939,0.000285000000000001));
#2196=CARTESIAN_POINT('',(-0.00349997464822154,-0.0109056173794421,0.000285000000000001));
#2197=CARTESIAN_POINT('',(0.,-0.00114000001061708,0.011957988970789));
#2198=CARTESIAN_POINT('',(0.000506704983320125,-0.00022722453514807,0.011957988970789));
#2199=CARTESIAN_POINT('',(0.000585990693380685,-0.00022722453514807,0.011957988970789));
#2200=CARTESIAN_POINT('',(0.000699215181564323,-0.000222752318325406,0.011957988970789));
#2201=CARTESIAN_POINT('',(0.000828351029213129,-0.00022323961808275,0.011957988970789));
#2202=CARTESIAN_POINT('',(0.000865276626374955,-0.000174072767081054,0.011957988970789));
#2203=CARTESIAN_POINT('',(0.000793845335506708,-0.000140900268852428,0.011957988970789));
#2204=CARTESIAN_POINT('',(0.000714955833520625,-0.000115507797271943,0.011957988970789));
#2205=CARTESIAN_POINT('',(0.000641666916375453,-9.95873499449159E-5,0.011957988970789));
#2206=CARTESIAN_POINT('',(0.000506704983320111,-0.000227224535148065,0.011957988970789));
#2207=CARTESIAN_POINT('',(-0.000641696847477235,-9.96602800459019E-5,0.011957988970789));
#2208=CARTESIAN_POINT('',(-0.000686295302774962,-0.000109335738586255,0.011957988970789));
#2209=CARTESIAN_POINT('',(-0.000765934527963476,-0.000135361207517569,0.011957988970789));
#2210=CARTESIAN_POINT('',(-0.000814873020832263,-0.000137222196758793,0.011957988970789));
#2211=CARTESIAN_POINT('',(-0.000871746877136291,-0.000205551487787001,0.011957988970789));
#2212=CARTESIAN_POINT('',(-0.00074047459931541,-0.000224153231454087,0.011957988970789));
#2213=CARTESIAN_POINT('',(-0.000632109922817325,-0.000227224535148067,0.011957988970789));
#2214=CARTESIAN_POINT('',(-0.000506704983320116,-0.000227224535148067,0.011957988970789));
#2215=CARTESIAN_POINT('',(-0.000506704985013194,-0.000227224535244583,0.0119579889707624));
#2216=CARTESIAN_POINT('',(-6.17995238316738E-18,-0.000227224535148061,0.011957988970789));
#2217=CARTESIAN_POINT('',(-1.51930273028203E-20,-0.00665000009909272,0.00597899448539448));
#2218=CARTESIAN_POINT('',(-1.51930273028203E-20,-0.00665000009909272,0.000285));
#2219=CARTESIAN_POINT('',(-0.004172337982879,-0.0120235300093979,0.000284999999955232));
#2220=CARTESIAN_POINT('',(-0.00417233798563538,-0.0120235300072577,0.000285000000000001));
#2221=CARTESIAN_POINT('',(-0.00392268422723606,-0.0122173764875468,0.000285000000000001));
#2222=CARTESIAN_POINT('',(-0.00340025084618628,-0.0125562718247744,0.000526335764553439));
#2223=CARTESIAN_POINT('',(-0.00316317372592111,-0.0126730856825133,0.00112611147274208));
#2224=CARTESIAN_POINT('',(-0.00316303305054154,-0.0126731595575083,0.001425));
#2225=CARTESIAN_POINT('',(-0.00316303305054154,-0.0126731595575083,0.001425));
#2226=CARTESIAN_POINT('',(-0.00316303305054154,-0.0126731595575083,0.00597899448539448));
#2227=CARTESIAN_POINT('',(-0.00316303305054154,-0.0126731595575083,0.00553909334010209));
#2228=CARTESIAN_POINT('',(-0.00316303305054154,-0.0126731595575083,0.00553909334010209));
#2229=CARTESIAN_POINT('',(-0.00316317365474423,-0.0126730857198915,0.00583786079010327));
#2230=CARTESIAN_POINT('',(-0.00340027222627626,-0.0125562503929821,0.00643777039732584));
#2231=CARTESIAN_POINT('',(-0.00392258867317998,-0.0122174506815728,0.00667909334010209));
#2232=CARTESIAN_POINT('',(-0.00417233798563535,-0.0120235300072577,0.00667909334010209));
#2233=CARTESIAN_POINT('',(-0.00417233798563537,-0.0120235300072577,0.00667909334010209));
#2234=CARTESIAN_POINT('',(-1.51930273028203E-20,-0.00665000009909272,0.00667909334010209));
#2235=CARTESIAN_POINT('',(-0.0066846522010487,-0.00791437855957604,0.00667909334010209));
#2236=CARTESIAN_POINT('',(-0.00668465220104858,-0.00791437855957665,0.0066790933401075));
#2237=CARTESIAN_POINT('',(-0.00679161084420494,-0.00734889808696349,0.00674472726637114));
#2238=CARTESIAN_POINT('',(-0.00683355766446332,-0.00653395201582918,0.00687639037719795));
#2239=CARTESIAN_POINT('',(-0.00674300111982059,-0.00569395749022679,0.00708449604114281));
#2240=CARTESIAN_POINT('',(-0.00665749224365276,-0.00523781777951336,0.0072231248337052));
#2241=CARTESIAN_POINT('',(-0.0065870975510283,-0.00493689059118139,0.00732556647810853));
#2242=CARTESIAN_POINT('',(-0.00647798237532825,-0.004559881222161,0.00747305556638112));
#2243=CARTESIAN_POINT('',(-0.0063211392200255,-0.00411708627207039,0.00767628400434901));
#2244=CARTESIAN_POINT('',(-0.0060984473259677,-0.00361119333433572,0.0079602268399559));
#2245=CARTESIAN_POINT('',(-0.00583881840386199,-0.00314824763647543,0.00830816842248923));
#2246=CARTESIAN_POINT('',(-0.00562059346545206,-0.00281283995276175,0.00861757350402669));
#2247=CARTESIAN_POINT('',(-0.00544277461132328,-0.00256529982726654,0.00888023805612974));
#2248=CARTESIAN_POINT('',(-0.00531742126830555,-0.00240501157973379,0.00907424303194082));
#2249=CARTESIAN_POINT('',(-0.00520302651732385,-0.00226594943608914,0.00925476467613882));
#2250=CARTESIAN_POINT('',(-0.00510116286518388,-0.00214817401719444,0.00941759708534047));
#2251=CARTESIAN_POINT('',(-0.00503935437418461,-0.00207924067238145,0.00951698254264535));
#2252=CARTESIAN_POINT('',(-0.00493832326290568,-0.00196955454451454,0.00967835236925531));
#2253=CARTESIAN_POINT('',(-0.0048354659413158,-0.00186401202410219,0.00983862531126536));
#2254=CARTESIAN_POINT('',(-0.00477962761078183,-0.00180866776489579,0.00992354558995985));
#2255=CARTESIAN_POINT('',(-0.00476289530742392,-0.00179207582190723,0.00994908608907824));
#2256=CARTESIAN_POINT('',(-0.00469690584704458,-0.00172811768693123,0.0100471644101019));
#2257=CARTESIAN_POINT('',(-0.00462850920738517,-0.0016636762158834,0.0101456114465482));
#2258=CARTESIAN_POINT('',(-0.00454183339928839,-0.0015842420079661,0.0102662039001899));
#2259=CARTESIAN_POINT('',(-0.0044429013248115,-0.00149757890554256,0.0103949767042833));
#2260=CARTESIAN_POINT('',(-0.00436651545338997,-0.00143246233284758,0.0104897646580798));
#2261=CARTESIAN_POINT('',(-0.00423862525259852,-0.00132771907693459,0.0106347465948719));
#2262=CARTESIAN_POINT('',(-0.00408160932515994,-0.00120588018374768,0.0107920149742799));
#2263=CARTESIAN_POINT('',(-0.00380810466789388,-0.00100527529455791,0.0110280338760183));
#2264=CARTESIAN_POINT('',(-0.00338619291501,-0.000741775129736526,0.0112599245369897));
#2265=CARTESIAN_POINT('',(-0.00298671439730743,-0.000533310262492876,0.0114009088459121));
#2266=CARTESIAN_POINT('',(-0.00260042749750709,-0.000359821071836525,0.011498909913607));
#2267=CARTESIAN_POINT('',(-0.00232223563279838,-0.000252860691345753,0.0115486700802661));
#2268=CARTESIAN_POINT('',(-0.00184756106579339,-9.32902023730063E-5,0.0116150776399342));
#2269=CARTESIAN_POINT('',(-0.00144274171909796,5.36471329385493E-6,0.0116468441627753));
#2270=CARTESIAN_POINT('',(-0.00114348770185445,5.63896760416597E-5,0.011662016379548));
#2271=CARTESIAN_POINT('',(-1.51930273028203E-20,-0.00665000009909272,0.000285));
#2272=CARTESIAN_POINT('',(-0.00399754961191123,-0.0117984210899456,0.));
#2273=CARTESIAN_POINT('',(-0.00408906858656869,-0.0119162878462849,-2.22804085514772E-13));
#2274=CARTESIAN_POINT('',(-0.0041723379785361,-0.01202353001277,0.000135774348812643));
#2275=CARTESIAN_POINT('',(-0.00417233797905802,-0.0120235300123648,0.000285));
#2276=CARTESIAN_POINT('',(-0.00316303305054154,-0.0126731595575083,0.001425));
#2277=CARTESIAN_POINT('',(-0.00316303305054154,-0.0126731595575083,0.00108191858755894));
#2278=CARTESIAN_POINT('',(-0.00343570545364078,-0.0125385014950107,0.000488004729625015));
#2279=CARTESIAN_POINT('',(-0.0039602129532793,-0.0121882368843625,0.000285));
#2280=CARTESIAN_POINT('',(-0.00417233798563537,-0.0120235300072577,0.000285));
#2281=CARTESIAN_POINT('',(-0.00309513561288356,-0.0127088155684179,0.001425));
#2282=CARTESIAN_POINT('',(-0.00309513561288356,-0.0127088155684179,0.00105876865445269));
#2283=CARTESIAN_POINT('',(-0.00338576146783054,-0.0125699902478629,0.000423111603577307));
#2284=CARTESIAN_POINT('',(-0.00394755045841652,-0.0121981632293318,0.000208077530035447));
#2285=CARTESIAN_POINT('',(-0.00417233798563537,-0.0120235300072577,0.000210387174477243));
#2286=CARTESIAN_POINT('',(-0.00292951042221938,-0.0127219209130857,0.001425));
#2287=CARTESIAN_POINT('',(-0.00292951042221938,-0.0127219209130857,0.00101292397942799));
#2288=CARTESIAN_POINT('',(-0.00325159258661589,-0.0125718960560099,0.000294230671270236));
#2289=CARTESIAN_POINT('',(-0.00388398566932836,-0.0121641973333112,5.50025474579405E-5));
#2290=CARTESIAN_POINT('',(-0.00413448330076601,-0.0119747771780263,6.17237031020572E-5));
#2291=CARTESIAN_POINT('',(-0.00280530413887458,-0.0126115748528068,0.001425));
#2292=CARTESIAN_POINT('',(-0.00280530413887458,-0.0126115748528068,0.000994934347848864));
#2293=CARTESIAN_POINT('',(-0.00313452831061628,-0.0124532247946925,0.000248101869283278));
#2294=CARTESIAN_POINT('',(-0.00378223921195472,-0.012045578526961,-3.67389447302218E-6));
#2295=CARTESIAN_POINT('',(-0.00404330910709867,-0.0118573544624622,-1.49807422614397E-19));
#2296=CARTESIAN_POINT('',(-0.00277265096662287,-0.0125421833295752,0.001425));
#2297=CARTESIAN_POINT('',(-0.00277265096662287,-0.0125421833295752,0.000996148234448606));
#2298=CARTESIAN_POINT('',(-0.00309979872105092,-0.0123821570512279,0.000253755912031281));
#2299=CARTESIAN_POINT('',(-0.00373751344629786,-0.0119829549155046,-2.18118641158185E-18));
#2300=CARTESIAN_POINT('',(-0.00399754961997416,-0.0117984210842238,-1.08767161943745E-18));
#2301=CARTESIAN_POINT('',(-0.00277265096662287,-0.0125421833295752,0.001425));
#2302=CARTESIAN_POINT('',(-0.00277265096662287,-0.0125421833295752,0.00118854006946868));
#2303=CARTESIAN_POINT('',(-0.00284827720682103,-0.0125036457429371,0.000877502114952336));
#2304=CARTESIAN_POINT('',(-0.00301756609452968,-0.0124124246158309,0.000572108735614433));
#2305=CARTESIAN_POINT('',(-0.00312753911101249,-0.0123516416342146,0.00042166673620435));
#2306=CARTESIAN_POINT('',(-0.00333808214619972,-0.012228694253162,0.000218902154607649));
#2307=CARTESIAN_POINT('',(-0.00362055023583515,-0.0120547864405599,5.2463660907635E-5));
#2308=CARTESIAN_POINT('',(-0.00385144843963701,-0.0119021013152512,-2.9073041262033E-18));
#2309=CARTESIAN_POINT('',(-0.00399754961997416,-0.0117984210842238,0.));
#2310=CARTESIAN_POINT('',(-0.00277265096662287,-0.0125421833295752,0.001425));
#2311=CARTESIAN_POINT('',(-0.00316303305054156,-0.0126731595575083,0.001425));
#2312=CARTESIAN_POINT('',(-0.00302723817522558,-0.0127444715793275,0.001425));
#2313=CARTESIAN_POINT('',(-0.00283795731112627,-0.0126809663760384,0.001425));
#2314=CARTESIAN_POINT('',(-0.00277265096662286,-0.0125421833295752,0.001425));
#2315=CARTESIAN_POINT('',(-0.00303052667657568,-0.0124208362314792,0.00597899448539448));
#2316=CARTESIAN_POINT('',(-0.00277265096662287,-0.0125421833295752,0.00597899448539448));
#2317=CARTESIAN_POINT('',(-0.00277265096662287,-0.0125421833295752,0.00553909334010209));
#2318=CARTESIAN_POINT('',(-0.00277265096662286,-0.0125421833295752,0.00553909334010209));
#2319=CARTESIAN_POINT('',(-0.00283795731112627,-0.0126809663760384,0.00553909334010209));
#2320=CARTESIAN_POINT('',(-0.00302723817522558,-0.0127444715793275,0.00553909334010209));
#2321=CARTESIAN_POINT('',(-0.00316303305054156,-0.0126731595575083,0.00553909334010209));
#2322=CARTESIAN_POINT('',(-0.00417233798563537,-0.0120235300072578,0.00667909334010209));
#2323=CARTESIAN_POINT('',(-0.00396021364863952,-0.0121882363444423,0.00667909334010209));
#2324=CARTESIAN_POINT('',(-0.00343567678020052,-0.0125385151196744,0.00647604079225797));
#2325=CARTESIAN_POINT('',(-0.00316303305054154,-0.0126731595575083,0.00588217362789903));
#2326=CARTESIAN_POINT('',(-0.00316303305054154,-0.0126731595575083,0.00553909334010209));
#2327=CARTESIAN_POINT('',(-0.00417233798563537,-0.0120235300072578,0.00675370616562485));
#2328=CARTESIAN_POINT('',(-0.00394755119528527,-0.0121981626568723,0.00675601580249547));
#2329=CARTESIAN_POINT('',(-0.00338573037357533,-0.0125700065761002,0.00654093079843005));
#2330=CARTESIAN_POINT('',(-0.00309513561288356,-0.0127088155684179,0.00590532348511821));
#2331=CARTESIAN_POINT('',(-0.00309513561288356,-0.0127088155684179,0.00553909334010209));
#2332=CARTESIAN_POINT('',(-0.00413446954799646,-0.0119747594659141,0.00690234721251368));
#2333=CARTESIAN_POINT('',(-0.00388397273770703,-0.0121641790002668,0.0069090683461254));
#2334=CARTESIAN_POINT('',(-0.00325155587690384,-0.0125718842426396,0.00666978449548391));
#2335=CARTESIAN_POINT('',(-0.00292952161295396,-0.0127218875584659,0.00595116800986093));
#2336=CARTESIAN_POINT('',(-0.00292952161295396,-0.0127218875584659,0.00553909334010209));
#2337=CARTESIAN_POINT('',(-0.00404330910709867,-0.0118573544624622,0.00696409334010209));
#2338=CARTESIAN_POINT('',(-0.00378224006775952,-0.0120455779099498,0.00696776722253184));
#2339=CARTESIAN_POINT('',(-0.00313448968715648,-0.0124532431522597,0.00671593447555426));
#2340=CARTESIAN_POINT('',(-0.00280530413887458,-0.0126115748528068,0.00596915758246881));
#2341=CARTESIAN_POINT('',(-0.00280530413887458,-0.0126115748528068,0.00553909334010209));
#2342=CARTESIAN_POINT('',(-0.00399754961997415,-0.0117984210842238,0.00696409334010209));
#2343=CARTESIAN_POINT('',(-0.00373751429871407,-0.0119829543105902,0.00696409334010209));
#2344=CARTESIAN_POINT('',(-0.0030997643685642,-0.0123821733427196,0.00671027765529694));
#2345=CARTESIAN_POINT('',(-0.00277265096662287,-0.0125421833295752,0.00596794369984828));
#2346=CARTESIAN_POINT('',(-0.00277265096662287,-0.0125421833295752,0.00553909334010209));
#2347=CARTESIAN_POINT('',(-0.00399754961997415,-0.0117984210842238,0.00696409334010209));
#2348=CARTESIAN_POINT('',(-0.00385141100828104,-0.0119021278782922,0.00696409334010209));
#2349=CARTESIAN_POINT('',(-0.00362044471684603,-0.0120548544423116,0.00691157893944596));
#2350=CARTESIAN_POINT('',(-0.00333798198822346,-0.0122287567378355,0.00674513972168509));
#2351=CARTESIAN_POINT('',(-0.00312729687882225,-0.0123517759192458,0.00654211650635359));
#2352=CARTESIAN_POINT('',(-0.00301782600128665,-0.0124122749312184,0.00639236067438839));
#2353=CARTESIAN_POINT('',(-0.00284822376682623,-0.0125036749113208,0.00608660681210842));
#2354=CARTESIAN_POINT('',(-0.00277265096662287,-0.0125421833295752,0.00577558675601658));
#2355=CARTESIAN_POINT('',(-0.00277265096662287,-0.0125421833295752,0.00553909334010209));
#2356=CARTESIAN_POINT('',(-0.00399754961997415,-0.0117984210842238,0.00696409334010209));
#2357=CARTESIAN_POINT('',(-0.00417233798563539,-0.0120235300072577,0.00667909334010209));
#2358=CARTESIAN_POINT('',(-0.00417233798563539,-0.0120235300072577,0.00682831899114761));
#2359=CARTESIAN_POINT('',(-0.0040890685942232,-0.0119162878407006,0.0069640933401021));
#2360=CARTESIAN_POINT('',(-0.00399754961997416,-0.0117984210842238,0.00696409334010209));
#2361=CARTESIAN_POINT('',(-1.51930273028203E-20,-0.00665000009909272,0.00667909334010209));
#2362=CARTESIAN_POINT('',(-1.51930273028203E-20,-0.00665000009909272,0.00696409334010209));
#2363=CARTESIAN_POINT('',(-0.00640134025726281,-0.00787861090607761,0.00696409334010209));
#2364=CARTESIAN_POINT('',(-0.00640137489114016,-0.00791259330268667,0.00695997662895573));
#2365=CARTESIAN_POINT('',(-0.00640771580533129,-0.00787919073647639,0.00696402313188573));
#2366=CARTESIAN_POINT('',(-0.00640771405037931,-0.00787920004351967,0.00696402212980673));
#2367=CARTESIAN_POINT('',(-0.00647429983923788,-0.00789170331773146,0.00696250735408823));
#2368=CARTESIAN_POINT('',(-0.006596614558783,-0.00791112720409257,0.00690009166656132));
#2369=CARTESIAN_POINT('',(-0.00665561711466174,-0.00791691742442431,0.00681387102859865));
#2370=CARTESIAN_POINT('',(-0.00668411408960728,-0.00791722350508665,0.00672790684704046));
#2371=CARTESIAN_POINT('',(-0.0066846522010487,-0.00791437855957601,0.00667909334010757));
#2372=CARTESIAN_POINT('',(-0.00640461749694323,-0.00789568599580101,0.00696202482171585));
#2373=CARTESIAN_POINT('',(-0.00640569379587385,-0.00788999570271206,0.00696271415782291));
#2374=CARTESIAN_POINT('',(-0.00640676249987089,-0.00788430041065567,0.00696340400420331));
#2375=CARTESIAN_POINT('',(-0.0064455981669997,-0.00767614310161144,0.00698862592240581));
#2376=CARTESIAN_POINT('',(-0.00650173066388421,-0.00727661487478264,0.00704398145539201));
#2377=CARTESIAN_POINT('',(-0.00653631261591969,-0.00647346288552829,0.00718679815555963));
#2378=CARTESIAN_POINT('',(-0.00643623768498608,-0.00549261004095777,0.00743215795279377));
#2379=CARTESIAN_POINT('',(-0.00610834642624775,-0.00441188321292593,0.00786441821540574));
#2380=CARTESIAN_POINT('',(-0.0056312916747149,-0.00349973043672982,0.00846310652792491));
#2381=CARTESIAN_POINT('',(-0.00508466808881191,-0.00277234778760046,0.00923985274725228));
#2382=CARTESIAN_POINT('',(-0.00454278054850513,-0.00220262672481554,0.010156849326909));
#2383=CARTESIAN_POINT('',(-0.00399509396598169,-0.00171225603845169,0.0109398889938716));
#2384=CARTESIAN_POINT('',(-0.00339452226660093,-0.00126747303664471,0.0114036833099254));
#2385=CARTESIAN_POINT('',(-0.00270835436790941,-0.000842230462781601,0.0117242588944827));
#2386=CARTESIAN_POINT('',(-0.001741483832767,-0.000422534784865888,0.0119049539055787));
#2387=CARTESIAN_POINT('',(-0.000920577680806759,-0.000263221735091114,0.0119480745408282));
#2388=CARTESIAN_POINT('',(-0.00050670498332008,-0.000227224535148064,0.011957988970789));
#2389=CARTESIAN_POINT('',(-0.0064459247582175,-0.00790338611595317,0.00696109201021272));
#2390=CARTESIAN_POINT('',(-0.0064470107110002,-0.00789766014433867,0.00696178567860123));
#2391=CARTESIAN_POINT('',(-0.00644808908609318,-0.00789192919815235,0.00696247995381152));
#2392=CARTESIAN_POINT('',(-0.00648727112279377,-0.00768246270304378,0.00698785525861127));
#2393=CARTESIAN_POINT('',(-0.00654387468113854,-0.00728031260024557,0.00704338181227575));
#2394=CARTESIAN_POINT('',(-0.00657921163288648,-0.00647198533495872,0.00718703578949599));
#2395=CARTESIAN_POINT('',(-0.00647970704890891,-0.00548487753785584,0.00743420722127366));
#2396=CARTESIAN_POINT('',(-0.0061526634898732,-0.0043977312696411,0.00787099657439295));
#2397=CARTESIAN_POINT('',(-0.00567811879608166,-0.00348273770942841,0.00847680191348468));
#2398=CARTESIAN_POINT('',(-0.00513562358815002,-0.00275701271384585,0.00926029014282573));
#2399=CARTESIAN_POINT('',(-0.004597638826716,-0.00218957645453725,0.0101803957784468));
#2400=CARTESIAN_POINT('',(-0.00404460082520986,-0.00169033674372536,0.010971328667853));
#2401=CARTESIAN_POINT('',(-0.00343199445014863,-0.00123304906414515,0.0114351319887888));
#2402=CARTESIAN_POINT('',(-0.00273386842150237,-0.000798699100830006,0.0117496415139411));
#2403=CARTESIAN_POINT('',(-0.00175562933304474,-0.000375107957838889,0.0119216992422566));
#2404=CARTESIAN_POINT('',(-0.000927929435773141,-0.000215382212699607,0.0119619524764621));
#2405=CARTESIAN_POINT('',(-0.000510728245873588,-0.000179264613550302,0.0119711982005167));
#2406=CARTESIAN_POINT('',(-0.00652840642134334,-0.00791648405962885,0.00694042895877171));
#2407=CARTESIAN_POINT('',(-0.0065295116303498,-0.00791068650675109,0.00694112866559788));
#2408=CARTESIAN_POINT('',(-0.00653060930059069,-0.00790488423651306,0.00694182907832103));
#2409=CARTESIAN_POINT('',(-0.00657048194432701,-0.00769277955783286,0.00696742020657389));
#2410=CARTESIAN_POINT('',(-0.00662802399029068,-0.00728481349614036,0.0070232650133261));
#2411=CARTESIAN_POINT('',(-0.00666486310005297,-0.00646505962037426,0.00716827284578058));
#2412=CARTESIAN_POINT('',(-0.0065664712982396,-0.00546337828876255,0.00741843682167807));
#2413=CARTESIAN_POINT('',(-0.00624108658884929,-0.00435915917109472,0.00786282760379759));
#2414=CARTESIAN_POINT('',(-0.0057714697725877,-0.00343074424867111,0.00848169908658287));
#2415=CARTESIAN_POINT('',(-0.00523710900818604,-0.00269841894669127,0.00927955292228055));
#2416=CARTESIAN_POINT('',(-0.00470681150965943,-0.00212815710370696,0.0102076832352901));
#2417=CARTESIAN_POINT('',(-0.00414311973960787,-0.00161293153914517,0.011009192474613));
#2418=CARTESIAN_POINT('',(-0.00350657589340318,-0.00113895656659156,0.011469101432528));
#2419=CARTESIAN_POINT('',(-0.00278466162668988,-0.0006953974737046,0.0117707634765673));
#2420=CARTESIAN_POINT('',(-0.00178381861372516,-0.000271161672284134,0.0119278163764294));
#2421=CARTESIAN_POINT('',(-0.000942593867110406,-0.000112402424262742,0.0119634849636179));
#2422=CARTESIAN_POINT('',(-0.000518751584090595,-7.6491354310731E-5,0.0119716536666514));
#2423=CARTESIAN_POINT('',(-0.00664533918344231,-0.00792712315148406,0.0068456782917521));
#2424=CARTESIAN_POINT('',(-0.00664646797903637,-0.00792122260470783,0.00684637844015003));
#2425=CARTESIAN_POINT('',(-0.00664758917192148,-0.00791531855119811,0.00684707915472861));
#2426=CARTESIAN_POINT('',(-0.00668831127523781,-0.00769937206093437,0.00687269432923174));
#2427=CARTESIAN_POINT('',(-0.00674704097476073,-0.00728112311065028,0.0069289401332735));
#2428=CARTESIAN_POINT('',(-0.00678528982107585,-0.00644145702698338,0.00707492421067995));
#2429=CARTESIAN_POINT('',(-0.00668687949882758,-0.00541205860008858,0.0073274155093242));
#2430=CARTESIAN_POINT('',(-0.00635974884305282,-0.00427103185362572,0.00777790036033443));
#2431=CARTESIAN_POINT('',(-0.00588907423183937,-0.00330163654475139,0.00841024994368535));
#2432=CARTESIAN_POINT('',(-0.00535446643992445,-0.00253290228126358,0.0092271650113628));
#2433=CARTESIAN_POINT('',(-0.00482270721998391,-0.00193843221508996,0.0101682170024807));
#2434=CARTESIAN_POINT('',(-0.00424647102344957,-0.00141388123713402,0.0109622642260796));
#2435=CARTESIAN_POINT('',(-0.00358909390507675,-0.000946069539203298,0.0114064597088981));
#2436=CARTESIAN_POINT('',(-0.00284520920494963,-0.000515814930083642,0.0116933129854491));
#2437=CARTESIAN_POINT('',(-0.00181976645966931,-0.000107736086903184,0.011840653759715));
#2438=CARTESIAN_POINT('',(-0.000961376003613187,4.58166246039619E-5,0.0118742986501242));
#2439=CARTESIAN_POINT('',(-0.000529068482670499,8.0521824443995E-5,0.0118819741446582));
#2440=CARTESIAN_POINT('',(-0.00668326730959829,-0.00792170035282982,0.00674169517728434));
#2441=CARTESIAN_POINT('',(-0.0066843969860485,-0.00791576395742672,0.00674238863741472));
#2442=CARTESIAN_POINT('',(-0.00668551893550496,-0.00790982526172258,0.00674308237411341));
#2443=CARTESIAN_POINT('',(-0.00672627352116047,-0.00769250015241422,0.00676846852785878));
#2444=CARTESIAN_POINT('',(-0.00678510078046191,-0.00726863671124476,0.00682487024270631));
#2445=CARTESIAN_POINT('',(-0.0068224564676433,-0.00641841403862032,0.00697053891388689));
#2446=CARTESIAN_POINT('',(-0.00672079428172965,-0.00537289144487311,0.00722249285167462));
#2447=CARTESIAN_POINT('',(-0.00638551447995262,-0.00420833124932713,0.00767182896479928));
#2448=CARTESIAN_POINT('',(-0.00589995077120847,-0.00320853760828976,0.00830563927593974));
#2449=CARTESIAN_POINT('',(-0.00534528603036409,-0.00241063008891122,0.00912863190066736));
#2450=CARTESIAN_POINT('',(-0.0047935756865027,-0.00179899180326468,0.0100750663705535));
#2451=CARTESIAN_POINT('',(-0.00421803090094886,-0.0012899882658556,0.0108435449114019));
#2452=CARTESIAN_POINT('',(-0.00357507484191983,-0.000850699395348779,0.0112726069380698));
#2453=CARTESIAN_POINT('',(-0.00284357403662693,-0.00044454036864847,0.0115579711162166));
#2454=CARTESIAN_POINT('',(-0.00182372596421274,-5.16771743269836E-5,0.011712667497396));
#2455=CARTESIAN_POINT('',(-0.000963860343036003,9.85850537879784E-5,0.0117496478949862));
#2456=CARTESIAN_POINT('',(-0.000530457715278602,0.000132465906759958,0.0117580652054746));
#2457=CARTESIAN_POINT('',(-0.00668465220104858,-0.00791437855957666,0.0066790933401075));
#2458=CARTESIAN_POINT('',(-0.00668577555994066,-0.00790843946481577,0.00667978267621456));
#2459=CARTESIAN_POINT('',(-0.00668689099181922,-0.00790249890431276,0.006680472092005));
#2460=CARTESIAN_POINT('',(-0.00672742470485916,-0.00768503026821598,0.00670571810146931));
#2461=CARTESIAN_POINT('',(-0.00678601153210193,-0.00725914097832513,0.0067622156635525));
#2462=CARTESIAN_POINT('',(-0.00682210554113539,-0.00640535585778539,0.00690767975447508));
#2463=CARTESIAN_POINT('',(-0.00671765494628654,-0.00535362899349581,0.00715933021260144));
#2464=CARTESIAN_POINT('',(-0.00637542701066416,-0.00418014182323299,0.0076078796788734));
#2465=CARTESIAN_POINT('',(-0.00587751357611844,-0.00316889648446189,0.0082424380861588));
#2466=CARTESIAN_POINT('',(-0.00530698948808422,-0.00236223885494753,0.00906883927989734));
#2467=CARTESIAN_POINT('',(-0.0047414085239187,-0.00174874743114736,0.0100183692969876));
#2468=CARTESIAN_POINT('',(-0.00416977496093115,-0.00125423719536407,0.0107710453897439));
#2469=CARTESIAN_POINT('',(-0.00354294393877109,-0.000831872943606102,0.0111911259396752));
#2470=CARTESIAN_POINT('',(-0.00282677411965758,-0.000437736695800723,0.0114759577489896));
#2471=CARTESIAN_POINT('',(-0.00181762825669957,-5.0493034140433E-5,0.0116353436200269));
#2472=CARTESIAN_POINT('',(-0.000960828905579128,9.89085006968442E-5,0.0116743319756189));
#2473=CARTESIAN_POINT('',(-0.000528860089404162,0.000132590478714154,0.0116832201179023));
#2474=CARTESIAN_POINT('',(-0.00668468451518243,-0.00791420771773409,0.00667763263057337));
#2475=CARTESIAN_POINT('',(-0.00668580772666481,-0.00790826855998818,0.00667832187045322));
#2476=CARTESIAN_POINT('',(-0.00668692300646655,-0.0079023279559732,0.00667901118542247));
#2477=CARTESIAN_POINT('',(-0.00672745156581213,-0.00768485597091801,0.00670425392485356));
#2478=CARTESIAN_POINT('',(-0.00678603278297354,-0.00725891941122368,0.00676075372337224));
#2479=CARTESIAN_POINT('',(-0.00682209735285021,-0.00640505116689924,0.00690621304075546));
#2480=CARTESIAN_POINT('',(-0.0067175816951262,-0.005353179536297,0.00715785641768974));
#2481=CARTESIAN_POINT('',(-0.00637519163638076,-0.00417948406995747,0.00760638752886847));
#2482=CARTESIAN_POINT('',(-0.00587699004156634,-0.00316797152490592,0.00824096339173058));
#2483=CARTESIAN_POINT('',(-0.00530609590209769,-0.00236110972615504,0.00906744411874604));
#2484=CARTESIAN_POINT('',(-0.00474019129012507,-0.00174757506246462,0.0100170463652711));
#2485=CARTESIAN_POINT('',(-0.00416864898899741,-0.00125340300371927,0.0107693537342385));
#2486=CARTESIAN_POINT('',(-0.00354219421769761,-0.000831433659732106,0.0111892247163793));
#2487=CARTESIAN_POINT('',(-0.00282638212159496,-0.000437577943434276,0.0114740441037543));
#2488=CARTESIAN_POINT('',(-0.0018174859768576,-5.04654042027469E-5,0.0116335393962216));
#2489=CARTESIAN_POINT('',(-0.000960758172038468,9.89160477913843E-5,0.011672574604167));
#2490=CARTESIAN_POINT('',(-0.000528822811467092,0.000132593385393085,0.0116814737325257));
#2491=CARTESIAN_POINT('',(-0.00668471682931626,-0.00791403687589151,0.00667617192103925));
#2492=CARTESIAN_POINT('',(-0.00668583989338895,-0.00790809765516059,0.00667686106469189));
#2493=CARTESIAN_POINT('',(-0.00668695502111388,-0.00790215700763364,0.00667755027883993));
#2494=CARTESIAN_POINT('',(-0.00672747842676509,-0.00768468167362006,0.0067027897482378));
#2495=CARTESIAN_POINT('',(-0.00678605403384513,-0.00725869784412222,0.00675929178319198));
#2496=CARTESIAN_POINT('',(-0.00682208916456503,-0.0064047464760131,0.00690474632703586));
#2497=CARTESIAN_POINT('',(-0.00671750844396586,-0.0053527300790982,0.00715638262277802));
#2498=CARTESIAN_POINT('',(-0.00637495626209737,-0.00417882631668194,0.00760489537886353));
#2499=CARTESIAN_POINT('',(-0.00587646650701424,-0.00316704656534993,0.00823948869730235));
#2500=CARTESIAN_POINT('',(-0.00530520231611116,-0.00235998059736256,0.00906604895759473));
#2501=CARTESIAN_POINT('',(-0.00473897405633144,-0.00174640269378189,0.0100157234335545));
#2502=CARTESIAN_POINT('',(-0.00416752301706366,-0.00125256881207446,0.0107676620787332));
#2503=CARTESIAN_POINT('',(-0.00354144449662415,-0.00083099437585811,0.0111873234930835));
#2504=CARTESIAN_POINT('',(-0.00282599012353234,-0.000437419191067828,0.011472130458519));
#2505=CARTESIAN_POINT('',(-0.00181734369701562,-5.04377742650607E-5,0.0116317351724163));
#2506=CARTESIAN_POINT('',(-0.000960687438497807,9.89235948859246E-5,0.0116708172327151));
#2507=CARTESIAN_POINT('',(-0.000528785533530022,0.000132596292072016,0.011679727347149));
#2508=CARTESIAN_POINT('',(-0.0066847491434501,-0.00791386603404894,0.00667471121150512));
#2509=CARTESIAN_POINT('',(-0.00668587206011311,-0.007907926750333,0.00667540025893055));
#2510=CARTESIAN_POINT('',(-0.00668698703576122,-0.00790198605929407,0.00667608937225741));
#2511=CARTESIAN_POINT('',(-0.00672750528771807,-0.0076845073763221,0.00670132557162205));
#2512=CARTESIAN_POINT('',(-0.00678607528471673,-0.00725847627702076,0.00675782984301173));
#2513=CARTESIAN_POINT('',(-0.00682208097627984,-0.00640444178512695,0.00690327961331625));
#2514=CARTESIAN_POINT('',(-0.00671743519280552,-0.00535228062189939,0.00715490882786631));
#2515=CARTESIAN_POINT('',(-0.00637472088781397,-0.00417816856340641,0.00760340322885859));
#2516=CARTESIAN_POINT('',(-0.00587594297246214,-0.00316612160579394,0.00823801400287414));
#2517=CARTESIAN_POINT('',(-0.00530430873012463,-0.00235885146857007,0.00906465379644343));
#2518=CARTESIAN_POINT('',(-0.00473775682253782,-0.00174523032509915,0.010014400501838));
#2519=CARTESIAN_POINT('',(-0.00416639704512992,-0.00125173462042966,0.0107659704232278));
#2520=CARTESIAN_POINT('',(-0.00354069477555067,-0.000830555091984114,0.0111854222697876));
#2521=CARTESIAN_POINT('',(-0.00282559812546972,-0.000437260438701381,0.0114702168132837));
#2522=CARTESIAN_POINT('',(-0.00181720141717364,-5.04101443273745E-5,0.011629930948611));
#2523=CARTESIAN_POINT('',(-0.000960616704957147,9.89311419804649E-5,0.0116690598612632));
#2524=CARTESIAN_POINT('',(-0.000528748255592952,0.000132599198750947,0.0116779809617723));
#2525=CARTESIAN_POINT('',(-0.00050670498332008,-0.000227224535148059,0.0119579889707889));
#2526=CARTESIAN_POINT('',(-0.00104681774817521,-0.000274201653679652,0.0119450504268973));
#2527=CARTESIAN_POINT('',(-0.00178205232162195,-0.000441039180768337,0.0119040649871539));
#2528=CARTESIAN_POINT('',(-0.00275945286201243,-0.000876000554964429,0.0116951763517037));
#2529=CARTESIAN_POINT('',(-0.00329935915995652,-0.00120626474443913,0.0114538420617275));
#2530=CARTESIAN_POINT('',(-0.00366107548891623,-0.00146352703600491,0.0112012087601752));
#2531=CARTESIAN_POINT('',(-0.0039418870420746,-0.00168168807782918,0.0109423560006562));
#2532=CARTESIAN_POINT('',(-0.00412405165011606,-0.00183534166969105,0.0107277338157148));
#2533=CARTESIAN_POINT('',(-0.00424289705200194,-0.00193981533918473,0.0105712317567467));
#2534=CARTESIAN_POINT('',(-0.00431138409157417,-0.00200120294825506,0.010476665988506));
#2535=CARTESIAN_POINT('',(-0.00437853160538082,-0.00206263148629346,0.0103799701849603));
#2536=CARTESIAN_POINT('',(-0.00439228334912476,-0.00207549615086658,0.0103594303923599));
#2537=CARTESIAN_POINT('',(-0.00443890696383919,-0.00211898301442685,0.0102901387704943));
#2538=CARTESIAN_POINT('',(-0.00450547655057766,-0.00218209510304066,0.0101886226325723));
#2539=CARTESIAN_POINT('',(-0.004607488171351,-0.00228032808240815,0.0100296073086163));
#2540=CARTESIAN_POINT('',(-0.00479331690527626,-0.00246774071682647,0.00973151895128408));
#2541=CARTESIAN_POINT('',(-0.00494452449868877,-0.00263351898163809,0.00948570242085354));
#2542=CARTESIAN_POINT('',(-0.00508757207500373,-0.00280060468719388,0.00925895396751398));
#2543=CARTESIAN_POINT('',(-0.00521870858113528,-0.00295970445714308,0.00905891929651398));
#2544=CARTESIAN_POINT('',(-0.00542242497477741,-0.00322756983520558,0.00876143666857887));
#2545=CARTESIAN_POINT('',(-0.00559837000662992,-0.0034937973585518,0.00852018535830092));
#2546=CARTESIAN_POINT('',(-0.00569709870591005,-0.00365789012250936,0.00838945094602737));
#2547=CARTESIAN_POINT('',(-0.00573598031028682,-0.00372364304270337,0.00833838730733676));
#2548=CARTESIAN_POINT('',(-0.0058315098738322,-0.0038961161959613,0.00821396067753498));
#2549=CARTESIAN_POINT('',(-0.0059285226103388,-0.00408741984952667,0.00808954293637689));
#2550=CARTESIAN_POINT('',(-0.00602981935140095,-0.00430321121984647,0.00796112352374684));
#2551=CARTESIAN_POINT('',(-0.00616550825298299,-0.0046456099916726,0.00778718674220608));
#2552=CARTESIAN_POINT('',(-0.00626545626982483,-0.00494823435890851,0.00765542318739861));
#2553=CARTESIAN_POINT('',(-0.00636248465195693,-0.00531058241609487,0.00751855550575961));
#2554=CARTESIAN_POINT('',(-0.00645368768295228,-0.00575897791784573,0.00737319927279038));
#2555=CARTESIAN_POINT('',(-0.00651083540969428,-0.00625667194305992,0.00724287419973689));
#2556=CARTESIAN_POINT('',(-0.00652162102302707,-0.00674736402577663,0.00713953785537662));
#2557=CARTESIAN_POINT('',(-0.00650913644769687,-0.00707436837856923,0.00708061741515803));
#2558=CARTESIAN_POINT('',(-0.00649329202884217,-0.00726813551916755,0.00704906826609549));
#2559=CARTESIAN_POINT('',(-0.0064786377734394,-0.00740772409062172,0.00702778193965475));
#2560=CARTESIAN_POINT('',(-0.00647030463441089,-0.00748121156807246,0.00701675098474288));
#2561=CARTESIAN_POINT('',(-0.00644335915981349,-0.00767903133105491,0.00698919322293784));
#2562=CARTESIAN_POINT('',(-0.00642199243167141,-0.0078069108806276,0.00697287322845481));
#2563=CARTESIAN_POINT('',(-0.00641127324177871,-0.0078601305122873,0.00696633210048107));
#2564=CARTESIAN_POINT('',(-0.00640771580533666,-0.00787919073243423,0.00696402309851045));
#2565=CARTESIAN_POINT('',(0.,0.000153177683408578,0.));
#2566=CARTESIAN_POINT('',(0.00100049992690142,0.0194605044962066,7.33067082529604E-18));
#2567=CARTESIAN_POINT('',(0.00155,0.00729786449620665,2.66630875381127E-20));
#2568=CARTESIAN_POINT('',(-1.51930273028203E-20,-0.00665000009909272,0.));
#2569=CARTESIAN_POINT('',(0.00399754961997415,-0.0117984210842238,0.));
#2570=CARTESIAN_POINT('',(0.00128956794387508,-0.00604366709158574,0.));
#2571=CARTESIAN_POINT('',(0.00368100781677439,-0.0111257355110981,0.));
#2572=CARTESIAN_POINT('',(-1.51930273028203E-20,-0.00665000009909272,0.));
#2573=CARTESIAN_POINT('',(0.00128956794387508,-0.00604366709158574,0.001425));
#2574=CARTESIAN_POINT('',(0.00399754961997415,-0.0117984210842238,-6.50521303491303E-19));
#2575=CARTESIAN_POINT('',(0.00385140633993962,-0.0119021311911656,-1.89407018763555E-18));
#2576=CARTESIAN_POINT('',(0.00362044240604372,-0.0120548573144328,5.25154156384749E-5));
#2577=CARTESIAN_POINT('',(0.00333798956088381,-0.012228754834516,0.000218951822163196));
#2578=CARTESIAN_POINT('',(0.00312732788504377,-0.0123517603974231,0.000421941413939338));
#2579=CARTESIAN_POINT('',(0.00301782613570406,-0.0124122768068827,0.000571731735662557));
#2580=CARTESIAN_POINT('',(0.00284823511601368,-0.0125036693610013,0.00087746363659782));
#2581=CARTESIAN_POINT('',(0.00277265096662287,-0.0125421833295752,0.00118849602772486));
#2582=CARTESIAN_POINT('',(0.00277265096662287,-0.0125421833295752,0.001425));
#2583=CARTESIAN_POINT('',(0.00277265096662287,-0.0125421833295752,0.001425));
#2584=CARTESIAN_POINT('',(1.89394111003952E-7,-0.00665040258206596,0.001425));
#2585=CARTESIAN_POINT('',(0.00246440528079539,-0.0118871279032828,0.001425));
#2586=CARTESIAN_POINT('',(0.0024644052807954,-0.0118871279032828,0.001425));
#2587=CARTESIAN_POINT('',(0.0024644052807954,-0.0118871279032828,0.00118513753563252));
#2588=CARTESIAN_POINT('',(0.00254179324924443,-0.0118473728499829,0.000872012704075985));
#2589=CARTESIAN_POINT('',(0.00271154780220407,-0.0117542699339076,0.000568122655861928));
#2590=CARTESIAN_POINT('',(0.00281734792053312,-0.0116943668051198,0.000422303532146364));
#2591=CARTESIAN_POINT('',(0.00303189169229973,-0.0115653057360777,0.000214912790275996));
#2592=CARTESIAN_POINT('',(0.00331370545419316,-0.0113862824024013,5.04509843465438E-5));
#2593=CARTESIAN_POINT('',(0.00354012634341389,-0.0112306402835613,9.4820959036971E-20));
#2594=CARTESIAN_POINT('',(0.00368100781677439,-0.0111257355110981,-6.50521303491303E-19));
#2595=CARTESIAN_POINT('',(0.00262134807540965,-0.0122206483188357,0.00597899448539448));
#2596=CARTESIAN_POINT('',(0.00277265096662287,-0.0125421833295752,0.00597899448539448));
#2597=CARTESIAN_POINT('',(0.00277265096662287,-0.0125421833295752,0.00553909334010209));
#2598=CARTESIAN_POINT('',(0.00290019527535686,-0.0128132287825055,0.00553909334010209));
#2599=CARTESIAN_POINT('',(0.00246440528079539,-0.0118871279032828,0.00553909334010209));
#2600=CARTESIAN_POINT('',(0.00246440528079539,-0.0118871279032828,0.00597899448539448));
#2601=CARTESIAN_POINT('',(0.00418957382512094,-0.0122064932920252,0.00553909334010209));
#2602=CARTESIAN_POINT('',(0.00277265096662287,-0.0125421833295752,0.00553909334010209));
#2603=CARTESIAN_POINT('',(0.00277265096662287,-0.0125421833295752,0.00577075668505718));
#2604=CARTESIAN_POINT('',(0.00284558827438165,-0.0125048804217127,0.00607896693765321));
#2605=CARTESIAN_POINT('',(0.00301364275112476,-0.0124143019237765,0.00638675577061455));
#2606=CARTESIAN_POINT('',(0.00312887392533645,-0.0123508145006424,0.00654401876399724));
#2607=CARTESIAN_POINT('',(0.0033352473557902,-0.012230765733186,0.00674250818401539));
#2608=CARTESIAN_POINT('',(0.00361697608716688,-0.0120573660273742,0.00691044773343854));
#2609=CARTESIAN_POINT('',(0.00384920269779741,-0.0119036949986987,0.00696409334010209));
#2610=CARTESIAN_POINT('',(0.00399754961997415,-0.0117984210842238,0.00696409334010209));
#2611=CARTESIAN_POINT('',(0.00399754961997415,-0.0117984210842238,0.00696409334010209));
#2612=CARTESIAN_POINT('',(0.00418957382512094,-0.0122064932920252,0.00696409334010209));
#2613=CARTESIAN_POINT('',(0.00368100781677439,-0.0111257355110981,0.00696409334010209));
#2614=CARTESIAN_POINT('',(0.00368100781677439,-0.0111257355110981,0.00696409334010209));
#2615=CARTESIAN_POINT('',(0.00353472278954866,-0.0112346639395836,0.00696409334010209));
#2616=CARTESIAN_POINT('',(0.00330514533637281,-0.0113928281928759,0.00691069525142837));
#2617=CARTESIAN_POINT('',(0.00302560618050811,-0.0115704107496536,0.00674307184389878));
#2618=CARTESIAN_POINT('',(0.0028207656008553,-0.011692518654215,0.00654558330762915));
#2619=CARTESIAN_POINT('',(0.00270457924103991,-0.011757744518441,0.00638677834097427));
#2620=CARTESIAN_POINT('',(0.00253694846408995,-0.0118496098521215,0.00607837080308942));
#2621=CARTESIAN_POINT('',(0.00246440528079541,-0.0118871279032828,0.0057702221927301));
#2622=CARTESIAN_POINT('',(0.00246440528079541,-0.0118871279032828,0.00553909334010209));
#2623=CARTESIAN_POINT('',(0.,-0.01490175308351,0.00696409334010209));
#2624=CARTESIAN_POINT('',(-1.51930273028203E-20,-0.00665000009909272,0.00696409334010209));
#2625=CARTESIAN_POINT('',(0.00640134025726281,-0.00787861090607761,0.00696409334010209));
#2626=CARTESIAN_POINT('',(0.,-0.00787861090607761,0.00696409334010209));
#2627=CARTESIAN_POINT('',(0.00567058974523899,-0.00787861090208071,0.00696409333925952));
#2628=CARTESIAN_POINT('',(0.00567054284866242,-0.0078444199764326,0.00696409334010209));
#2629=CARTESIAN_POINT('',(0.00566342490253948,-0.00787786181717359,0.00696409334010209));
#2630=CARTESIAN_POINT('',(-1.51930273028203E-20,-0.00665000009909272,0.00696409334010209));
#2631=CARTESIAN_POINT('',(-0.00659744101764815,-0.00790278612153292,0.00696116469501321));
#2632=CARTESIAN_POINT('',(0.00659756000631701,-0.00790278612153292,0.00696116469501321));
#2633=CARTESIAN_POINT('',(-0.00659744101764815,-0.00773802973784335,0.00698112368875398));
#2634=CARTESIAN_POINT('',(0.00659756000631701,-0.00773802973784335,0.00698112368875398));
#2635=CARTESIAN_POINT('',(-0.00659744101764814,-0.00713171588819886,0.00705427981602472));
#2636=CARTESIAN_POINT('',(0.00659756000631701,-0.00713171588819885,0.00705427981602472));
#2637=CARTESIAN_POINT('',(-0.00659744101764815,-0.00560752124284817,0.00737353705938029));
#2638=CARTESIAN_POINT('',(0.00659756000631701,-0.00560752124284817,0.00737353705938029));
#2639=CARTESIAN_POINT('',(-0.00659744101764814,-0.00410739277140823,0.00798873646786984));
#2640=CARTESIAN_POINT('',(0.00659756000631701,-0.00410739277140823,0.00798873646786984));
#2641=CARTESIAN_POINT('',(-0.00659744101764815,-0.00301862269107199,0.00890045664555385));
#2642=CARTESIAN_POINT('',(0.00659756000631701,-0.00301862269107199,0.00890045664555385));
#2643=CARTESIAN_POINT('',(-0.00659744101764815,-0.00231919564894507,0.0099462785096298));
#2644=CARTESIAN_POINT('',(0.00659756000631701,-0.00231919564894506,0.0099462785096298));
#2645=CARTESIAN_POINT('',(-0.00659744101764815,-0.00156896843584603,0.0112232772909476));
#2646=CARTESIAN_POINT('',(0.00659756000631701,-0.00156896843584603,0.0112232772909476));
#2647=CARTESIAN_POINT('',(-0.00659744101764814,-0.000842804526696837,0.0117884445417469));
#2648=CARTESIAN_POINT('',(0.00659756000631702,-0.000842804526696836,0.0117884445417469));
#2649=CARTESIAN_POINT('',(-0.00659744101764815,-0.000227224535148059,0.0119579889707889));
#2650=CARTESIAN_POINT('',(0.00659756000631701,-0.000227224535148057,0.0119579889707889));
#2651=CARTESIAN_POINT('',(0.00640771614878588,-0.00787920270279404,0.00696402164839161));
#2652=CARTESIAN_POINT('',(0.00641112862497455,-0.00786111925788955,0.00696621232140577));
#2653=CARTESIAN_POINT('',(0.00642172325788136,-0.0078091807815285,0.00697259344757409));
#2654=CARTESIAN_POINT('',(0.00644306841362405,-0.00768253144781347,0.00698872775045308));
#2655=CARTESIAN_POINT('',(0.00647015248712589,-0.00748424147429693,0.00701631077463755));
#2656=CARTESIAN_POINT('',(0.00647844889761043,-0.00741109458376515,0.0070272784003387));
#2657=CARTESIAN_POINT('',(0.00649313476317319,-0.00727162187185379,0.00704851576434524));
#2658=CARTESIAN_POINT('',(0.00650905652879195,-0.00707816220084348,0.00707996772267823));
#2659=CARTESIAN_POINT('',(0.00652170593283747,-0.00675117296753727,0.00713880079384401));
#2660=CARTESIAN_POINT('',(0.00651100877528647,-0.00626130484062319,0.00724177726694132));
#2661=CARTESIAN_POINT('',(0.00645364114165407,-0.00576105682632989,0.00737254809607482));
#2662=CARTESIAN_POINT('',(0.00636249494962599,-0.00531153186583914,0.00751822637556647));
#2663=CARTESIAN_POINT('',(0.00626584527875216,-0.00494963507654487,0.00765486251977879));
#2664=CARTESIAN_POINT('',(0.00616603341198589,-0.0046470334778797,0.00778651520013297));
#2665=CARTESIAN_POINT('',(0.00603017198134125,-0.00430420646648418,0.00796056703364157));
#2666=CARTESIAN_POINT('',(0.00592871775498493,-0.00408816032734038,0.00808907658441612));
#2667=CARTESIAN_POINT('',(0.00583131509789799,-0.003896111713662,0.00821394393827689));
#2668=CARTESIAN_POINT('',(0.00573521759850295,-0.00372265255992548,0.00833911941496149));
#2669=CARTESIAN_POINT('',(0.00569628499337686,-0.00365683457002995,0.00839027727653718));
#2670=CARTESIAN_POINT('',(0.00559734969909398,-0.00349240491141626,0.00852134792203004));
#2671=CARTESIAN_POINT('',(0.0054209744781976,-0.00322566184680029,0.00876339621599538));
#2672=CARTESIAN_POINT('',(0.00521787221102203,-0.00295858927339291,0.00906012258891102));
#2673=CARTESIAN_POINT('',(0.00508516966616432,-0.00279803452316469,0.00926265513285453));
#2674=CARTESIAN_POINT('',(0.00497135589246188,-0.00266429254711132,0.0094431896973556));
#2675=CARTESIAN_POINT('',(0.00484527694037656,-0.00252547887904731,0.00964641028372149));
#2676=CARTESIAN_POINT('',(0.00474850363476627,-0.00242264408002814,0.00980332399254945));
#2677=CARTESIAN_POINT('',(0.00460527740676352,-0.002278233592267,0.0100329362965795));
#2678=CARTESIAN_POINT('',(0.00450384499658429,-0.00218063274980821,0.0101909968663542));
#2679=CARTESIAN_POINT('',(0.00443762727914504,-0.00211782290614656,0.0102920000484235));
#2680=CARTESIAN_POINT('',(0.00439116064685451,-0.0020744805590337,0.010361039368797));
#2681=CARTESIAN_POINT('',(0.00437931253483558,-0.00206334554248542,0.0103788504848649));
#2682=CARTESIAN_POINT('',(0.00430787657772876,-0.00199801473616453,0.0104816671042553));
#2683=CARTESIAN_POINT('',(0.00423517341478835,-0.00193305602605152,0.0105815435471612));
#2684=CARTESIAN_POINT('',(0.00414070047230925,-0.00185034284755127,0.0107050501538621));
#2685=CARTESIAN_POINT('',(0.00403059361477881,-0.00175717602916927,0.0108357729083533));
#2686=CARTESIAN_POINT('',(0.00393963004154317,-0.001682046483724,0.0109363462835469));
#2687=CARTESIAN_POINT('',(0.00379526825367088,-0.00156755543880654,0.0110787087348365));
#2688=CARTESIAN_POINT('',(0.00361662718540172,-0.00143237038570789,0.0112309296596385));
#2689=CARTESIAN_POINT('',(0.00329316576355497,-0.00120171066385412,0.0114586607257697));
#2690=CARTESIAN_POINT('',(0.00275979891174617,-0.000876534440544713,0.0116942534660141));
#2691=CARTESIAN_POINT('',(0.00177592240072757,-0.000438656876878012,0.0119055046930145));
#2692=CARTESIAN_POINT('',(0.00104678586411119,-0.00027419888153361,0.011945051190408));
#2693=CARTESIAN_POINT('',(0.000506704983320106,-0.000227224535148061,0.0119579889707889));
#2694=CARTESIAN_POINT('',(0.00640771558581475,-0.00787920264905509,0.00696402208149345));
#2695=CARTESIAN_POINT('',(0.,-0.00787861090607761,0.00696409334010209));
#2696=CARTESIAN_POINT('',(-0.00567058974523488,-0.0078786109020929,0.00696409333926209));
#2697=CARTESIAN_POINT('',(-0.00567059498196804,-0.00787861200583076,0.00696409320687529));
#2698=CARTESIAN_POINT('',(-0.00567478711861888,-0.00785900694875531,0.00696646821173212));
#2699=CARTESIAN_POINT('',(-0.00568641392079835,-0.00780748377029786,0.00697279671538368));
#2700=CARTESIAN_POINT('',(-0.00570899858210295,-0.00768844208443119,0.00698800036019162));
#2701=CARTESIAN_POINT('',(-0.00573666807929629,-0.00751279866487621,0.00701224398195802));
#2702=CARTESIAN_POINT('',(-0.00574630908964224,-0.00744067002675019,0.00702288103268069));
#2703=CARTESIAN_POINT('',(-0.00576240149852582,-0.00731061573630173,0.00704242840475397));
#2704=CARTESIAN_POINT('',(-0.0057803028189935,-0.00713161335051622,0.00707101670868195));
#2705=CARTESIAN_POINT('',(-0.00579732957315805,-0.00682391377994556,0.00712490098901452));
#2706=CARTESIAN_POINT('',(-0.00579229213484107,-0.0063617162188255,0.00721966367655842));
#2707=CARTESIAN_POINT('',(-0.00573898772851475,-0.00582629553631046,0.00734981123540709));
#2708=CARTESIAN_POINT('',(-0.00559834713589454,-0.00522112255828844,0.00754787345245837));
#2709=CARTESIAN_POINT('',(-0.00547644550850473,-0.00486021549331714,0.00769302012012077));
#2710=CARTESIAN_POINT('',(-0.00535972377551169,-0.00456412854502318,0.00782640162936916));
#2711=CARTESIAN_POINT('',(-0.00524289684480388,-0.00431581918843935,0.00795652477333598));
#2712=CARTESIAN_POINT('',(-0.00514435061902272,-0.00412745342156261,0.0080656796589365));
#2713=CARTESIAN_POINT('',(-0.00504892508139506,-0.00396128218562591,0.00817123344340324));
#2714=CARTESIAN_POINT('',(-0.00500976855496552,-0.003897975273231,0.0082142997093652));
#2715=CARTESIAN_POINT('',(-0.00492232373315604,-0.0037598867458563,0.00831059370999311));
#2716=CARTESIAN_POINT('',(-0.00479716212509221,-0.00357722695657874,0.00845009260995448));
#2717=CARTESIAN_POINT('',(-0.0046400140380331,-0.00336933726772374,0.00863078873466619));
#2718=CARTESIAN_POINT('',(-0.00451066312308549,-0.0032143541841827,0.00878387328227758));
#2719=CARTESIAN_POINT('',(-0.00443767479377137,-0.00313057508362744,0.00887120414324311));
#2720=CARTESIAN_POINT('',(-0.00436476380315022,-0.00305035726196545,0.00895924789446592));
#2721=CARTESIAN_POINT('',(-0.00435012315224941,-0.00303479932758491,0.00897710044795859));
#2722=CARTESIAN_POINT('',(-0.0043057193190644,-0.00298723996377234,0.00903128017677342));
#2723=CARTESIAN_POINT('',(-0.00422857548196495,-0.00290672179706783,0.00912631546328517));
#2724=CARTESIAN_POINT('',(-0.00408522349233495,-0.00276407624784864,0.00930566843284546));
#2725=CARTESIAN_POINT('',(-0.00387640494980019,-0.00257421080672056,0.00956998232740003));
#2726=CARTESIAN_POINT('',(-0.00351896056983528,-0.00227848642534472,0.0100269797216434));
#2727=CARTESIAN_POINT('',(-0.00319025888884152,-0.00204996978524265,0.0104051428764101));
#2728=CARTESIAN_POINT('',(-0.00293011849854891,-0.0018869576575658,0.01065147435814));
#2729=CARTESIAN_POINT('',(-0.00278088200187592,-0.00179896454374102,0.010777352489402));
#2730=CARTESIAN_POINT('',(-0.00269330160570808,-0.00174882019095634,0.0108470491933612));
#2731=CARTESIAN_POINT('',(-0.00252892041710183,-0.00165996291241505,0.0109644076485441));
#2732=CARTESIAN_POINT('',(-0.00233227072412816,-0.0015610880156572,0.0110861566393919));
#2733=CARTESIAN_POINT('',(-0.00196729185994306,-0.00139425065164279,0.0112738012586501));
#2734=CARTESIAN_POINT('',(-0.00142621916352692,-0.00120128853027165,0.0114504613699672));
#2735=CARTESIAN_POINT('',(-0.000736847939878824,-0.00105278629242357,0.011563447580927));
#2736=CARTESIAN_POINT('',(3.58755642450022E-6,-0.0010023121321291,0.0115979926865187));
#2737=CARTESIAN_POINT('',(0.000742561109022472,-0.00105356804481133,0.0115628969416481));
#2738=CARTESIAN_POINT('',(0.00143136136758236,-0.00120268746366268,0.0114493103077034));
#2739=CARTESIAN_POINT('',(0.00197180640051829,-0.00139599260121036,0.011272060299048));
#2740=CARTESIAN_POINT('',(0.00233647528726314,-0.0015630318353218,0.0110838712217575));
#2741=CARTESIAN_POINT('',(0.00253285743850863,-0.00166194748229979,0.0109618838994862));
#2742=CARTESIAN_POINT('',(0.00269731515676474,-0.00175099951514935,0.0108440829264191));
#2743=CARTESIAN_POINT('',(0.00278393715692775,-0.00180069172395044,0.0107749177266093));
#2744=CARTESIAN_POINT('',(0.00293257052365751,-0.00188849207840431,0.0106491932938295));
#2745=CARTESIAN_POINT('',(0.00319175875987367,-0.0020511441464177,0.0104032644339441));
#2746=CARTESIAN_POINT('',(0.00352275230470455,-0.00228155726007926,0.0100219842231518));
#2747=CARTESIAN_POINT('',(0.00387834308184256,-0.00257594317642549,0.00956747514532737));
#2748=CARTESIAN_POINT('',(0.00408666850612284,-0.00276543266465967,0.00930387755834259));
#2749=CARTESIAN_POINT('',(0.00422969692814006,-0.00290782642887208,0.00912497063977647));
#2750=CARTESIAN_POINT('',(0.00430674727093271,-0.00298829110221448,0.00903005592371124));
#2751=CARTESIAN_POINT('',(0.00435114729669829,-0.00303588211051936,0.00897587651215044));
#2752=CARTESIAN_POINT('',(0.00436575015365447,-0.00305141037810759,0.0089580663343161));
#2753=CARTESIAN_POINT('',(0.00443883957235502,-0.00313190055434861,0.00886978675207134));
#2754=CARTESIAN_POINT('',(0.00451197501258153,-0.00321593398370911,0.00878226845259841));
#2755=CARTESIAN_POINT('',(0.00464158880919112,-0.00337139909220089,0.00862886800283899));
#2756=CARTESIAN_POINT('',(0.0047989967785076,-0.0035798734504345,0.0084479177974418));
#2757=CARTESIAN_POINT('',(0.00492432452379497,-0.0037629840786431,0.00830831505851873));
#2758=CARTESIAN_POINT('',(0.0050117829421135,-0.00390122316782495,0.0082120820080269));
#2759=CARTESIAN_POINT('',(0.00505103622895683,-0.00396475104513196,0.0081689528471027));
#2760=CARTESIAN_POINT('',(0.00514605351564002,-0.00413036039616877,0.00806393531025544));
#2761=CARTESIAN_POINT('',(0.0052443023796555,-0.0043183620166142,0.00795513705017276));
#2762=CARTESIAN_POINT('',(0.00536080535358872,-0.00456635271267764,0.00782533262895563));
#2763=CARTESIAN_POINT('',(0.00547730371702234,-0.00486240999103622,0.00769207750533523));
#2764=CARTESIAN_POINT('',(0.00559928367061259,-0.00522448328859073,0.0075466566858251));
#2765=CARTESIAN_POINT('',(0.00573933763541597,-0.00582836765107681,0.00734922782949657));
#2766=CARTESIAN_POINT('',(0.0057924801386779,-0.00636541368918828,0.00721885923767277));
#2767=CARTESIAN_POINT('',(0.00579729926488116,-0.00682404577849324,0.00712489646472581));
#2768=CARTESIAN_POINT('',(0.00578018953031458,-0.00713085846708672,0.00707115472703824));
#2769=CARTESIAN_POINT('',(0.00576242135130486,-0.00730767603144837,0.00704288987465183));
#2770=CARTESIAN_POINT('',(0.00574634771537292,-0.00743764794865385,0.00702332541599523));
#2771=CARTESIAN_POINT('',(0.00573655259810949,-0.00751081189791413,0.0070125307640483));
#2772=CARTESIAN_POINT('',(0.00570924007861176,-0.00768482728003943,0.00698848257614162));
#2773=CARTESIAN_POINT('',(0.00568671281453517,-0.00780493370642519,0.00697311100023204));
#2774=CARTESIAN_POINT('',(0.00567496754601021,-0.00785785724645065,0.00696660748949841));
#2775=CARTESIAN_POINT('',(0.00567059027207777,-0.00787861101159266,0.00696409332731974));
#2776=CARTESIAN_POINT('',(0.00640137489879618,-0.00791259322001023,0.00695997663897193));
#2777=CARTESIAN_POINT('',(0.,-0.01490175308351,0.00696409334010209));
#2778=CARTESIAN_POINT('',(-1.51930273028203E-20,-0.00665000009909272,0.00696409334010209));
#2779=CARTESIAN_POINT('',(-0.00566342490253948,-0.00787786181717359,0.00696409334010209));
#2780=CARTESIAN_POINT('',(-0.00368100781677439,-0.0111257355110981,0.00696409334010209));
#2781=CARTESIAN_POINT('',(-0.00567054307807364,-0.00784441778217198,0.00696409334010212));
#2782=CARTESIAN_POINT('',(-0.00418957382512094,-0.0122064932920252,0.00696409334010209));
#2783=CARTESIAN_POINT('',(-0.00418957382512094,-0.0122064932920252,0.00553909334010209));
#2784=CARTESIAN_POINT('',(-0.00246440528079541,-0.0118871279032828,0.00553909334010209));
#2785=CARTESIAN_POINT('',(-0.00246440528079541,-0.0118871279032828,0.00577895093539406));
#2786=CARTESIAN_POINT('',(-0.00254179033297908,-0.0118473741115091,0.00609207287623026));
#2787=CARTESIAN_POINT('',(-0.00271154389790984,-0.0117542714338428,0.00639596563425775));
#2788=CARTESIAN_POINT('',(-0.00281734853688169,-0.0116943656831096,0.00654179110292176));
#2789=CARTESIAN_POINT('',(-0.0030318916055443,-0.0115653053545068,0.00674918047365569));
#2790=CARTESIAN_POINT('',(-0.00331370602357997,-0.011386281892754,0.00691364273717574));
#2791=CARTESIAN_POINT('',(-0.00354012661864785,-0.0112306400786134,0.00696409334010209));
#2792=CARTESIAN_POINT('',(-0.0036810078167744,-0.0111257355110981,0.00696409334010209));
#2793=CARTESIAN_POINT('',(-0.00246440528079539,-0.0118871279032828,0.00553909334010209));
#2794=CARTESIAN_POINT('',(-0.00290019527535686,-0.0128132287825055,0.00553909334010209));
#2795=CARTESIAN_POINT('',(-0.00262134807540965,-0.0122206483188357,0.00597899448539448));
#2796=CARTESIAN_POINT('',(-0.00246440528079539,-0.0118871279032828,0.00597899448539448));
#2797=CARTESIAN_POINT('',(-0.00246440528079539,-0.0118871279032828,0.001425));
#2798=CARTESIAN_POINT('',(-1.89394111002633E-7,-0.00665040258206597,0.001425));
#2799=CARTESIAN_POINT('',(-0.00128956794387508,-0.00604366709158574,0.001425));
#2800=CARTESIAN_POINT('',(-0.00368100781677439,-0.0111257355110981,0.));
#2801=CARTESIAN_POINT('',(-0.00353471529248555,-0.0112346695221324,1.37925381470336E-18));
#2802=CARTESIAN_POINT('',(-0.00330513369105757,-0.0113928377106819,5.34031905427811E-5));
#2803=CARTESIAN_POINT('',(-0.00302560186761879,-0.0115704173343775,0.000221026729121998));
#2804=CARTESIAN_POINT('',(-0.00282077119631572,-0.0116925197596874,0.000418506795654036));
#2805=CARTESIAN_POINT('',(-0.00270459263134158,-0.0117577404992836,0.000577297491478901));
#2806=CARTESIAN_POINT('',(-0.00253696072746662,-0.0118496045507532,0.000885690922550625));
#2807=CARTESIAN_POINT('',(-0.0024644052807954,-0.0118871279032828,0.00119385221938526));
#2808=CARTESIAN_POINT('',(-0.0024644052807954,-0.0118871279032828,0.001425));
#2809=CARTESIAN_POINT('',(-1.51930273028203E-20,-0.00665000009909272,0.000285));
#2810=CARTESIAN_POINT('',(-0.00349997464657957,-0.0109056173807925,0.000285000000000001));
#2811=CARTESIAN_POINT('',(-0.00349997464645101,-0.0109056173808982,0.000135774348998889));
#2812=CARTESIAN_POINT('',(-0.00358621906937861,-0.0110104819284049,6.97485748612362E-14));
#2813=CARTESIAN_POINT('',(-0.00368100781455722,-0.0111257355127491,0.));
#2814=CARTESIAN_POINT('',(-0.00349997464822155,-0.0109056173794421,0.000285));
#2815=CARTESIAN_POINT('',(-0.00331071356258447,-0.0110612725894826,0.000285));
#2816=CARTESIAN_POINT('',(-0.0029754878271854,-0.0112962362287318,0.000429281979009025));
#2817=CARTESIAN_POINT('',(-0.00265504435224489,-0.0114792787564886,0.000910300699319063));
#2818=CARTESIAN_POINT('',(-0.00258839832111613,-0.0115141850365971,0.00125318504958511));
#2819=CARTESIAN_POINT('',(-0.00258839832111613,-0.0115141850365971,0.001425));
#2820=CARTESIAN_POINT('',(-0.00349997464822155,-0.0109056173794421,0.000210387174477242));
#2821=CARTESIAN_POINT('',(-0.00329852453014551,-0.0110714053380179,0.000212971826963539));
#2822=CARTESIAN_POINT('',(-0.00294127761025744,-0.0113193911291432,0.000367497720251345));
#2823=CARTESIAN_POINT('',(-0.00259671758900471,-0.0115115834718285,0.000877626719273063));
#2824=CARTESIAN_POINT('',(-0.00252459379553255,-0.0115481375957663,0.00124226128400908));
#2825=CARTESIAN_POINT('',(-0.00252459379553255,-0.0115481375957663,0.001425));
#2826=CARTESIAN_POINT('',(-0.00353917724767583,-0.0109532837988995,6.17165403101678E-5));
#2827=CARTESIAN_POINT('',(-0.00330835856956257,-0.0111373019343553,6.92379801179565E-5));
#2828=CARTESIAN_POINT('',(-0.00290230705249548,-0.0114113272610707,0.000244543624593014));
#2829=CARTESIAN_POINT('',(-0.00250779917308907,-0.0116256581282418,0.000812541922899174));
#2830=CARTESIAN_POINT('',(-0.00242451404847627,-0.0116667816506851,0.00122058157554821));
#2831=CARTESIAN_POINT('',(-0.00242451404847629,-0.0116667816506851,0.001425));
#2832=CARTESIAN_POINT('',(-0.00363361344407592,-0.0110681087189871,-1.04742077204149E-18));
#2833=CARTESIAN_POINT('',(-0.00338214500148287,-0.0112583464417125,4.11134298953106E-6));
#2834=CARTESIAN_POINT('',(-0.00294245345398352,-0.0115470520765372,0.00018559716360383));
#2835=CARTESIAN_POINT('',(-0.00252147313166218,-0.0117772912629717,0.00078318645685013));
#2836=CARTESIAN_POINT('',(-0.00243363173452962,-0.0118217307885964,0.00121068914058874));
#2837=CARTESIAN_POINT('',(-0.00243363173452962,-0.0118217307885964,0.001425));
#2838=CARTESIAN_POINT('',(-0.00368100781677439,-0.0111257355110981,-5.27355936696949E-19));
#2839=CARTESIAN_POINT('',(-0.00342544887863791,-0.0113160327277344,-1.88738142425659E-18));
#2840=CARTESIAN_POINT('',(-0.00297692072482048,-0.0116083064922451,0.000180352473761264));
#2841=CARTESIAN_POINT('',(-0.00255238092820089,-0.0118420013035715,0.000781625874148822));
#2842=CARTESIAN_POINT('',(-0.00246440528079539,-0.0118871279032828,0.00121023131198137));
#2843=CARTESIAN_POINT('',(-0.00246440528079539,-0.0118871279032828,0.001425));
#2844=CARTESIAN_POINT('',(-0.00246440528079538,-0.0118871279032828,0.001425));
#2845=CARTESIAN_POINT('',(-0.00240285818826386,-0.01175633367391,0.001425));
#2846=CARTESIAN_POINT('',(-0.00246078926994898,-0.0115820901549354,0.001425));
#2847=CARTESIAN_POINT('',(-0.00258839832111615,-0.0115141850365972,0.001425));
#2848=CARTESIAN_POINT('',(-0.0027222809907482,-0.0117657808051868,0.00597899448539448));
#2849=CARTESIAN_POINT('',(-0.00258839832111615,-0.0115141850365972,0.00553909334010209));
#2850=CARTESIAN_POINT('',(-0.00246078926994898,-0.0115820901549354,0.00553909334010209));
#2851=CARTESIAN_POINT('',(-0.00240285818826386,-0.01175633367391,0.00553909334010209));
#2852=CARTESIAN_POINT('',(-0.00246440528079538,-0.0118871279032828,0.00553909334010209));
#2853=CARTESIAN_POINT('',(-0.00258839832111613,-0.0115141850365971,0.00553909334010209));
#2854=CARTESIAN_POINT('',(-0.00258839832111613,-0.0115141850365971,0.00579681476629819));
#2855=CARTESIAN_POINT('',(-0.00276995253683547,-0.0114251426220372,0.00640019128263107));
#2856=CARTESIAN_POINT('',(-0.00324762751262387,-0.011113156854672,0.00667909334010209));
#2857=CARTESIAN_POINT('',(-0.00349997464822155,-0.0109056173794421,0.00667909334010209));
#2858=CARTESIAN_POINT('',(-0.00252459379553255,-0.0115481375957663,0.00553909334010209));
#2859=CARTESIAN_POINT('',(-0.00252459379553255,-0.0115481375957663,0.00581320035112005));
#2860=CARTESIAN_POINT('',(-0.00272146319767925,-0.0114549369772721,0.00645393827592989));
#2861=CARTESIAN_POINT('',(-0.00323137553239604,-0.0111266671336605,0.00675025997567388));
#2862=CARTESIAN_POINT('',(-0.00349997464822155,-0.0109056173794421,0.00675370616562485));
#2863=CARTESIAN_POINT('',(-0.00242454432329554,-0.0116667917162131,0.00553909334010209));
#2864=CARTESIAN_POINT('',(-0.00242454432329554,-0.0116667917162131,0.00584571978770315));
#2865=CARTESIAN_POINT('',(-0.0026522362474341,-0.0115614070416642,0.00656092449652491));
#2866=CARTESIAN_POINT('',(-0.00323143637210288,-0.0111986600205744,0.00689232279832639));
#2867=CARTESIAN_POINT('',(-0.00353919341612618,-0.0109533034581094,0.00690235134584674));
#2868=CARTESIAN_POINT('',(-0.00243363173452962,-0.0118217307885964,0.00553909334010209));
#2869=CARTESIAN_POINT('',(-0.00243363173452962,-0.0118217307885964,0.00586055838259928));
#2870=CARTESIAN_POINT('',(-0.0026732173948159,-0.0117071029879171,0.0066113898145989));
#2871=CARTESIAN_POINT('',(-0.00329832348751704,-0.0113217580323194,0.00695861157070731));
#2872=CARTESIAN_POINT('',(-0.00363361344407592,-0.0110681087189871,0.00696409334010209));
#2873=CARTESIAN_POINT('',(-0.00246440528079539,-0.0118871279032828,0.00553909334010209));
#2874=CARTESIAN_POINT('',(-0.00246440528079539,-0.0118871279032828,0.00586124512284721));
#2875=CARTESIAN_POINT('',(-0.00270345209554118,-0.0117708448276621,0.00661546576826333));
#2876=CARTESIAN_POINT('',(-0.00334026388730773,-0.0113794641493374,0.00696409334010209));
#2877=CARTESIAN_POINT('',(-0.00368100781677439,-0.0111257355110981,0.00696409334010209));
#2878=CARTESIAN_POINT('',(-0.0036810078167744,-0.0111257355110981,0.00696409334010209));
#2879=CARTESIAN_POINT('',(-0.00358621907137745,-0.011010481926876,0.0069640933401021));
#2880=CARTESIAN_POINT('',(-0.00349997464822154,-0.0109056173794421,0.00682831899114761));
#2881=CARTESIAN_POINT('',(-0.00349997464822154,-0.0109056173794421,0.00667909334010209));
#2882=CARTESIAN_POINT('',(-1.51930273028203E-20,-0.00665000009909272,0.00667909334010209));
#2883=CARTESIAN_POINT('',(-0.00538826326656994,-0.00780183339655147,0.00667909334010209));
#2884=CARTESIAN_POINT('',(-0.00538596924982036,-0.00781256478121617,0.00686504014619831));
#2885=CARTESIAN_POINT('',(-0.00555340545209582,-0.00785434403836942,0.00696409335913471));
#2886=CARTESIAN_POINT('',(-0.0056634219185212,-0.00787787580821282,0.00696409334010209));
#2887=CARTESIAN_POINT('',(-1.51930273028203E-20,-0.00665000009909272,0.00667909334010209));
#2888=CARTESIAN_POINT('',(0.00349997464822155,-0.0109056173794421,0.00667909334010209));
#2889=CARTESIAN_POINT('',(0.00349997464822155,-0.0109056173794421,0.00682831899114761));
#2890=CARTESIAN_POINT('',(0.00358621907137745,-0.011010481926876,0.0069640933401021));
#2891=CARTESIAN_POINT('',(0.0036810078167744,-0.0111257355110981,0.00696409334010209));
#2892=CARTESIAN_POINT('',(0.00566342474395263,-0.00787786258830491,0.00696409334010209));
#2893=CARTESIAN_POINT('',(0.00555321526694362,-0.00785428587646057,0.00696409334342523));
#2894=CARTESIAN_POINT('',(0.00538597169473613,-0.00781255334392774,0.00686484196819494));
#2895=CARTESIAN_POINT('',(0.00538826326657272,-0.00780183339653846,0.00667909334010209));
#2896=CARTESIAN_POINT('',(0.00349997464822155,-0.0109056173794421,0.00667909334010209));
#2897=CARTESIAN_POINT('',(0.00331071356446683,-0.0110612725879345,0.00667909334010209));
#2898=CARTESIAN_POINT('',(0.00297548626981142,-0.0112962321245953,0.00653480178873336));
#2899=CARTESIAN_POINT('',(0.00265504479050328,-0.0114792763143777,0.00605378630560194));
#2900=CARTESIAN_POINT('',(0.00258839832111613,-0.0115141850365971,0.00571090828880813));
#2901=CARTESIAN_POINT('',(0.00258839832111613,-0.0115141850365971,0.00553909334010209));
#2902=CARTESIAN_POINT('',(0.00349997464822155,-0.0109056173794421,0.00675370616562485));
#2903=CARTESIAN_POINT('',(0.00329852453214911,-0.011071405336369,0.00675112151316426));
#2904=CARTESIAN_POINT('',(0.00294127666110849,-0.0113193878403689,0.00659658667590292));
#2905=CARTESIAN_POINT('',(0.00259671866109572,-0.0115115815582469,0.00608646076232034));
#2906=CARTESIAN_POINT('',(0.00252459379553255,-0.0115481375957663,0.00572183205427552));
#2907=CARTESIAN_POINT('',(0.00252459379553255,-0.0115481375957663,0.00553909334010209));
#2908=CARTESIAN_POINT('',(0.00353919341612618,-0.0109533034581094,0.00690235134584674));
#2909=CARTESIAN_POINT('',(0.00330837474030861,-0.0111373215917351,0.00689482990611376));
#2910=CARTESIAN_POINT('',(0.0029023306019724,-0.0114113352160773,0.00671953176357919));
#2911=CARTESIAN_POINT('',(0.00250782609799324,-0.0116256678851218,0.00615153637064497));
#2912=CARTESIAN_POINT('',(0.00242454432329554,-0.0116667917162131,0.00574351176252076));
#2913=CARTESIAN_POINT('',(0.00242454432329554,-0.0116667917162131,0.00553909334010209));
#2914=CARTESIAN_POINT('',(0.00363361344407591,-0.0110681087189871,0.00696409334010209));
#2915=CARTESIAN_POINT('',(0.00338214500398394,-0.0112583464398205,0.00695998199715345));
#2916=CARTESIAN_POINT('',(0.00294245171200051,-0.0115470481465317,0.0067784876970021));
#2917=CARTESIAN_POINT('',(0.00252147362398284,-0.0117772889740392,0.00618090173190964));
#2918=CARTESIAN_POINT('',(0.00243363173452962,-0.0118217307885964,0.00575340419738185));
#2919=CARTESIAN_POINT('',(0.00243363173452962,-0.0118217307885964,0.00553909334010209));
#2920=CARTESIAN_POINT('',(0.00368100781677439,-0.0111257355110981,0.00696409334010209));
#2921=CARTESIAN_POINT('',(0.00342544888117966,-0.0113160327258418,0.00696409334010209));
#2922=CARTESIAN_POINT('',(0.0029769191673772,-0.0116083021379523,0.00678372890089119));
#2923=CARTESIAN_POINT('',(0.00255238173084532,-0.0118419985743446,0.00618245954697693));
#2924=CARTESIAN_POINT('',(0.00246440528079539,-0.0118871279032828,0.00575386202598466));
#2925=CARTESIAN_POINT('',(0.00246440528079539,-0.0118871279032828,0.00553909334010209));
#2926=CARTESIAN_POINT('',(0.00246440528079538,-0.0118871279032828,0.00553909334010209));
#2927=CARTESIAN_POINT('',(0.00240285818826386,-0.01175633367391,0.00553909334010209));
#2928=CARTESIAN_POINT('',(0.00246078926994898,-0.0115820901549354,0.00553909334010209));
#2929=CARTESIAN_POINT('',(0.00258839832111615,-0.0115141850365972,0.00553909334010209));
#2930=CARTESIAN_POINT('',(0.0027222809907482,-0.0117657808051868,0.00597899448539448));
#2931=CARTESIAN_POINT('',(0.00258839832111615,-0.0115141850365972,0.001425));
#2932=CARTESIAN_POINT('',(0.00246078926994898,-0.0115820901549354,0.001425));
#2933=CARTESIAN_POINT('',(0.00240285818826386,-0.01175633367391,0.001425));
#2934=CARTESIAN_POINT('',(0.00246440528079538,-0.0118871279032828,0.001425));
#2935=CARTESIAN_POINT('',(0.00258839832111613,-0.0115141850365971,0.001425));
#2936=CARTESIAN_POINT('',(0.00258839832111613,-0.0115141850365971,0.00116727856966728));
#2937=CARTESIAN_POINT('',(0.00276993958593385,-0.0114251500021156,0.000563885802474671));
#2938=CARTESIAN_POINT('',(0.0032476275085735,-0.0111131568580032,0.000285));
#2939=CARTESIAN_POINT('',(0.00349997464822155,-0.0109056173794421,0.000285));
#2940=CARTESIAN_POINT('',(0.00252459379553255,-0.0115481375957663,0.001425));
#2941=CARTESIAN_POINT('',(0.00252459379553255,-0.0115481375957663,0.00115089298458242));
#2942=CARTESIAN_POINT('',(0.00272144821331089,-0.0114549429527928,0.000510137840973312));
#2943=CARTESIAN_POINT('',(0.00323137552808476,-0.0111266671372085,0.000213833364483531));
#2944=CARTESIAN_POINT('',(0.00349997464822155,-0.0109056173794421,0.000210387174477242));
#2945=CARTESIAN_POINT('',(0.00242451404847629,-0.0116667816506851,0.001425));
#2946=CARTESIAN_POINT('',(0.00242451404847629,-0.0116667816506851,0.00111837354747735));
#2947=CARTESIAN_POINT('',(0.00265219570185471,-0.0115614028101459,0.000403138207326316));
#2948=CARTESIAN_POINT('',(0.00323142019871265,-0.0111986403653026,7.1745087991494E-5));
#2949=CARTESIAN_POINT('',(0.00353917724767583,-0.0109532837988995,6.17165403101691E-5));
#2950=CARTESIAN_POINT('',(0.00243363173452962,-0.0118217307885964,0.001425));
#2951=CARTESIAN_POINT('',(0.00243363173452962,-0.0118217307885964,0.00110353495234305));
#2952=CARTESIAN_POINT('',(0.00267320192529292,-0.0117071107963838,0.000352684949836961));
#2953=CARTESIAN_POINT('',(0.00329832348213518,-0.0113217580363908,5.48176948276819E-6));
#2954=CARTESIAN_POINT('',(0.00363361344407591,-0.0110681087189871,-8.68970002663352E-20));
#2955=CARTESIAN_POINT('',(0.00246440528079539,-0.0118871279032828,0.001425));
#2956=CARTESIAN_POINT('',(0.00246440528079539,-0.0118871279032828,0.00110284821208409));
#2957=CARTESIAN_POINT('',(0.00270343493932038,-0.0117708542531228,0.000348607253093346));
#2958=CARTESIAN_POINT('',(0.00334026388183834,-0.01137946415341,8.98916431318089E-19));
#2959=CARTESIAN_POINT('',(0.00368100781677439,-0.0111257355110981,0.));
#2960=CARTESIAN_POINT('',(0.00368100781677439,-0.0111257355110981,0.));
#2961=CARTESIAN_POINT('',(0.00358621907137744,-0.011010481926876,-1.44227540038168E-17));
#2962=CARTESIAN_POINT('',(0.00349997464822154,-0.0109056173794421,0.000135774348954476));
#2963=CARTESIAN_POINT('',(0.00349997464822154,-0.0109056173794421,0.000285000000000001));
#2964=CARTESIAN_POINT('',(-1.51930273028203E-20,-0.00665000009909272,0.000285));
#2965=CARTESIAN_POINT('',(0.00566696653450639,-0.00789568599583202,0.00696202482171209));
#2966=CARTESIAN_POINT('',(0.00566818302077082,-0.00788999528670992,0.00696271420821843));
#2967=CARTESIAN_POINT('',(0.00566939052236095,-0.00788429933104123,0.0069634043281018));
#2968=CARTESIAN_POINT('',(0.00574966962392584,-0.00750367532420497,0.00700950493119687));
#2969=CARTESIAN_POINT('',(0.00583196517223386,-0.00675694818779983,0.00712385092774278));
#2970=CARTESIAN_POINT('',(0.00573146319463448,-0.00565353898764003,0.00738614174366177));
#2971=CARTESIAN_POINT('',(0.00541982685371175,-0.00462498349299107,0.00776765395965135));
#2972=CARTESIAN_POINT('',(0.00495045676035991,-0.00375185524543746,0.00827447226087828));
#2973=CARTESIAN_POINT('',(0.00438068395795304,-0.00303621250375769,0.00892806363471016));
#2974=CARTESIAN_POINT('',(0.00377978068079574,-0.0024763973296538,0.00969094382855575));
#2975=CARTESIAN_POINT('',(0.00313121038904888,-0.00199238580239435,0.0105196780147632));
#2976=CARTESIAN_POINT('',(0.00225596988086675,-0.00149010334215924,0.0112041371603472));
#2977=CARTESIAN_POINT('',(0.00116322286150176,-0.00110647726740275,0.0115276054396841));
#2978=CARTESIAN_POINT('',(3.34932883972037E-6,-0.000976033172122732,0.011615504816367));
#2979=CARTESIAN_POINT('',(-0.00115662550255385,-0.00110498533207006,0.0115286798964715));
#2980=CARTESIAN_POINT('',(-0.00224995015701101,-0.00148702995756061,0.0112074110771065));
#2981=CARTESIAN_POINT('',(-0.00312971445924155,-0.00199141337345921,0.0105219812400575));
#2982=CARTESIAN_POINT('',(-0.00377569753973458,-0.00247259994372507,0.00969596896148697));
#2983=CARTESIAN_POINT('',(-0.00438090648080795,-0.0030367409362978,0.00892791478733562));
#2984=CARTESIAN_POINT('',(-0.00494758489957706,-0.00374733630848662,0.00827763402453254));
#2985=CARTESIAN_POINT('',(-0.00541895977053857,-0.0046231862687482,0.00776850761906557));
#2986=CARTESIAN_POINT('',(-0.00573063905939949,-0.0056496879894522,0.00738740111412409));
#2987=CARTESIAN_POINT('',(-0.00583220127318831,-0.00675403059319066,0.00712430742539788));
#2988=CARTESIAN_POINT('',(-0.00574967545818526,-0.00750878701073834,0.00700886831546034));
#2989=CARTESIAN_POINT('',(-0.00566939045870864,-0.00788424502277893,0.0069634110879312));
#2990=CARTESIAN_POINT('',(-0.00566818302077029,-0.00788999528671248,0.00696271420821812));
#2991=CARTESIAN_POINT('',(-0.00566696653450351,-0.00789568599584551,0.00696202482171047));
#2992=CARTESIAN_POINT('',(0.00559281084667894,-0.0078800632230172,0.00696391740285427));
#2993=CARTESIAN_POINT('',(0.00559401715082817,-0.00787444724022974,0.0069645975433688));
#2994=CARTESIAN_POINT('',(0.00559521475081491,-0.00786882603236936,0.00696527810940266));
#2995=CARTESIAN_POINT('',(0.00567481171000412,-0.00749320065459827,0.00701079098544252));
#2996=CARTESIAN_POINT('',(0.00575653655949157,-0.00675653790333698,0.00712438150395689));
#2997=CARTESIAN_POINT('',(0.00565984524414139,-0.00566648365350265,0.00738283710206398));
#2998=CARTESIAN_POINT('',(0.0053560895063983,-0.00464679609139236,0.00775823770465129));
#2999=CARTESIAN_POINT('',(0.00489707789717956,-0.00377451839118127,0.00825814513772123));
#3000=CARTESIAN_POINT('',(0.0043374271074374,-0.00305302758402659,0.00890849076499359));
#3001=CARTESIAN_POINT('',(0.00374465301685294,-0.00248797746750918,0.00967225319933819));
#3002=CARTESIAN_POINT('',(0.00310298092819014,-0.00200381248821346,0.0105001514789902));
#3003=CARTESIAN_POINT('',(0.00223531087883385,-0.00151116274889502,0.0111790508292391));
#3004=CARTESIAN_POINT('',(0.00115205883343065,-0.00114056770153781,0.0115010614698165));
#3005=CARTESIAN_POINT('',(3.31625940504224E-6,-0.00101473383196617,0.0115895592477897));
#3006=CARTESIAN_POINT('',(-0.00114552130050623,-0.00113913190183167,0.0115021387172006));
#3007=CARTESIAN_POINT('',(-0.00222934343385795,-0.00150816494571779,0.0111822992616217));
#3008=CARTESIAN_POINT('',(-0.00310149732464437,-0.00200284454864292,0.010502443921311));
#3009=CARTESIAN_POINT('',(-0.00374062189934547,-0.00248416066843049,0.00967728180865523));
#3010=CARTESIAN_POINT('',(-0.00433764599530513,-0.00305354323066168,0.00890834786474674));
#3011=CARTESIAN_POINT('',(-0.00489425458376597,-0.00376999597931587,0.00826128962300122));
#3012=CARTESIAN_POINT('',(-0.00535524487453479,-0.00464500485939497,0.0077590729198477));
#3013=CARTESIAN_POINT('',(-0.00565900069787574,-0.00566270194244102,0.00738414565351111));
#3014=CARTESIAN_POINT('',(-0.00575677562911801,-0.00675365726575971,0.0071248285873168));
#3015=CARTESIAN_POINT('',(-0.00567464321440541,-0.00749835070694945,0.00701042827497874));
#3016=CARTESIAN_POINT('',(-0.00559521654100981,-0.00786877131546103,0.00696528195652691));
#3017=CARTESIAN_POINT('',(-0.00559401715082765,-0.00787444724023226,0.00696459754336849));
#3018=CARTESIAN_POINT('',(-0.00559281084667608,-0.00788006322303051,0.00696391740285266));
#3019=CARTESIAN_POINT('',(0.00544511308069192,-0.00784126962303119,0.00690431253775803));
#3020=CARTESIAN_POINT('',(0.00544629878208849,-0.00783580287843464,0.00690498490391395));
#3021=CARTESIAN_POINT('',(0.00544747622582712,-0.00783033164323928,0.00690565754236143));
#3022=CARTESIAN_POINT('',(0.00552570406378979,-0.00746462058270615,0.00695066544122718));
#3023=CARTESIAN_POINT('',(0.00560634210741178,-0.00674391857097659,0.00706402379552822));
#3024=CARTESIAN_POINT('',(0.00551713492908374,-0.00567587098071789,0.00732043475930446));
#3025=CARTESIAN_POINT('',(0.0052289253120728,-0.00466865380229787,0.00769373060432158));
#3026=CARTESIAN_POINT('',(0.00479040651152674,-0.00379598557852106,0.00819443831642527));
#3027=CARTESIAN_POINT('',(0.00425091861964077,-0.00306588221145991,0.00885223926230926));
#3028=CARTESIAN_POINT('',(0.0036743519635757,-0.00249574460680294,0.0096256370961265));
#3029=CARTESIAN_POINT('',(0.00304650787501545,-0.00201504986625172,0.0104541068289214));
#3030=CARTESIAN_POINT('',(0.00219398853790617,-0.00154179822073499,0.0111191145262401));
#3031=CARTESIAN_POINT('',(0.00112974405695611,-0.00119595591542179,0.0114317607486331));
#3032=CARTESIAN_POINT('',(3.25019101484428E-6,-0.00107930180807885,0.0115185332382527));
#3033=CARTESIAN_POINT('',(-0.00112332620121577,-0.0011946291919029,0.0114328100349784));
#3034=CARTESIAN_POINT('',(-0.00218812569009416,-0.00153894296482241,0.0111222862770732));
#3035=CARTESIAN_POINT('',(-0.00304504909093328,-0.00201410011224574,0.0104563753513548));
#3036=CARTESIAN_POINT('',(-0.0036704246754305,-0.00249190273274439,0.00963071624464677));
#3037=CARTESIAN_POINT('',(-0.00425113066537596,-0.00306638249562398,0.00885210659683704));
#3038=CARTESIAN_POINT('',(-0.00478767987059116,-0.00379139393722804,0.00819761952028383));
#3039=CARTESIAN_POINT('',(-0.00522812508579493,-0.00466686693068184,0.00769455997554139));
#3040=CARTESIAN_POINT('',(-0.00551625273609478,-0.00567190026835021,0.00732182627900435));
#3041=CARTESIAN_POINT('',(-0.00560658684281809,-0.00674111700576476,0.0070644625421542));
#3042=CARTESIAN_POINT('',(-0.00552520315456337,-0.00746867067481338,0.00695066493504542));
#3043=CARTESIAN_POINT('',(-0.00544748155097013,-0.00783028862274515,0.00690565753766008));
#3044=CARTESIAN_POINT('',(-0.00544629878208797,-0.00783580287843709,0.00690498490391365));
#3045=CARTESIAN_POINT('',(-0.0054451130806891,-0.00784126962304414,0.00690431253775645));
#3046=CARTESIAN_POINT('',(0.00538639896873577,-0.00781055456094225,0.00675437404557326));
#3047=CARTESIAN_POINT('',(0.00538756420042027,-0.00780514746406403,0.00675505757679142));
#3048=CARTESIAN_POINT('',(0.00538872119378309,-0.00779973819419247,0.00675574132777323));
#3049=CARTESIAN_POINT('',(0.00546559742837804,-0.00743779476860234,0.00680150173818871));
#3050=CARTESIAN_POINT('',(0.00554457590054332,-0.00671521634854606,0.00691727300598605));
#3051=CARTESIAN_POINT('',(0.00545298449691223,-0.00564749351565759,0.00718156512022698));
#3052=CARTESIAN_POINT('',(0.00516292003122371,-0.00463708545559634,0.00756943806028156));
#3053=CARTESIAN_POINT('',(0.00472391441846709,-0.00376229983496962,0.00809253590745753));
#3054=CARTESIAN_POINT('',(0.00418722018407035,-0.00303407946776294,0.00877620191621837));
#3055=CARTESIAN_POINT('',(0.00361690874894924,-0.00247099463157926,0.00956852106230247));
#3056=CARTESIAN_POINT('',(0.00299791160252674,-0.00200113612664994,0.0104003635768603));
#3057=CARTESIAN_POINT('',(0.00215932166739007,-0.00154493300687834,0.0110485033312266));
#3058=CARTESIAN_POINT('',(0.00111243508309179,-0.00121462959656515,0.0113444276588304));
#3059=CARTESIAN_POINT('',(3.20141447458821E-6,-0.00110325335567234,0.0114259054632644));
#3060=CARTESIAN_POINT('',(-0.00110611941894678,-0.00121336701513586,0.0113454090285807));
#3061=CARTESIAN_POINT('',(-0.00215355437805664,-0.00154217827480333,0.0110515704909326));
#3062=CARTESIAN_POINT('',(-0.00299647748477055,-0.00200022278041411,0.0104026046131724));
#3063=CARTESIAN_POINT('',(-0.00361302759138481,-0.00246717009128202,0.00957370281301572));
#3064=CARTESIAN_POINT('',(-0.00418743075438263,-0.00303458746986663,0.00877607570475172));
#3065=CARTESIAN_POINT('',(-0.00472120520878526,-0.00375757254510645,0.00809584674807977));
#3066=CARTESIAN_POINT('',(-0.00516211408810113,-0.00463529251397535,0.00757031131570139));
#3067=CARTESIAN_POINT('',(-0.00545215203808555,-0.00564285142591547,0.00718299556080286));
#3068=CARTESIAN_POINT('',(-0.00554480978821127,-0.0067124552160906,0.00691772333476417));
#3069=CARTESIAN_POINT('',(-0.00546532776705403,-0.00743925271815451,0.00680147862561512));
#3070=CARTESIAN_POINT('',(-0.00538872405982529,-0.00779972273966465,0.00675574156321927));
#3071=CARTESIAN_POINT('',(-0.00538756420041976,-0.00780514746406646,0.00675505757679112));
#3072=CARTESIAN_POINT('',(-0.00538639896873301,-0.00781055456095506,0.00675437404557164));
#3073=CARTESIAN_POINT('',(0.00538826326657267,-0.00780183339653867,0.00667909334010374));
#3074=CARTESIAN_POINT('',(0.00538941992564469,-0.00779642255835272,0.00667978272661008));
#3075=CARTESIAN_POINT('',(0.00539056804191162,-0.00779101047697961,0.00668047237021831));
#3076=CARTESIAN_POINT('',(0.0054668989910008,-0.00742872990208842,0.00672662078472266));
#3077=CARTESIAN_POINT('',(0.00554514721732268,-0.00670095391820176,0.00684358008917173));
#3078=CARTESIAN_POINT('',(0.00544958795985764,-0.00562751856506921,0.00711187837339495));
#3079=CARTESIAN_POINT('',(0.00515327799612336,-0.00461153014389836,0.00750714003303884));
#3080=CARTESIAN_POINT('',(0.00470699167750196,-0.00373473727892419,0.00804154715502977));
#3081=CARTESIAN_POINT('',(0.00416524048790039,-0.00300909422420365,0.00873818684512099));
#3082=CARTESIAN_POINT('',(0.00359388983047996,-0.00245164622154155,0.00953998881640392));
#3083=CARTESIAN_POINT('',(0.00297721643784022,-0.0019884118440136,0.0103735018128257));
#3084=CARTESIAN_POINT('',(0.0021450205441574,-0.00153961342114252,0.011013202822292));
#3085=CARTESIAN_POINT('',(0.00110601518066197,-0.00121384130477213,0.0113007429849305));
#3086=CARTESIAN_POINT('',(3.18460775175872E-6,-0.00110360508679103,0.011379560163716));
#3087=CARTESIAN_POINT('',(-0.00109974228198525,-0.00121259431548487,0.0113016902543095));
#3088=CARTESIAN_POINT('',(-0.00213929687229004,-0.00153689475828409,0.0110162176399472));
#3089=CARTESIAN_POINT('',(-0.00297579407835015,-0.00198752054261103,0.0103757290439734));
#3090=CARTESIAN_POINT('',(-0.00359000749963186,-0.00244784016864937,0.00954522197473906));
#3091=CARTESIAN_POINT('',(-0.0041654520670085,-0.00300961019487139,0.0087380636492378));
#3092=CARTESIAN_POINT('',(-0.00470426105577184,-0.003729941801686,0.00804492310677419));
#3093=CARTESIAN_POINT('',(-0.00515245355638426,-0.00460973060172633,0.00750803547806729));
#3094=CARTESIAN_POINT('',(-0.00544880435586312,-0.00562251994911997,0.00711332701397855));
#3095=CARTESIAN_POINT('',(-0.00554537170675496,-0.00669819616683329,0.00684403636837029));
#3096=CARTESIAN_POINT('',(-0.00546690453832948,-0.00742891308691483,0.00672657961509042));
#3097=CARTESIAN_POINT('',(-0.00539056798138975,-0.00779100857915189,0.00668047279754995));
#3098=CARTESIAN_POINT('',(-0.00538941992564418,-0.00779642255835516,0.00667978272660977));
#3099=CARTESIAN_POINT('',(-0.00538826326656994,-0.00780183339655149,0.0066790933401021));
#3100=CARTESIAN_POINT('',(-1.51930273028203E-20,-0.00665000009909272,0.00597899448539448));
#3101=CARTESIAN_POINT('',(0.0011434951442376,5.63884070575423E-5,0.011662171831853));
#3102=CARTESIAN_POINT('',(0.00144097562894356,5.66550464072744E-6,0.0116471770587499));
#3103=CARTESIAN_POINT('',(0.00184458697872648,-9.2457552186759E-5,0.0116154674528151));
#3104=CARTESIAN_POINT('',(0.00231981316782792,-0.000251952181365056,0.0115488456321924));
#3105=CARTESIAN_POINT('',(0.00260052548533093,-0.000359824154211201,0.0114985230006691));
#3106=CARTESIAN_POINT('',(0.00298695996655102,-0.000533462153034312,0.0114005844752288));
#3107=CARTESIAN_POINT('',(0.00338401727247456,-0.000740592939332158,0.0112609752949915));
#3108=CARTESIAN_POINT('',(0.00380710979261469,-0.00100452997220295,0.0110286069745985));
#3109=CARTESIAN_POINT('',(0.00408182322857304,-0.00120603500396652,0.0107918156612855));
#3110=CARTESIAN_POINT('',(0.00423914042523105,-0.00132812447864513,0.0106343043894275));
#3111=CARTESIAN_POINT('',(0.00436735832616715,-0.00143316830876109,0.0104889153678673));
#3112=CARTESIAN_POINT('',(0.00444321900976088,-0.00149785730743404,0.0103947002596831));
#3113=CARTESIAN_POINT('',(0.00454202800847838,-0.00158441601334526,0.0102660215430379));
#3114=CARTESIAN_POINT('',(0.00462870108261606,-0.00166385560499718,0.0101453552297734));
#3115=CARTESIAN_POINT('',(0.00469707463603841,-0.00172827696779554,0.0100468950120667));
#3116=CARTESIAN_POINT('',(0.00476335067008172,-0.00179252215337567,0.00994834126230533));
#3117=CARTESIAN_POINT('',(0.00477935662409749,-0.00180840324318656,0.00992388509708194));
#3118=CARTESIAN_POINT('',(0.00483495062770738,-0.00186348809715018,0.00983933111882182));
#3119=CARTESIAN_POINT('',(0.00493861872765309,-0.00196986441240012,0.0096777884261541));
#3120=CARTESIAN_POINT('',(0.00503885345769354,-0.00207869554636058,0.00951769755528308));
#3121=CARTESIAN_POINT('',(0.00510101336998383,-0.00214800233637648,0.00941778051747721));
#3122=CARTESIAN_POINT('',(0.00520257237504248,-0.00226541609407029,0.00925546894956437));
#3123=CARTESIAN_POINT('',(0.00531685798205803,-0.00240430791113724,0.00907515736225639));
#3124=CARTESIAN_POINT('',(0.00544205221613375,-0.0025643414693201,0.00888140454951218));
#3125=CARTESIAN_POINT('',(0.00561996422020414,-0.00281191340621836,0.00861860434121004));
#3126=CARTESIAN_POINT('',(0.00583841505218302,-0.00314755420954372,0.00830895097070702));
#3127=CARTESIAN_POINT('',(0.00609861236026793,-0.00361139594662118,0.00796025049109154));
#3128=CARTESIAN_POINT('',(0.00632181325153841,-0.00411871126465493,0.00767537739862087));
#3129=CARTESIAN_POINT('',(0.00647859683036291,-0.00456180859454272,0.00747209946234381));
#3130=CARTESIAN_POINT('',(0.00658748692854081,-0.00493838975141428,0.0073249772464733));
#3131=CARTESIAN_POINT('',(0.00665793332494086,-0.00523986275449202,0.00722252933755232));
#3132=CARTESIAN_POINT('',(0.00674331190890594,-0.0056961521475161,0.00708402656771085));
#3133=CARTESIAN_POINT('',(0.00683357055937267,-0.00653607152333725,0.00687608871539502));
#3134=CARTESIAN_POINT('',(0.00679141229715774,-0.00734994778689498,0.00674460543028374));
#3135=CARTESIAN_POINT('',(0.00668465220103976,-0.00791437855962329,0.00667909334010209));
#3136=CARTESIAN_POINT('',(0.00668465220103976,-0.00791437855962333,0.00667909334010208));
#3137=CARTESIAN_POINT('',(-1.51930273028203E-20,-0.00665000009909272,0.00667909334010209));
#3138=CARTESIAN_POINT('',(0.00417233798563537,-0.0120235300072578,0.00667909334010209));
#3139=CARTESIAN_POINT('',(0.00417233798563534,-0.0120235300072577,0.00667909334010209));
#3140=CARTESIAN_POINT('',(0.00392091525595608,-0.0122187500252758,0.00667909334010209));
#3141=CARTESIAN_POINT('',(0.00340035431398692,-0.0125560488966404,0.00643705915464422));
#3142=CARTESIAN_POINT('',(0.00316316043170826,-0.0126730926639049,0.00584042772662261));
#3143=CARTESIAN_POINT('',(0.00316303305054155,-0.0126731595575083,0.00553909334010209));
#3144=CARTESIAN_POINT('',(0.00316303305054154,-0.0126731595575083,0.00553909334010209));
#3145=CARTESIAN_POINT('',(0.00316303305054154,-0.0126731595575083,0.00597899448539448));
#3146=CARTESIAN_POINT('',(0.00316303305054154,-0.0126731595575083,0.001425));
#3147=CARTESIAN_POINT('',(0.00316303305054155,-0.0126731595575083,0.001425));
#3148=CARTESIAN_POINT('',(0.00316317366865273,-0.0126730857125875,0.00112623319591833));
#3149=CARTESIAN_POINT('',(0.00340030269318845,-0.0125562315828437,0.000526274870885572));
#3150=CARTESIAN_POINT('',(0.00392258067857529,-0.0122174568890739,0.000285000000000001));
#3151=CARTESIAN_POINT('',(0.00417233798563534,-0.0120235300072577,0.000285000000000001));
#3152=CARTESIAN_POINT('',(0.00417233798563536,-0.0120235300072578,0.000285));
#3153=CARTESIAN_POINT('',(-1.51930273028203E-20,-0.00665000009909272,0.000285));
#3154=CARTESIAN_POINT('',(-1.51930273028203E-20,-0.00665000009909272,0.000285));
#3155=CARTESIAN_POINT('',(0.00417233798563538,-0.0120235300072577,0.000285));
#3156=CARTESIAN_POINT('',(0.00417233798563538,-0.0120235300072577,0.000135774348954478));
#3157=CARTESIAN_POINT('',(0.00408906859422319,-0.0119162878407006,-1.01963657893785E-17));
#3158=CARTESIAN_POINT('',(0.00399754961997415,-0.0117984210842238,0.));
#3159=CARTESIAN_POINT('',(0.00417233798563536,-0.0120235300072578,0.000285));
#3160=CARTESIAN_POINT('',(0.00396021294751707,-0.0121882368888367,0.000285));
#3161=CARTESIAN_POINT('',(0.00343570550009583,-0.0125385014650565,0.000488004702472502));
#3162=CARTESIAN_POINT('',(0.00316303305054154,-0.0126731595575083,0.00108191857823937));
#3163=CARTESIAN_POINT('',(0.00316303305054154,-0.0126731595575083,0.001425));
#3164=CARTESIAN_POINT('',(0.00417233798563536,-0.0120235300072578,0.000210387174477242));
#3165=CARTESIAN_POINT('',(0.00394755045231033,-0.0121981632340757,0.000208077529972707));
#3166=CARTESIAN_POINT('',(0.00338576151749638,-0.0125699902162031,0.00042311157466695));
#3167=CARTESIAN_POINT('',(0.00309513561288356,-0.0127088155684179,0.00105876864450429));
#3168=CARTESIAN_POINT('',(0.00309513561288356,-0.0127088155684179,0.001425));
#3169=CARTESIAN_POINT('',(0.00413448330076601,-0.0119747771780263,6.17237031020557E-5));
#3170=CARTESIAN_POINT('',(0.00388398566252376,-0.0121641973384566,5.50025472753646E-5));
#3171=CARTESIAN_POINT('',(0.00325159264227317,-0.0125718960214401,0.000294230638872636));
#3172=CARTESIAN_POINT('',(0.00292951042221938,-0.0127219209130857,0.00101292396823429));
#3173=CARTESIAN_POINT('',(0.00292951042221938,-0.0127219209130857,0.001425));
#3174=CARTESIAN_POINT('',(0.00404330910709867,-0.0118573544624622,-8.35467294494366E-19));
#3175=CARTESIAN_POINT('',(0.00378223920486293,-0.012045578532074,-3.67389457282041E-6));
#3176=CARTESIAN_POINT('',(0.00313452836774112,-0.0124532247598439,0.000248101835363336));
#3177=CARTESIAN_POINT('',(0.00280530413887458,-0.0126115748528068,0.000994934336166486));
#3178=CARTESIAN_POINT('',(0.00280530413887458,-0.0126115748528068,0.001425));
#3179=CARTESIAN_POINT('',(0.00399754961997415,-0.0117984210842238,-9.22872889219661E-19));
#3180=CARTESIAN_POINT('',(0.00373751343923415,-0.0119829549205173,-7.7548340032119E-19));
#3181=CARTESIAN_POINT('',(0.00309979877743404,-0.0123821570169409,0.00025375587809063));
#3182=CARTESIAN_POINT('',(0.00277265096662287,-0.0125421833295752,0.000996148222799203));
#3183=CARTESIAN_POINT('',(0.00277265096662287,-0.0125421833295752,0.001425));
#3184=CARTESIAN_POINT('',(0.00277265096662286,-0.0125421833295752,0.001425));
#3185=CARTESIAN_POINT('',(0.00283795731112627,-0.0126809663760384,0.001425));
#3186=CARTESIAN_POINT('',(0.00302723817522558,-0.0127444715793275,0.001425));
#3187=CARTESIAN_POINT('',(0.00316303305054156,-0.0126731595575083,0.001425));
#3188=CARTESIAN_POINT('',(0.00303052667657568,-0.0124208362314792,0.00597899448539448));
#3189=CARTESIAN_POINT('',(0.00316303305054156,-0.0126731595575083,0.00553909334010209));
#3190=CARTESIAN_POINT('',(0.00302723817522558,-0.0127444715793275,0.00553909334010209));
#3191=CARTESIAN_POINT('',(0.00283795731112627,-0.0126809663760384,0.00553909334010209));
#3192=CARTESIAN_POINT('',(0.00277265096662286,-0.0125421833295752,0.00553909334010209));
#3193=CARTESIAN_POINT('',(0.00316303305054154,-0.0126731595575083,0.00553909334010209));
#3194=CARTESIAN_POINT('',(0.00316303305054154,-0.0126731595575083,0.00579640352851386));
#3195=CARTESIAN_POINT('',(0.00330437841099596,-0.0126022794373774,0.00622382262152422));
#3196=CARTESIAN_POINT('',(0.0037390322348891,-0.0123411586416607,0.00660371362116495));
#3197=CARTESIAN_POINT('',(0.00403092177605011,-0.0121333342203394,0.00667909334010209));
#3198=CARTESIAN_POINT('',(0.00417233798563536,-0.0120235300072578,0.00667909334010209));
#3199=CARTESIAN_POINT('',(0.00309513561288356,-0.0127088155684179,0.00553909334010209));
#3200=CARTESIAN_POINT('',(0.00309513561288356,-0.0127088155684179,0.00581376591957696));
#3201=CARTESIAN_POINT('',(0.0032453639360666,-0.0126358479030447,0.00627039845418819));
#3202=CARTESIAN_POINT('',(0.00371093004760013,-0.0123607567480294,0.00667700370959374));
#3203=CARTESIAN_POINT('',(0.00402248014138069,-0.0121399517612539,0.00675524592337442));
#3204=CARTESIAN_POINT('',(0.00417233798563536,-0.0120235300072578,0.00675370616562485));
#3205=CARTESIAN_POINT('',(0.00292952161295396,-0.0127218875584659,0.00553909334010209));
#3206=CARTESIAN_POINT('',(0.00292952161295396,-0.0127218875584659,0.00584814930946784));
#3207=CARTESIAN_POINT('',(0.0030957256495676,-0.0126430726355044,0.00636310971854564));
#3208=CARTESIAN_POINT('',(0.00361755497211575,-0.0123425294517022,0.00682253879575206));
#3209=CARTESIAN_POINT('',(0.00396747169227644,-0.012101039142018,0.00690682796777706));
#3210=CARTESIAN_POINT('',(0.00413446954799646,-0.0119747594659141,0.00690234721251368));
#3211=CARTESIAN_POINT('',(0.00280530413887458,-0.0126115748528068,0.00553909334010209));
#3212=CARTESIAN_POINT('',(0.00280530413887458,-0.0126115748528068,0.00586164148748513));
#3213=CARTESIAN_POINT('',(0.0029753908279805,-0.0125286176500949,0.0063977411922426));
#3214=CARTESIAN_POINT('',(0.0035089385079126,-0.0122230828890201,0.00687563567991822));
#3215=CARTESIAN_POINT('',(0.00386926309943034,-0.0119828367474077,0.0069665425947941));
#3216=CARTESIAN_POINT('',(0.00404330910709867,-0.0118573544624622,0.00696409334010209));
#3217=CARTESIAN_POINT('',(0.00277265096662287,-0.0125421833295752,0.00553909334010209));
#3218=CARTESIAN_POINT('',(0.00277265096662287,-0.0125421833295752,0.0058607310756168));
#3219=CARTESIAN_POINT('',(0.0029423341643141,-0.0124581514222766,0.00639500494187975));
#3220=CARTESIAN_POINT('',(0.00346811261968085,-0.0121565212346603,0.00686986869143066));
#3221=CARTESIAN_POINT('',(0.00382419275761838,-0.0119214432220174,0.00696409334010209));
#3222=CARTESIAN_POINT('',(0.00399754961997415,-0.0117984210842238,0.00696409334010209));
#3223=CARTESIAN_POINT('',(0.00399754961997416,-0.0117984210842238,0.00696409334010209));
#3224=CARTESIAN_POINT('',(0.0040890685942232,-0.0119162878407006,0.0069640933401021));
#3225=CARTESIAN_POINT('',(0.00417233798563539,-0.0120235300072577,0.00682831899114761));
#3226=CARTESIAN_POINT('',(0.00417233798563539,-0.0120235300072577,0.00667909334010209));
#3227=CARTESIAN_POINT('',(-1.51930273028203E-20,-0.00665000009909272,0.00667909334010209));
#3228=CARTESIAN_POINT('',(0.00668465220103975,-0.0079143785596233,0.00667909334010208));
#3229=CARTESIAN_POINT('',(0.00668411681289753,-0.00791720910730746,0.00672765980946977));
#3230=CARTESIAN_POINT('',(0.00665589582506873,-0.00791693671671652,0.00681337716970807));
#3231=CARTESIAN_POINT('',(0.00659651646302714,-0.00791110624228752,0.00690038956011287));
#3232=CARTESIAN_POINT('',(0.00647395836172504,-0.00789165029946493,0.00696251445148354));
#3233=CARTESIAN_POINT('',(0.00640771403066133,-0.00787921414516191,0.00696402207082706));
#3234=CARTESIAN_POINT('',(0.000506704983320106,-0.000227224535148067,0.011957988970789));
#3235=CARTESIAN_POINT('',(0.000919217917467734,-0.000263103467630896,0.0119481071143187));
#3236=CARTESIAN_POINT('',(0.00173564727774284,-0.000420282025666588,0.0119062053050227));
#3237=CARTESIAN_POINT('',(0.00270801554801809,-0.000842263404744029,0.0117236391326886));
#3238=CARTESIAN_POINT('',(0.0033903860645279,-0.00126462688931804,0.0114062591266289));
#3239=CARTESIAN_POINT('',(0.00399539983945577,-0.00171242451760521,0.0109400963870511));
#3240=CARTESIAN_POINT('',(0.00454229162447955,-0.00220237592887113,0.0101571491140006));
#3241=CARTESIAN_POINT('',(0.00508359351208696,-0.00277120049154515,0.00924175519963219));
#3242=CARTESIAN_POINT('',(0.00562970190855405,-0.00349756483423008,0.00846507984185953));
#3243=CARTESIAN_POINT('',(0.00610952818936266,-0.00441425262399897,0.00786290157521902));
#3244=CARTESIAN_POINT('',(0.00643582991838233,-0.00549280546700421,0.00743250804815767));
#3245=CARTESIAN_POINT('',(0.00655685717395053,-0.00667646832028857,0.00713628608531433));
#3246=CARTESIAN_POINT('',(0.00648301433002441,-0.0074805904542164,0.00701236367093357));
#3247=CARTESIAN_POINT('',(0.00640676278402297,-0.00788424933366336,0.00696340977416934));
#3248=CARTESIAN_POINT('',(0.0064056939063072,-0.00788999511886135,0.00696271422855202));
#3249=CARTESIAN_POINT('',(0.00640461749693477,-0.00789568599584571,0.00696202482171044));
#3250=CARTESIAN_POINT('',(0.000510728245873614,-0.000179264613550303,0.0119711982005167));
#3251=CARTESIAN_POINT('',(0.000926558736796222,-0.000215263549672278,0.0119619828529443));
#3252=CARTESIAN_POINT('',(0.00174972814143217,-0.000372829315193422,0.0119229169744075));
#3253=CARTESIAN_POINT('',(0.00273352194980528,-0.000798733318117019,0.0117490197825134));
#3254=CARTESIAN_POINT('',(0.00342777543109207,-0.00123012556007061,0.0114376976444773));
#3255=CARTESIAN_POINT('',(0.00404492816714359,-0.00169053119050867,0.0109715176889519));
#3256=CARTESIAN_POINT('',(0.0045971402200684,-0.0021893186525102,0.0101806945335879));
#3257=CARTESIAN_POINT('',(0.00513456156561741,-0.00275587680415039,0.00926219496703628));
#3258=CARTESIAN_POINT('',(0.00567653588000564,-0.0034805695976165,0.00847879648685085));
#3259=CARTESIAN_POINT('',(0.00615383123283821,-0.00440009867294913,0.00786945158584348));
#3260=CARTESIAN_POINT('',(0.00647929735572264,-0.00548507307075168,0.0074345596100405));
#3261=CARTESIAN_POINT('',(0.00659959748686319,-0.00667624206525868,0.00713608931720898));
#3262=CARTESIAN_POINT('',(0.00652493370776039,-0.00748559769450726,0.00701160153825413));
#3263=CARTESIAN_POINT('',(0.00644809023785914,-0.00789187861711099,0.00696248710450444));
#3264=CARTESIAN_POINT('',(0.00644701082242408,-0.00789765955682718,0.00696178574977485));
#3265=CARTESIAN_POINT('',(0.00644592475820897,-0.00790338611599815,0.00696109201020727));
#3266=CARTESIAN_POINT('',(0.000518751584090622,-7.64913543107299E-5,0.0119716536666514));
#3267=CARTESIAN_POINT('',(0.0009412013490693,-0.000112284439779399,0.0119635118015876));
#3268=CARTESIAN_POINT('',(0.00177778840052413,-0.000268865792373991,0.0119289716622228));
#3269=CARTESIAN_POINT('',(0.00278430265129468,-0.000695430640840415,0.011770138090253));
#3270=CARTESIAN_POINT('',(0.00350219509265024,-0.00113592743255992,0.0114716233045771));
#3271=CARTESIAN_POINT('',(0.00414349088057273,-0.00161315855383277,0.0110093560828743));
#3272=CARTESIAN_POINT('',(0.00470629752415186,-0.002127883913074,0.0102079762782236));
#3273=CARTESIAN_POINT('',(0.00523607273782535,-0.0026972769184426,0.00928147094405038));
#3274=CARTESIAN_POINT('',(0.00576990083366057,-0.00342854420219489,0.00848373455732846));
#3275=CARTESIAN_POINT('',(0.00624222487830339,-0.00436152211932131,0.00786123897656248));
#3276=CARTESIAN_POINT('',(0.00656605727005188,-0.0054635634200237,0.00741879629595561));
#3277=CARTESIAN_POINT('',(0.00668493149427518,-0.00667212187620086,0.00711664999096194));
#3278=CARTESIAN_POINT('',(0.00660863609380231,-0.00749292588282547,0.00699122515063258));
#3279=CARTESIAN_POINT('',(0.00653061218001298,-0.00790483806278436,0.00694183770940887));
#3280=CARTESIAN_POINT('',(0.00652951174374945,-0.00791068591189503,0.00694112873739108));
#3281=CARTESIAN_POINT('',(0.00652840642133466,-0.0079164840596744,0.00694042895876621));
#3282=CARTESIAN_POINT('',(0.000529068482670526,8.05218244440017E-5,0.0118819741446582));
#3283=CARTESIAN_POINT('',(0.000959955673348067,4.59306472459568E-5,0.0118743238676756));
#3284=CARTESIAN_POINT('',(0.00181359468195321,-0.000105511381041716,0.011841757647162));
#3285=CARTESIAN_POINT('',(0.00284482889049953,-0.000515871667134535,0.0116926823603218));
#3286=CARTESIAN_POINT('',(0.00358455982780112,-0.000943109954327498,0.0114088706897714));
#3287=CARTESIAN_POINT('',(0.0042468655319789,-0.00141410611366073,0.0109624461889585));
#3288=CARTESIAN_POINT('',(0.0048221639747807,-0.00193817815035057,0.0101684901007558));
#3289=CARTESIAN_POINT('',(0.00535342890532541,-0.00253167108369682,0.00922912375047748));
#3290=CARTESIAN_POINT('',(0.00588749599721259,-0.00329932042308239,0.00841233149534359));
#3291=CARTESIAN_POINT('',(0.00636088415013377,-0.00427333920640805,0.00777629360680908));
#3292=CARTESIAN_POINT('',(0.00668645979038689,-0.00541218961860319,0.00732778985674306));
#3293=CARTESIAN_POINT('',(0.00680532605131125,-0.00665339341956498,0.00702291402703121));
#3294=CARTESIAN_POINT('',(0.00672715705417406,-0.00749400191283378,0.0068967257398085));
#3295=CARTESIAN_POINT('',(0.00664759331335412,-0.00791529033089478,0.00684708577217406));
#3296=CARTESIAN_POINT('',(0.00664646809485612,-0.00792122199928411,0.00684637851198854));
#3297=CARTESIAN_POINT('',(0.00664533918343344,-0.00792712315153043,0.00684567829174659));
#3298=CARTESIAN_POINT('',(0.000530457715278629,0.000132465906759967,0.0117580652054746));
#3299=CARTESIAN_POINT('',(0.00096243641483821,9.86963680690341E-5,0.0117496755497465));
#3300=CARTESIAN_POINT('',(0.00181757661929921,-4.95286602320388E-5,0.011713790132849));
#3301=CARTESIAN_POINT('',(0.0028432289369558,-0.000444588670587644,0.0115573507137684));
#3302=CARTESIAN_POINT('',(0.00357066654135541,-0.00084790405515399,0.0112749527783646));
#3303=CARTESIAN_POINT('',(0.00421839227820222,-0.00129012955706528,0.0108438013098301));
#3304=CARTESIAN_POINT('',(0.00479307725587006,-0.00179875461435748,0.0100753324156459));
#3305=CARTESIAN_POINT('',(0.00534420910446649,-0.00240931013944979,0.00913062786374373));
#3306=CARTESIAN_POINT('',(0.00589833470453986,-0.00320613663111472,0.0083077285772661));
#3307=CARTESIAN_POINT('',(0.00638668837795602,-0.00421057855430847,0.00767024608079444));
#3308=CARTESIAN_POINT('',(0.00672036802426097,-0.0053729762249459,0.00722287446243696));
#3309=CARTESIAN_POINT('',(0.00684318037461931,-0.00663291401868337,0.00691881142565518));
#3310=CARTESIAN_POINT('',(0.00676532679962426,-0.00748390457721486,0.00679273470530201));
#3311=CARTESIAN_POINT('',(0.00668552133251808,-0.00790981582281714,0.00674308447884382));
#3312=CARTESIAN_POINT('',(0.00668439710195863,-0.00791576334832476,0.00674238870856697));
#3313=CARTESIAN_POINT('',(0.00668326730958941,-0.00792170035287646,0.00674169517727889));
#3314=CARTESIAN_POINT('',(0.000528860089404189,0.000132590478714163,0.0116832201179023));
#3315=CARTESIAN_POINT('',(0.000959409688115908,9.90191615816406E-5,0.0116743611772794));
#3316=CARTESIAN_POINT('',(0.00181153650486468,-4.83879066434119E-5,0.011636475390881));
#3317=CARTESIAN_POINT('',(0.00282642048524719,-0.00043779824977408,0.0114753303478025));
#3318=CARTESIAN_POINT('',(0.00353862688590969,-0.000829204411962813,0.0111934163086878));
#3319=CARTESIAN_POINT('',(0.00417009420837921,-0.00125436207751497,0.0107713353249717));
#3320=CARTESIAN_POINT('',(0.00474089822223945,-0.00174853767240411,0.0100186208766637));
#3321=CARTESIAN_POINT('',(0.00530586792669932,-0.002360884497974,0.00907085594653388));
#3322=CARTESIAN_POINT('',(0.00587585429921839,-0.00316646251574471,0.00824453147734078));
#3323=CARTESIAN_POINT('',(0.0063766604450435,-0.00418231132588605,0.00760631914293371));
#3324=CARTESIAN_POINT('',(0.0067172293505462,-0.00535368368756945,0.00715971851347799));
#3325=CARTESIAN_POINT('',(0.00684354838688317,-0.00662058355873601,0.00685614559973456));
#3326=CARTESIAN_POINT('',(0.00676647684757301,-0.00747517027338484,0.00673012805354467));
#3327=CARTESIAN_POINT('',(0.00668689128839554,-0.00790250062290683,0.00668047143370547));
#3328=CARTESIAN_POINT('',(0.00668577567520257,-0.00790843885543684,0.00667978274694367));
#3329=CARTESIAN_POINT('',(0.00668465220103976,-0.00791437855962333,0.00667909334010208));
#3330=CARTESIAN_POINT('',(0.000528822811467119,0.000132593385393094,0.0116814737325257));
#3331=CARTESIAN_POINT('',(0.000959339064492386,9.9026693430268E-5,0.0116726038419218));
#3332=CARTESIAN_POINT('',(0.00181139556886121,-4.83612890596773E-5,0.0116346713802351));
#3333=CARTESIAN_POINT('',(0.00282602828804066,-0.000437639806621763,0.0114734165392633));
#3334=CARTESIAN_POINT('',(0.00353787929394928,-0.000828768086955019,0.0111915137910621));
#3335=CARTESIAN_POINT('',(0.00416896725341668,-0.00125352750299212,0.0107696444519916));
#3336=CARTESIAN_POINT('',(0.00473968071145473,-0.00174736594375853,0.0100172976074208));
#3337=CARTESIAN_POINT('',(0.00530497329921808,-0.00235975456633956,0.00906946126846565));
#3338=CARTESIAN_POINT('',(0.00587532975642756,-0.00316553678638608,0.00824305687834253));
#3339=CARTESIAN_POINT('',(0.00637642645994221,-0.00418165175722287,0.00760482751438362));
#3340=CARTESIAN_POINT('',(0.00671715611482619,-0.005353233528364,0.00715824487466895));
#3341=CARTESIAN_POINT('',(0.006843556973836,-0.0066202958480039,0.00685468339712974));
#3342=CARTESIAN_POINT('',(0.00676650368202515,-0.00747496647296214,0.00672866723167033));
#3343=CARTESIAN_POINT('',(0.00668692325403269,-0.00790232993490893,0.00667901046265224));
#3344=CARTESIAN_POINT('',(0.00668580784191159,-0.00790826795060279,0.00667832194117246));
#3345=CARTESIAN_POINT('',(0.0066846845151736,-0.00791420771778075,0.00667763263056796));
#3346=CARTESIAN_POINT('',(0.000528785533530049,0.000132596292072025,0.011679727347149));
#3347=CARTESIAN_POINT('',(0.000959268440868867,9.90342252788955E-5,0.0116708465065643));
#3348=CARTESIAN_POINT('',(0.00181125463285773,-4.83346714759426E-5,0.0116328673695892));
#3349=CARTESIAN_POINT('',(0.00282563609083412,-0.000437481363469446,0.0114715027307241));
#3350=CARTESIAN_POINT('',(0.00353713170198889,-0.000828331761947225,0.0111896112734363));
#3351=CARTESIAN_POINT('',(0.00416784029845414,-0.00125269292846928,0.0107679535790116));
#3352=CARTESIAN_POINT('',(0.00473846320067002,-0.00174619421511296,0.0100159743381779));
#3353=CARTESIAN_POINT('',(0.00530407867173685,-0.00235862463470512,0.00906806659039741));
#3354=CARTESIAN_POINT('',(0.00587480521363673,-0.00316461105702745,0.00824158227934427));
#3355=CARTESIAN_POINT('',(0.00637619247484091,-0.00418099218855967,0.00760333588583354));
#3356=CARTESIAN_POINT('',(0.00671708287910618,-0.00535278336915855,0.0071567712358599));
#3357=CARTESIAN_POINT('',(0.00684356556078882,-0.0066200081372718,0.00685322119452493));
#3358=CARTESIAN_POINT('',(0.00676653051647729,-0.00747476267253945,0.00672720640979599));
#3359=CARTESIAN_POINT('',(0.00668695521966982,-0.00790215924691102,0.00667754949159902));
#3360=CARTESIAN_POINT('',(0.00668584000862062,-0.00790809704576873,0.00667686113540124));
#3361=CARTESIAN_POINT('',(0.00668471682930744,-0.00791403687593818,0.00667617192103383));
#3362=CARTESIAN_POINT('',(0.000528748255592979,0.000132599198750957,0.0116779809617723));
#3363=CARTESIAN_POINT('',(0.000959197817245348,9.90417571275231E-5,0.0116690891712067));
#3364=CARTESIAN_POINT('',(0.00181111369685426,-4.8308053892208E-5,0.0116310633589433));
#3365=CARTESIAN_POINT('',(0.00282524389362759,-0.00043732292031713,0.0114695889221849));
#3366=CARTESIAN_POINT('',(0.00353638411002848,-0.00082789543693943,0.0111877087558105));
#3367=CARTESIAN_POINT('',(0.00416671334349161,-0.00125185835394644,0.0107662627060316));
#3368=CARTESIAN_POINT('',(0.0047372456898853,-0.00174502248646738,0.010014651068935));
#3369=CARTESIAN_POINT('',(0.00530318404425562,-0.00235749470307069,0.00906667191232919));
#3370=CARTESIAN_POINT('',(0.00587428067084589,-0.00316368532766881,0.00824010768034601));
#3371=CARTESIAN_POINT('',(0.00637595848973963,-0.00418033261989648,0.00760184425728346));
#3372=CARTESIAN_POINT('',(0.00671700964338617,-0.0053523332099531,0.00715529759705086));
#3373=CARTESIAN_POINT('',(0.00684357414774165,-0.00661972042653969,0.00685175899192012));
#3374=CARTESIAN_POINT('',(0.00676655735092942,-0.00747455887211674,0.00672574558792166));
#3375=CARTESIAN_POINT('',(0.00668698718530696,-0.0079019885589131,0.00667608852054578));
#3376=CARTESIAN_POINT('',(0.00668587217532964,-0.00790792614093469,0.00667540032963004));
#3377=CARTESIAN_POINT('',(0.00668474914344128,-0.0079138660340956,0.00667471121149971));
#3378=CARTESIAN_POINT('',(0.00155,0.00659806357313087,0.00387903477430995));
#3379=CARTESIAN_POINT('',(-2.32667381431623E-6,0.00696050449620665,0.00295798897078896));
#3380=CARTESIAN_POINT('',(-0.00100515327453006,0.00696050449620665,0.00295798897078896));
#3381=CARTESIAN_POINT('',(0.00155,0.00696050449620665,0.00295798897078896));
#3382=CARTESIAN_POINT('',(0.00155,0.00696050449620665,0.00147899448539448));
#3383=CARTESIAN_POINT('',(-0.000999500073098576,0.00696050449620665,0.00147899448539448));
#3384=CARTESIAN_POINT('',(-0.000999500073098576,0.00696050449620665,0.00285165740039258));
#3385=CARTESIAN_POINT('',(-2.32667381431623E-6,0.00696050449620665,0.00295798897078896));
#3386=CARTESIAN_POINT('',(0.00155,0.00908562265005509,0.00995798897078896));
#3387=CARTESIAN_POINT('',(-0.00155,0.00908562265005509,0.00995798897078896));
#3388=CARTESIAN_POINT('',(-0.00155,0.00993562265005509,0.00995798897078896));
#3389=CARTESIAN_POINT('',(-0.00155,0.00823562265005509,0.00995798897078896));
#3390=CARTESIAN_POINT('',(0.00155,0.00993562265005509,0.00995798897078896));
#3391=CARTESIAN_POINT('',(0.00155,0.00993562265005509,0.00995798897078896));
#3392=CARTESIAN_POINT('',(0.00155,0.00908562265005509,0.00995798897078896));
#3393=CARTESIAN_POINT('',(0.00155,0.00823562265005509,0.00995798897078896));
#3394=CARTESIAN_POINT('',(0.00155,0.00823562265005509,0.00995798897078896));
#3395=CARTESIAN_POINT('',(0.00155,0.00993562265005509,0.00745798897078896));
#3396=CARTESIAN_POINT('',(-0.00155,0.00993562265005509,0.00745798897078896));
#3397=CARTESIAN_POINT('',(-0.00155,0.00993562265005509,0.00495798897078896));
#3398=CARTESIAN_POINT('',(0.00155,0.00993562265005509,0.00495798897078896));
#3399=CARTESIAN_POINT('',(0.00155,0.00993562265005509,0.00495798897078896));
#3400=CARTESIAN_POINT('',(0.00155,0.00993562265005509,0.00745798897078896));
#3401=CARTESIAN_POINT('',(0.00155,0.00908562265005509,0.00495798897078896));
#3402=CARTESIAN_POINT('',(0.,0.00294499993417412,0.00495798897078896));
#3403=CARTESIAN_POINT('',(0.000235995290708137,0.00823562265005509,0.00495798897078896));
#3404=CARTESIAN_POINT('',(-0.000235995290708137,0.00823562265005509,0.00495798897078896));
#3405=CARTESIAN_POINT('',(0.00155,0.00823562265005509,0.00495798897078896));
#3406=CARTESIAN_POINT('',(0.00155,0.00823562265005509,0.00495798897078896));
#3407=CARTESIAN_POINT('',(0.00155,0.00908562265005509,0.00495798897078896));
#3408=CARTESIAN_POINT('',(-0.00155,0.00908562265005509,0.00495798897078896));
#3409=CARTESIAN_POINT('',(-0.00155,0.00823562265005509,0.00495798897078896));
#3410=CARTESIAN_POINT('',(0.00155,0.00823562265005509,0.00495798897078896));
#3411=CARTESIAN_POINT('',(0.00155,0.00978542357313087,0.00147899448539448));
#3412=CARTESIAN_POINT('',(-2.32667381431623E-6,0.0119356226500551,0.00295798897078896));
#3413=CARTESIAN_POINT('',(-0.000999500073098576,0.011781035160533,0.00285165740039259));
#3414=CARTESIAN_POINT('',(-0.00100515327453006,0.0119356226500551,0.00295798897078896));
#3415=CARTESIAN_POINT('',(-0.000999500073098576,0.00978542357313087,0.00147899448539448));
#3416=CARTESIAN_POINT('',(-0.00155,0.00978542357313087,0.00147899448539448));
#3417=CARTESIAN_POINT('',(-0.00155,0.0119356226500551,0.00295798897078896));
#3418=CARTESIAN_POINT('',(0.00155,0.0119356226500551,0.00295798897078896));
#3419=CARTESIAN_POINT('',(0.00155,0.0119356226500551,0.00745798897078896));
#3420=CARTESIAN_POINT('',(-2.32667381431623E-6,0.0119356226500551,0.00295798897078896));
#3421=CARTESIAN_POINT('',(-0.00155,0.0119356226500551,0.00745798897078896));
#3422=CARTESIAN_POINT('',(-0.00155,0.0119356226500551,0.011957988970789));
#3423=CARTESIAN_POINT('',(0.00155,0.0119356226500551,0.011957988970789));
#3424=CARTESIAN_POINT('',(0.00155,0.0119356226500551,0.011957988970789));
#3425=CARTESIAN_POINT('',(0.00155,0.0119356226500551,0.00745798897078896));
#3426=CARTESIAN_POINT('',(0.00155,0.00908562265005508,0.011957988970789));
#3427=CARTESIAN_POINT('',(0.00155,0.00908562265005508,0.011957988970789));
#3428=CARTESIAN_POINT('',(-0.00155,0.00908562265005508,0.011957988970789));
#3429=CARTESIAN_POINT('',(0.00155,0.00823562265005509,0.00745798897078896));
#3430=CARTESIAN_POINT('',(0.,0.00823562265005509,0.00285));
#3431=CARTESIAN_POINT('',(-0.00155,0.00823562265005509,0.00745798897078896));
#3432=CARTESIAN_POINT('',(0.00155,0.00823562265005509,0.00745798897078896));
#3433=CARTESIAN_POINT('',(0.00155,0.00767726765005509,0.00597899448539448));
#3434=CARTESIAN_POINT('',(-0.00155,0.00767726765005509,0.00597899448539448));
#3435=CARTESIAN_POINT('',(0.,0.00294499993417412,0.00285));
#3436=CARTESIAN_POINT('',(0.00100049992690142,0.0194605044962066,0.00147899448539449));
#3437=CARTESIAN_POINT('',(0.00100049992690142,0.0194605044962066,0.00295798897078896));
#3438=CARTESIAN_POINT('',(-0.000999500073098576,0.0194605044962066,0.0014258287001963));
#3439=CARTESIAN_POINT('',(-0.000999500073098576,0.0194605044962066,0.00285165740039259));
#3440=CARTESIAN_POINT('',(-2.32667381431623E-6,0.0194605044962066,0.00295798897078896));
#3441=MECHANICAL_DESIGN_GEOMETRIC_PRESENTATION_REPRESENTATION('',(#1274),
#3442);
#3442=(
GEOMETRIC_REPRESENTATION_CONTEXT(3)
GLOBAL_UNCERTAINTY_ASSIGNED_CONTEXT((#3443))
GLOBAL_UNIT_ASSIGNED_CONTEXT((#3446,#3445,#3444))
REPRESENTATION_CONTEXT('spine','TOP_LEVEL_ASSEMBLY_PART')
);
#3443=UNCERTAINTY_MEASURE_WITH_UNIT(LENGTH_MEASURE(6.28297787085786E-5),
#3446,'DISTANCE_ACCURACY_VALUE','Maximum Tolerance applied to model');
#3444=(
NAMED_UNIT(*)
SI_UNIT($,.STERADIAN.)
SOLID_ANGLE_UNIT()
);
#3445=(
NAMED_UNIT(*)
PLANE_ANGLE_UNIT()
SI_UNIT($,.RADIAN.)
);
#3446=(
LENGTH_UNIT()
NAMED_UNIT(*)
SI_UNIT($,.METRE.)
);
#3447=PRODUCT_DEFINITION_SHAPE('','',#3448);
#3448=PRODUCT_DEFINITION('','',#3450,#3449);
#3449=PRODUCT_DEFINITION_CONTEXT('',#3456,'design');
#3450=PRODUCT_DEFINITION_FORMATION_WITH_SPECIFIED_SOURCE('','',#3452,
 .NOT_KNOWN.);
#3451=PRODUCT_RELATED_PRODUCT_CATEGORY('','',(#3452));
#3452=PRODUCT('spine','spine','spine',(#3454));
#3453=PRODUCT_CATEGORY('','');
#3454=PRODUCT_CONTEXT('',#3456,'mechanical');
#3455=APPLICATION_PROTOCOL_DEFINITION('international standard',
'ap242_managed_model_based_3d_engineering',2020,#3456);
#3456=APPLICATION_CONTEXT('managed model based 3d engineering');
ENDSEC;
END-ISO-10303-21;
